frame,x_26,x_28,y_26,y_28,distance,time_seconds,X,Y,ángulo_26_28,velocidad_angular,aceleracion_angular,velocidad,aceleracion,delta_t,error_total_px_28,error_total_px_26,error_tibia_px,error_tibia,error_total_tibia_px,error_X,error_Y,error_ángulo_26_28,error_ángulo,error_tiempo,error_velocidad_angular,velocidad_angular_error_positivo,velocidad_angular_error_negativo,error_aceleracion_angular,aceleracion_angular_error_positivo,aceleracion_angular_error_negativo,ángulo_26_28_error_positivo,ángulo_26_28_error_negativo,error_velocidad,error_aceleracion,energia_cinetica,altura_cm,energia_potencial,energia_mecanica,variacion_energia_mecanica,trabajo_calorico
0,298,298,255,382,127.0,0.0,0,127,0.0138803144824996,,,,,0.02,3.0,3.0,2.0,0.005,5.0,4.242640687119285,4.242640687119285,0.0334066195836164,0.0334066195836164,0.02,,,,,,,0.047286934066116,-0.0195263051011167,,,,0.005551947513061553,0.8169690765470076,,,
1,295,295,257,382,125.0,0.0166761904761904,0,125,0.0140727020198493,0.0115366598639166,,0.0144208248298958,,0.02,3.0,3.0,2.0,0.005,5.0,4.242640687119285,4.242640687119285,0.0339411254969542,0.0339411254969542,0.02,0.3394167074503739,0.6903700747646645,-0.6672967550368313,,,,0.0480138275168036,-0.0198684234771049,0.4242712764399794,,5.323780832628168e-05,0.005628895011701729,0.8282919009719094,0.8283451387802357,,
2,295,295,259,381,122.0,0.0333523809523809,0,122,0.0144530893613213,0.0228102060848441,,0.0278284514235098,,0.02,3.0,3.0,2.0,0.005,5.0,4.242640687119285,4.242640687119285,0.0347757433370433,0.0347757433370433,0.02,0.3477782366930779,0.7183666794709999,-0.6727462673013117,0.8699022745463347,,,0.0492288326983646,-0.0203226539757219,0.4242909816358728,1.0626342494264769,0.00020812220065322354,0.005781034471181558,0.8506792224343663,0.8508873446350196,0.022542205854783837,0.022542205854783837
3,295,295,260,381,121.0,0.0500285714285714,0,121,0.0150128262726132,0.0335650346577069,,0.0406136919358253,,0.02,3.0,3.0,2.0,0.005,5.0,4.242640687119285,4.242640687119285,0.0350631461745395,0.0350631461745395,0.02,0.350676136209322,0.734917307076351,-0.6677872377609372,0.877102541198614,,,0.0500759724471527,-0.0200503199019263,0.4243214436885518,1.062852990937567,0.00045064462062922633,0.006004904933911408,0.8836217610250637,0.884072405645693,0.03318506101067342,0.03318506101067342
4,295,295,260,381,121.0,0.0667047619047619,0,121,0.015739353651571,0.0435667474532091,,0.0527157644183831,,0.02,3.0,3.0,2.0,0.005,5.0,4.242640687119285,4.242640687119285,0.0350631461745395,0.0350631461745395,0.02,0.3507067238718845,0.7449801951969782,-0.6578467002905598,0.8771232824829771,,,0.0508024998261105,-0.0193237925229685,0.4243607268653276,1.0631394901172857,0.0007592245934606807,0.006295481526058071,0.9263801065594451,0.9271393311529058,0.043066925507212805,0.043066925507212805
5,295,295,260,381,121.0,0.0833809523809523,0,121,0.0166163806122219,0.052591565316016,,0.0636357940323793,,0.02,3.0,3.0,2.0,0.005,5.0,4.242640687119285,4.242640687119285,0.0350631461745395,0.0350631461745395,0.02,0.3507411290320592,0.7540738233801344,-0.6488906927481023,0.8771430432522836,,,0.0516795267867614,-0.0184467655623176,0.4244049125333403,1.0634574804436636,0.0011063490969555109,0.0066462463923850496,0.9779951566394601,0.9791015057364156,0.051962174583509824,0.051962174583509824
6,295,295,260,381,121.0,0.1000571428571428,0,121,0.0176243273977706,0.0604422686936705,,0.0731351451193414,,0.02,3.0,3.0,2.0,0.005,5.0,4.242640687119285,4.242640687119285,0.0350631461745395,0.0350631461745395,0.02,0.3507763071217361,0.7619948829371427,-0.6411103455498016,0.8771603729559893,,,0.0526874735723101,-0.0174388187767689,0.4244500905799797,1.063779195054151,0.0014613071379351449,0.007049366003827897,1.037314207463275,1.0387755146012103,0.05967400886479468,0.05967400886479468
7,296,295,260,381,121.00413216084812,0.1167333333333333,1,121,0.0187411153265276,0.0669690077210064,,0.0810352666095351,,0.02,3.0,3.0,2.0,0.005,5.0,4.242640687119285,4.242640687119285,0.0350619488058443,0.0350619488058443,0.02,0.3507973017771759,0.7685636112753582,-0.6346255958333453,0.877145032393724,,,0.053803064132372,-0.0163208334793167,0.4244924373660452,1.0640787341063953,0.0017939391980544867,0.007496007309600088,1.1030374756076529,1.1048314148057075,0.06605590020449714,0.06605590020449714
8,296,295,260,381,121.00413216084812,0.1334095238095238,1,121,0.0199426909099986,0.0720533616587426,,0.0871875449678788,,0.02,3.0,3.0,2.0,0.005,5.0,4.242640687119285,4.242640687119285,0.0350619488058443,0.0350619488058443,0.02,0.3508253180639114,0.7737039977865655,-0.6295972744690802,0.8771553968995773,,,0.055004639715843,-0.0151192578958457,0.4245284184285363,1.064330875801896,0.0020766747705302235,0.007976547612783144,1.1737489812210398,1.17582565599157,0.07099424118586262,0.07099424118586262
9,296,294,260,381,121.01652779682615,0.1500857142857143,2,121,0.0212037389386221,0.0756196704771385,,0.0915122995428347,,0.02,3.0,3.0,2.0,0.005,5.0,4.242640687119285,4.242640687119285,0.0350583574356242,0.0350583574356242,0.02,0.3508103003354494,0.7772402711480375,-0.6260009301937604,0.8770710681724874,,,0.0562620963742463,-0.013854618497002,0.4245552812018932,1.064516092379895,0.002287333825228405,0.00848086004505736,1.2479585556301906,1.2502458894554191,0.07442023346384907,0.07442023346384907
10,297,294,259,381,122.03687967167956,0.1667619047619047,3,122,0.0224983377673981,0.077631568830086,,0.0947391442404091,,0.02,3.0,3.0,2.0,0.005,5.0,4.242640687119285,4.242640687119285,0.0347652340713186,0.0347652340713186,0.02,0.3478933006197505,0.7734181700695871,-0.618155032409415,0.86974779516495,,,0.0572635718387167,-0.0122668963039204,0.424575872212684,1.0646327621928615,0.0024106641916081524,0.008998575919462208,1.324140446548864,1.3265511107404722,0.07630522128505302,0.07630522128505302
11,298,294,259,381,122.06555615733704,0.1834380952380952,4,122,0.0238008856029212,0.0781082368531833,,0.0953432537195284,,0.02,3.0,3.0,2.0,0.005,5.0,4.242640687119285,4.242640687119285,0.0347570667818095,0.0347570667818095,0.02,0.3478146520977794,0.7737375410487422,-0.6175210673423754,0.869537446815488,,,0.0585579523847307,-0.0109561811788882,0.4245798514300588,1.0646506085019751,0.0024403586657251934,0.00951945541482873,1.4007878642920477,1.4032282229577728,0.07667711221730067,0.07667711221730067
12,298,294,259,381,122.06555615733704,0.2001142857142857,4,122,0.0250867912349525,0.077110274907642,,0.0941250859204648,,0.02,3.0,3.0,2.0,0.005,5.0,4.242640687119285,4.242640687119285,0.0347570667818095,0.0347570667818095,0.02,0.3478084594384756,0.7727271937845933,-0.6185066439693091,0.8695247278866285,,,0.059843858016762,-0.009670275546857,0.4245718365920187,1.064582604594856,0.0023783977985328496,0.010033663973823359,1.4764536537481072,1.47883205154664,0.07560382858886716,0.07560382858886716
13,298,293,260,381,121.10326172320876,0.2167904761904762,5,121,0.0263330110924761,0.0747304883152399,,0.0905010588514369,,0.02,3.0,3.0,2.0,0.005,5.0,4.242640687119285,4.242640687119285,0.0350332487065144,0.0350332487065144,0.02,0.3505540727000306,0.775838633715301,-0.6263776570848213,0.8764053759205972,,,0.0613662597989906,-0.0087002376140382,0.4245488593450292,1.0644254423733384,0.0022338583535336833,0.010531987143640205,1.5497819081866562,1.55201576654019,0.07318371499354992,0.07318371499354992
14,298,293,260,382,122.10241602851272,0.2334666666666666,5,122,0.0275189262764633,0.0711142743110551,,0.0868322470749423,,0.02,3.0,3.0,2.0,0.005,5.0,4.242640687119285,4.242640687119285,0.0347465744341091,0.0347465744341091,0.02,0.3476680643557447,0.7664504030225446,-0.6242218544004342,0.8692171764603565,,,0.0622655007105725,-0.0072276481576458,0.4245259974421816,1.0642263874927933,0.0020228960043151972,0.011006181240287257,1.61955956950827,1.6215824655125852,0.06956669897239531,0.06956669897239531
15,298,293,260,382,122.10241602851272,0.2501428571428571,5,122,0.0286263959015264,0.0664102288016123,,0.0810884938568319,,0.02,3.0,3.0,2.0,0.005,5.0,4.242640687119285,4.242640687119285,0.0347465744341091,0.0347465744341091,0.02,0.3476421901719537,0.7616946091455199,-0.6288741515422951,0.8691850365130395,,,0.0633729703356356,-0.0061201785325827,0.4244925005660598,1.063967905898628,0.0017641273957929992,0.01144899452547619,1.6847195444238212,1.6864836718196141,0.06490120630702889,0.06490120630702889
16,299,293,260,382,122.14745187681976,0.2668190476190476,6,122,0.0296407338032922,0.0608255166678514,,0.0742968187006908,,0.02,3.0,3.0,2.0,0.005,5.0,4.242640687119285,4.242640687119285,0.0347337633485616,0.0347337633485616,0.02,0.3474857116102539,0.7557969398883593,-0.6341459065526565,0.868826467076789,,,0.0643744971518539,-0.0050930295452694,0.4244558380567234,1.0636805706986685,0.0014798973911644279,0.0118545574941536,1.7443981352647022,1.7458780326558667,0.0593943608362526,0.0593943608362526
17,299,293,261,382,121.1486689980538,0.2834952380952381,6,121,0.0305508041840938,0.0545730382548043,,0.0661145094774941,,0.02,3.0,3.0,2.0,0.005,5.0,4.242640687119285,4.242640687119285,0.0350201180269462,0.0350201180269462,0.02,0.3503194106410971,0.7552118595369985,-0.6460657830273899,0.8759380077887619,,,0.06557092221104,-0.0044693138428524,0.4244160748360105,1.0633739311377708,0.0011912866017441336,0.012218420786144489,1.7979406186811615,1.7991319052829056,0.053253872627038845,0.053253872627038845
18,299,293,261,383,122.14745187681976,0.3001714285714286,6,122,0.0313489722161302,0.0478627317897323,,0.0584631072797946,,0.02,3.0,3.0,2.0,0.005,5.0,4.242640687119285,4.242640687119285,0.0347337633485616,0.0347337633485616,0.02,0.3474293292975209,0.7427213903847742,-0.6469959268053094,0.868735313073624,,,0.0660827355646919,-0.0033847911324314,0.4243828204299448,1.0630918278750563,0.0009163364377503406,0.012537535090368111,1.8448982885476677,1.845814624985418,0.046682719702512365,0.046682719702512365
19,299,293,261,383,122.14745187681976,0.316847619047619,6,122,0.0320318587884297,0.0409497944554271,,0.0500191304760994,,0.02,3.0,3.0,2.0,0.005,5.0,4.242640687119285,4.242640687119285,0.0347337633485616,0.0347337633485616,0.02,0.347404756793069,0.7357593080415651,-0.6538597191307108,0.8686838239005585,,,0.0667656221369914,-0.0027019045601319,0.4243509977100353,1.0628209212011954,0.0006707542663766915,0.012810552563263878,1.8850728096842797,1.8857435639506563,0.039928938965238414,0.039928938965238414
20,299,293,261,383,122.14745187681976,0.3335238095238095,6,122,0.032599435918354,0.034035179121672,,0.0415731040388337,,0.02,3.0,3.0,2.0,0.005,5.0,4.242640687119285,4.242640687119285,0.0347337633485616,0.0347337633485616,0.02,0.3473840036835749,0.728803186488822,-0.6607328282454779,0.868632034870217,,,0.0673331992669157,-0.0021343274302076,0.4243241212072062,1.0625820020480294,0.0004633573671377191,0.013037464878223676,1.918462956830614,1.9189263141977517,0.03318275024709538,0.03318275024709538
21,299,293,261,383,122.14745187681976,0.3502,6,122,0.0330552128878902,0.0273310004576276,,0.033384120631434,,0.02,3.0,3.0,2.0,0.005,5.0,4.242640687119285,4.242640687119285,0.0347337633485616,0.0347337633485616,0.02,0.3473675357600141,0.7220660719776558,-0.6674040710624006,0.8685805622952604,,,0.0677889762364519,-0.0016785504606714,0.4243027942044952,1.0623797593324398,0.0002987934344059361,0.01321967744120087,1.945275535472708,1.945574328907114,0.026648014709362178,0.026648014709362178
22,299,293,260,383,123.14625451064276,0.3668761904761904,6,123,0.0334056412899426,0.0210136962966904,,0.0258775799236158,,0.02,3.0,3.0,2.0,0.005,5.0,4.242640687119285,4.242640687119285,0.0344520481274777,0.0344520481274777,0.02,0.3445383026955067,0.7100903016877038,-0.6680629090943231,0.8614905337413842,,,0.0678576894174204,-0.001046406837535,0.4242873160588613,1.0622206055235237,0.00017663017281981596,0.013359771415523108,1.9658903637942255,1.9660669939670454,0.020492665059931525,0.020492665059931525
23,296,293,260,382,122.03687967167956,0.383552380952381,3,122,0.0336599151079805,0.015247716101644,,0.0186078369516426,,0.02,3.0,3.0,2.0,0.005,5.0,4.242640687119285,4.242640687119285,0.0347652340713186,0.0347652340713186,0.02,0.3476616394151233,0.7105709949318907,-0.6800755627286027,0.8692736265426616,,,0.0684251491792992,-0.001105318963338,0.4242761015273661,1.0620908852276194,9.299713852653351e-05,0.013461423764325292,1.9808485069204669,1.9809415040589935,0.014874510091948068,0.014874510091948068
24,296,293,260,382,122.03687967167956,0.4002285714285714,3,122,0.0338294196630033,0.0101644650356287,,0.0124043959648002,,0.02,3.0,3.0,2.0,0.005,5.0,4.242640687119285,4.242640687119285,0.0347652340713186,0.0347652340713186,0.02,0.3476564729481887,0.7054774109320061,-0.6851484808607486,0.8692340832026162,,,0.0685946537343219,-0.0009358144083153,0.4242694159575728,1.0619988936922824,4.132653978420735e-05,0.013529186986861544,1.9908198651166764,1.9908611916564607,0.009919687597467197,0.009919687597467197
25,296,293,259,382,123.03657992645928,0.4169047619047619,3,123,0.0339272367435988,0.0058656730225777,,0.0072169234766485,,0.02,3.0,3.0,2.0,0.005,5.0,4.242640687119285,4.242640687119285,0.0344827586206896,0.0344827586206896,0.02,0.3448289735903876,0.695523620203353,-0.6837922741581977,0.862139419700244,,,0.0684099953642885,-0.0005555218770907,0.4242658770707097,1.061936281298257,1.3762448003118327e-05,0.013568291367494502,1.996574074726816,1.9965878371748191,0.005726645518358442,0.005726645518358442
26,296,293,259,382,123.03657992645928,0.4335809523809524,3,123,0.033967357824599,0.0024058900656877,,0.0029601248536126,,0.02,3.0,3.0,2.0,0.005,5.0,4.242640687119285,4.242640687119285,0.0344827586206896,0.0344827586206896,0.02,0.3448278196134829,0.6920615292926535,-0.6872497491612781,0.8621129395179956,,,0.0684501164452887,-0.0005154007960905,0.4242643729413609,1.0618940355119766,2.3153228032699065e-06,0.01358433055352238,1.9989342409508182,1.9989365562736214,0.002348719098802299,0.002348719098802299
27,297,292,259,382,123.10158406779338,0.4502571428571428,5,123,0.0339643945784143,-0.0001776932320926,,-0.0002187431834872,,0.02,3.0,3.0,2.0,0.005,5.0,4.242640687119285,4.242640687119285,0.0344645499019965,0.0344645499019965,0.02,0.3446455002938579,0.6891133073556233,-0.6894686938198085,0.8616379597003757,,,0.0684289444804108,-0.0005001553235821,0.424264070373139,1.0618678122639584,1.2629953892605847e-08,0.01358314593871078,1.9987599248812915,1.9987599375112455,-0.00017661876237595742,-0.00017661876237595742
28,297,292,259,382,123.10158406779338,0.4669333333333333,5,123,0.0339330198724502,-0.0018814072679786,,-0.0023160421496482,,0.02,3.0,3.0,2.0,0.005,5.0,4.242640687119285,4.242640687119285,0.0344645499019965,0.0344645499019965,0.02,0.3446456418293118,0.687409876390645,-0.6911726909266022,0.8616246321392453,,,0.0683975697744467,-0.0005315300295462,0.4242642549414133,1.0618526133829729,1.41587732320108e-06,0.013570603287593208,1.9969142737693406,1.9969156896466638,-0.001844247864581705,-0.001844247864581705
29,297,292,259,382,123.10158406779338,0.4836095238095238,5,123,0.0338872303565412,-0.0027458019248715,,-0.0033801256648808,,0.02,3.0,3.0,2.0,0.005,5.0,4.242640687119285,4.242640687119285,0.0344645499019965,0.0344645499019965,0.02,0.3446458031990199,0.6865458044731682,-0.6920374083229114,0.8616172179425894,,,0.0683517802585377,-0.0005773195454553,0.4242644653743965,1.0618448525686388,3.0157712842512147e-06,0.013552298010863748,1.9942206522986006,1.9942236680698848,-0.002692021576778947,-0.002692021576778947
30,296,292,260,383,123.06502346320826,0.5002857142857143,4,123,0.0338402766629046,-0.0028156126966497,,-0.003465034425765,,0.02,3.0,3.0,2.0,0.005,5.0,4.242640687119285,4.242640687119285,0.0344747887557805,0.0344747887557805,0.02,0.3447482073057148,0.6866808019147799,-0.6923120273080794,0.8618705359349511,,,0.0683150654186852,-0.0006345120928758,0.4242644855668815,1.061841721211792,3.1710699430139993e-06,0.013533527301247109,1.991458542378512,1.9914617134484551,-0.0027619546214296964,-0.0027619546214296964
31,295,292,261,384,123.03657992645928,0.5169619047619047,3,123,0.0338040302464034,-0.0021735429655239,,-0.0026742529280127,,0.02,3.0,3.0,2.0,0.005,5.0,4.242640687119285,4.242640687119285,0.0344827586206896,0.0344827586206896,0.02,0.3448277767082367,0.6874820104509495,-0.6918290963819974,0.8620709361875522,,,0.068286788867093,-0.0006787283742862,0.4242643170173243,1.0618420527306522,1.8897156091913723e-06,0.013519037026588028,1.9893262984624285,1.9893281881780376,-0.0021335252704175467,-0.0021335252704175467
32,295,292,261,384,123.03657992645928,0.5336380952380952,3,123,0.0337888235477743,-0.0009118808429779,,-0.0011219470022045,,0.02,3.0,3.0,2.0,0.005,5.0,4.242640687119285,4.242640687119285,0.0344827586206896,0.0344827586206896,0.02,0.344827619737229,0.6887433586314801,-0.6905671203174358,0.8620748195667041,,,0.0682715821684639,-0.0006939350729153,0.4242641124164115,1.0618455056270173,3.326106687160343e-07,0.013512957820619393,1.9884317433041436,1.9884320759148124,-0.0008961122632251683,-0.0008961122632251683
33,295,292,261,384,123.03657992645928,0.5503142857142858,3,123,0.033803288084809,0.0008673765783229,,0.0010671904770517,,0.02,3.0,3.0,2.0,0.005,5.0,4.242640687119285,4.242640687119285,0.0344827586206896,0.0344827586206896,0.02,0.3448276165442057,0.6905226096667344,-0.6887878565100886,0.8620805171521431,,,0.0682860467054986,-0.0006794705358806,0.4242641082545253,1.0618524811175625,3.009368514492568e-07,0.013518740331545851,1.989282639786972,1.9892829407238235,0.0008508648090110871,0.0008508648090110871
34,295,292,261,384,123.03657992645928,0.5669904761904762,3,123,0.0338542264451684,0.0030545561609032,,0.0037582214323083,,0.02,3.0,3.0,2.0,0.005,5.0,4.242640687119285,4.242640687119285,0.0344827586206896,0.0344827586206896,0.02,0.3448279624405919,0.6927104810420871,-0.6866013687202804,0.8620872470183075,,,0.0683369850658581,-0.0006285321755211,0.4242645591066682,1.061863660299183,3.732125336044679e-06,0.013539104018181947,1.9922791562754736,1.9922828884008097,0.002999947676986192,0.002999947676986192
35,296,293,262,385,123.03657992645928,0.5836666666666667,3,123,0.0339464796140714,0.0055320289747635,,0.0068064192510898,,0.02,3.0,3.0,2.0,0.005,5.0,4.242640687119285,4.242640687119285,0.0344827586206896,0.0344827586206896,0.02,0.3448288202485284,0.6951896694718204,-0.6841256115222932,0.8620943000389203,,,0.068429238234761,-0.0005362790066182,0.4242656772001836,1.0618795405501529,1.2241337831049163e-05,0.01357598408366622,1.9977060579114845,1.9977182992493154,0.0054354108485057395,0.0054354108485057395
36,297,293,263,385,122.06555615733704,0.6003428571428572,4,122,0.0340831697271155,0.0081967229409685,,0.0100053754445693,,0.02,3.0,3.0,2.0,0.005,5.0,4.242640687119285,4.242640687119285,0.0347570667818095,0.0347570667818095,0.02,0.3475733556333356,0.7033434342076397,-0.6869499883257026,0.8689589250223175,,,0.0688402365089251,-0.0006738970546939,0.4242675475564105,1.0619001359782112,2.687450678839972e-05,0.013630628501571923,2.0057469840063087,2.005773858513097,0.008055559263781653,0.008055559263781653
37,297,293,263,386,123.06502346320826,0.6170190476190476,4,123,0.0342657175960706,0.0109466169276277,,0.0134714566904126,,0.02,3.0,3.0,2.0,0.005,5.0,4.242640687119285,4.242640687119285,0.0344747887557805,0.0344747887557805,0.02,0.3447527205810209,0.7004520580896696,-0.678558824234414,0.8619092189180706,,,0.0687405063518511,-0.0002090711597099,0.4242703695158605,1.0619272103778783,4.793136886409013e-05,0.01370360501394127,2.0164854778014583,2.0165334091703224,0.010759550657225336,0.010759550657225336
38,297,293,263,386,123.06502346320826,0.6336952380952381,4,123,0.0344940052960381,0.0136894394612158,,0.016846911884927,,0.02,3.0,3.0,2.0,0.005,5.0,4.242640687119285,4.242640687119285,0.0344747887557805,0.0344747887557805,0.02,0.3447554459366307,0.7032003313344775,-0.6758214524120456,0.8619158912649768,,,0.0689687940518186,1.9216540257542547e-05,0.4242739225549015,1.061958320949352,7.496030110491693e-05,0.013794866132980397,2.0299145514680657,2.0299895117691706,0.013456102598848219,0.013456102598848219
39,297,293,263,386,123.06502346320826,0.6503714285714286,4,123,0.0347665833043176,0.0163453403023126,,0.0201153968781822,,0.02,3.0,3.0,2.0,0.005,5.0,4.242640687119285,4.242640687119285,0.0344747887557805,0.0344747887557805,0.02,0.3447586632017088,0.7058626667057302,-0.673171986101105,0.8619222327953484,,,0.0692413720600982,0.000291794548537,0.424278116892895,1.0619931599010324,0.00010686805983936183,0.01390383196425604,2.045948873540276,2.0460557416001155,0.016066229830944856,0.016066229830944856
40,297,293,263,386,123.06502346320826,0.667047619047619,4,123,0.0350809057899872,0.0188485785238784,,0.0231960075828922,,0.02,3.0,3.0,2.0,0.005,5.0,4.242640687119285,4.242640687119285,0.0344747887557805,0.0344747887557805,0.02,0.3447622163724866,0.7083730112688517,-0.6706758542210948,0.861928259919522,,,0.0695556945457678,0.0006061170342066,0.4242827491473543,1.0620304362250983,0.00014210756494832403,0.01402948429198806,2.0644386135660433,2.0645807211309917,0.018524979530876173,0.018524979530876173
41,297,293,263,386,123.06502346320826,0.6837238095238095,4,123,0.0354334731499725,0.0211419604788424,,0.0260183586238696,,0.02,3.0,3.0,2.0,0.005,5.0,4.242640687119285,4.242640687119285,0.0344747887557805,0.0344747887557805,0.02,0.3447659152960196,0.7106737910708817,-0.6683898701131968,0.8619338574924612,,,0.0699082619057531,0.0009586843941919,0.4242875714160846,1.0620684100964866,0.00017879299715557363,0.014170423591191758,2.0851778314438674,2.085356624441023,0.020775903310031207,0.020775903310031207
42,297,293,263,386,123.06502346320826,0.7004,4,123,0.0358203597765363,0.0231999404849829,,0.0285510122012946,,0.02,3.0,3.0,2.0,0.005,5.0,4.242640687119285,4.242640687119285,0.0344747887557805,0.0344747887557805,0.02,0.3447695956747794,0.7127391318345417,-0.6663392508645758,0.8619393445287223,,,0.0702951485323169,0.0013455710207558,0.4242923695050359,1.062106092570415,0.0002152948954026995,0.014325080037967598,2.1079355275869323,2.108150822482335,0.022794198041311997,0.022794198041311997
43,297,293,263,386,123.06502346320826,0.7170761904761904,4,123,0.0362372179989023,0.0249972092224011,,0.0307628213946951,,0.02,3.0,3.0,2.0,0.005,5.0,4.242640687119285,4.242640687119285,0.0344747887557805,0.0344747887557805,0.02,0.3447730892243837,0.7145433876711687,-0.6645489692263664,0.8619444342163224,,,0.0707120067546829,0.0017624292431217,0.4242969240230629,1.0621417164592208,0.00024994418756339786,0.014491715114880644,2.1324558791546866,2.13270582334225,0.024555000859915133,0.024555000859915133
44,298,293,263,386,123.10158406779338,0.7337523809523809,5,123,0.0366795782669379,0.0265264581060742,,0.032654490125657,,0.02,3.0,3.0,2.0,0.005,5.0,4.242640687119285,4.242640687119285,0.0344645499019965,0.0344645499019965,0.02,0.3446738868196929,0.71587423174546,-0.6628213155333116,0.8616931982205975,,,0.0711441281689344,0.0022150283649414,0.4243010875247363,1.062174279006806,0.0002814611918613239,0.014668541635316135,2.1584759016367694,2.1587573628286307,0.026051539486380726,0.026051539486380726
45,298,293,264,386,122.10241602851272,0.7504285714285714,5,122,0.0371430506831419,0.0277924635644901,,0.0339352694860865,,0.02,3.0,3.0,2.0,0.005,5.0,4.242640687119285,4.242640687119285,0.0347465744341091,0.0347465744341091,0.02,0.3474966534494502,0.7227857704633905,-0.6672008433344102,0.8687473990190848,,,0.0718896251172511,0.0023964762490327,0.4243040850387672,1.0622011751314622,0.00030896841239340394,0.014853804323329813,2.185737306177982,2.1860462745903755,0.02728891176174475,0.02728891176174475
46,298,293,264,386,122.10241602851272,0.767104761904762,5,122,0.0376234936241936,0.0288101135410771,,0.0351778446942129,,0.02,3.0,3.0,2.0,0.005,5.0,4.242640687119285,4.242640687119285,0.0347465744341091,0.0347465744341091,0.02,0.347498958318539,0.7238080301781553,-0.6661878030960009,0.8687511210206602,,,0.0723700680583028,0.0028769191900844,0.4243070690177278,1.0622252428405698,0.00033200905689990175,0.015045847228871048,2.213996419728375,2.214328428785275,0.028282154194899434,0.028282154194899434
47,298,293,264,386,122.10241602851272,0.7837809523809524,5,122,0.0381171448329352,0.0296021570062063,,0.0361449489011316,,0.02,3.0,3.0,2.0,0.005,5.0,4.242640687119285,4.242640687119285,0.0347465744341091,0.0347465744341091,0.02,0.347500809556033,0.7246037761182724,-0.6653994621058597,0.8687542804748827,,,0.0728637192670444,0.003370570398826,0.4243094657055778,1.0622447810458666,0.0003505150797680355,0.01524316613221587,2.243031896355565,2.2433824114353333,0.02905398265005843,0.02905398265005843
48,298,293,264,387,123.10158406779338,0.8004571428571429,5,123,0.0386206386985883,0.030192379151099,,0.0371672970027571,,0.02,3.0,3.0,2.0,0.005,5.0,4.242640687119285,4.242640687119285,0.0344645499019965,0.0344645499019965,0.02,0.3446822748590299,0.7195569288691589,-0.6591721705669608,0.8617069504919299,,,0.0730851886005848,0.0041560887965917,0.4243120258249364,1.0622616809755103,0.0003646319035214871,0.015444415448637753,2.2726457332670456,2.273010365170567,0.029627953735233525,0.029627953735233525
49,298,293,264,387,123.10158406779338,0.8171333333333334,5,123,0.0391310895466507,0.0306095597067728,,0.0376808528752143,,0.02,3.0,3.0,2.0,0.005,5.0,4.242640687119285,4.242640687119285,0.0344645499019965,0.0344645499019965,0.02,0.3446832981180689,0.7199761559429108,-0.6587570365293651,0.8617088764526483,,,0.0735956394486472,0.0046665396446542,0.4243133601898624,1.0622726485296736,0.0003747780581769957,0.01564844151285589,2.3026681686167443,2.303042946674921,0.030032581504354283,0.030032581504354283
50,298,293,264,387,123.10158406779338,0.8338095238095238,5,123,0.0396462875953661,0.0308942290777327,,0.0380312853802218,,0.02,3.0,3.0,2.0,0.005,5.0,4.242640687119285,4.242640687119285,0.0344645499019965,0.0344645499019965,0.02,0.3446840044122454,0.7202622379022237,-0.6584737797467581,0.8617103049107906,,,0.0741108374973626,0.0051817376933695,0.4243142812215858,1.0622803405849257,0.00038178135612296996,0.015854360887993732,2.3329692046682777,2.3333509860244006,0.030308039349479454,0.030308039349479454
51,298,293,265,387,122.10241602851272,0.8504857142857143,5,122,0.0401645893127264,0.0310803428457107,,0.0379498495245578,,0.02,3.0,3.0,2.0,0.005,5.0,4.242640687119285,4.242640687119285,0.0347465744341091,0.0347465744341091,0.02,0.3475043987599739,0.7260891403656587,-0.6639284546742371,0.8687611214966747,,,0.0749111637468356,0.0054180148786172,0.4243141124337505,1.0622835345043562,0.0003863950845627682,0.0160615165212299,2.36345215609898,2.3638385511835427,0.030487565159142083,0.030487565159142083
52,298,293,265,387,122.10241602851272,0.8671619047619048,5,122,0.0406843931797825,0.0311704203545877,,0.0380598363391948,,0.02,3.0,3.0,2.0,0.005,5.0,4.242640687119285,4.242640687119285,0.0347465744341091,0.0347465744341091,0.02,0.3475046231297214,0.7261796666140306,-0.6638388259048551,0.8687615870108125,,,0.0754309676138917,0.0059378187456733,0.4243144029117782,1.0622860032524224,0.00038863804203267813,0.01626926820244151,2.3940228159892687,2.3944114540313013,0.0305729028477586,0.0305729028477586
53,298,293,265,387,122.10241602851272,0.8838380952380952,5,122,0.0412050424652793,0.0312211164918172,,0.0381217375475853,,0.02,3.0,3.0,2.0,0.005,5.0,4.242640687119285,4.242640687119285,0.0347465744341091,0.0347465744341091,0.02,0.3475047496917962,0.7262306158754097,-0.6637883828917752,0.8687618834743221,,,0.0759516168993885,0.0064584680311701,0.4243145667640852,1.0622874371256952,0.0003899032459982481,0.016477353368104165,2.424642548116528,2.4250324513625263,0.03062099733122503,0.03062099733122503
54,298,293,265,387,122.10241602851272,0.9005142857142857,5,122,0.0417256357319638,0.031217757282621,,0.0381176358719973,,0.02,3.0,3.0,2.0,0.005,5.0,4.242640687119285,4.242640687119285,0.0347465744341091,0.0347465744341091,0.02,0.3475047412992243,0.7262272398810697,-0.6637917253158275,0.8687618532886513,,,0.076472210166073,0.0069790612978546,0.4243145558987273,1.0622873292078272,0.0003898193479026546,0.01668541167913552,2.455258328584792,2.4556481479326946,0.03061569657016827,0.03061569657016827
55,298,293,265,387,122.10241602851272,0.9171904761904762,5,122,0.0422456583201061,0.0311835361250358,,0.0380758510117928,,0.02,3.0,3.0,2.0,0.005,5.0,4.242640687119285,4.242640687119285,0.0347465744341091,0.0347465744341091,0.02,0.3475046558533092,0.7261928478316544,-0.6638257755815826,0.8687616438457622,,,0.0769922327542153,0.0074990838859969,0.4243144452770398,1.062286349827403,0.00038896517010456516,0.016893237400384013,2.4858398834665074,2.486228848636612,0.030580700703917607,0.030580700703917607
56,298,293,265,387,122.10241602851272,0.9338666666666666,5,122,0.0427645052602594,0.0311130375306116,,0.0379897705247347,,0.02,3.0,3.0,2.0,0.005,5.0,4.242640687119285,4.242640687119285,0.0347465744341091,0.0347465744341091,0.02,0.3475044801225442,0.7261219977757001,-0.6638959227144767,0.868761218184014,,,0.0775110796943686,0.0080179308261502,0.4243142177689817,1.0622843418031076,0.00038720844175249846,0.01710058872406074,2.516351630745538,2.5167388391872905,0.030509990550678268,0.030509990550678268
57,298,293,265,387,122.10241602851272,0.9505428571428572,5,122,0.0432813950531566,0.0309956757591113,,0.0378464689662389,,0.02,3.0,3.0,2.0,0.005,5.0,4.242640687119285,4.242640687119285,0.0347465744341091,0.0347465744341091,0.02,0.3475041884586561,0.7260040526764237,-0.664012701158201,0.8687605206920326,,,0.0780279694872658,0.0085348206190474,0.424313840169263,1.0622810200035455,0.000384292766305584,0.017307153318495243,2.546747610816575,2.5471319035828808,0.030393064395590308,0.030393064395590308
58,298,293,265,387,122.10241602851272,0.9672190476190476,5,122,0.0437954945663567,0.0308283545893805,,0.0376421657754705,,0.02,3.0,3.0,2.0,0.005,5.0,4.242640687119285,4.242640687119285,0.0347465744341091,0.0347465744341091,0.02,0.347503774542747,0.7258359036748746,-0.6641791944961134,0.8687595370621486,,,0.0785420690004659,0.0090489201322475,0.4243133042971619,1.0622763134424975,0.00038015497867543123,0.017512598247285016,2.57697883208799,2.5773589870666656,0.030227083483784778,0.030227083483784778
59,298,293,265,387,122.10241602851272,0.983895238095238,5,122,0.0443054467684681,0.0305796580363825,,0.0373385012756803,,0.02,3.0,3.0,2.0,0.005,5.0,4.242640687119285,4.242640687119285,0.0347465744341091,0.0347465744341091,0.02,0.3475031634609287,0.7255859849582399,-0.6644266688854749,0.8687581311321939,,,0.0790520212025773,0.0095588723343589,0.4243125131661141,1.0622694213338666,0.0003740461942488372,0.017716381251186956,2.606965501112161,2.6073395473064096,0.029980560239744047,0.029980560239744047
60,298,293,265,387,122.10241602851272,1.000571428571429,5,122,0.0448096374668425,0.0302341652366143,,0.0369166462199588,,0.02,3.0,3.0,2.0,0.005,5.0,4.242640687119285,4.242640687119285,0.0347465744341091,0.0347465744341091,0.02,0.3475023227498513,0.725238810736317,-0.6647704802630883,0.868756236243144,,,0.0795562119009517,0.0100630630327333,0.4243114247476741,1.0622599873342289,0.00036564189902195876,0.017917857360046252,2.636612710530806,2.636978352429828,0.029638805123418432,0.029638805123418432
61,298,292,264,387,123.14625451064276,1.017247619047619,6,123,0.0453059062959434,0.0297591245320364,,0.0366472472363607,,0.02,3.0,3.0,2.0,0.005,5.0,4.242640687119285,4.242640687119285,0.0344520481274777,0.0344520481274777,0.02,0.3445562222524473,0.7188715690369311,-0.6593533199728582,0.8613913743057977,,,0.0797579544234212,0.0108538581684657,0.4243106913487823,1.062249187807738,0.0003542421971653003,0.01811616341846675,2.665793447027382,2.6661476892245473,0.029169336794719225,0.029169336794719225
62,298,292,264,387,123.14625451064276,1.0339238095238097,6,123,0.0457915572992702,0.029122418817422,,0.0358631679965578,,0.02,3.0,3.0,2.0,0.005,5.0,4.242640687119285,4.242640687119285,0.0344520481274777,0.0344520481274777,0.02,0.3445547093097225,0.718231837436867,-0.6599869998020229,0.8613882439907483,,,0.0802436054267479,0.0113395091717925,0.4243087177829715,1.062232627456121,0.00033924611111093406,0.01831022233796642,2.6943492170317587,2.6946884631428696,0.028540773918322326,0.028540773918322326
63,298,292,264,387,123.14625451064276,1.0506,6,123,0.0462633417025789,0.0282908979711116,,0.0348391812188513,,0.02,3.0,3.0,2.0,0.005,5.0,4.242640687119285,4.242640687119285,0.0344520481274777,0.0344520481274777,0.02,0.3445527827055307,0.7173964633821731,-0.6608146674399499,0.8613844651817884,,,0.0807153898300566,0.0118112935751012,0.4243062046136188,1.062211794338196,0.00032014996320473867,0.018498736235314655,2.7220890370265516,2.7224091869897564,0.02772072384688684,0.02772072384688684
64,298,292,264,387,123.14625451064276,1.0672761904761905,6,123,0.0467176540785903,0.0272431750320917,,0.0335489496617995,,0.02,3.0,3.0,2.0,0.005,5.0,4.242640687119285,4.242640687119285,0.0344520481274777,0.0344520481274777,0.02,0.3445504346119793,0.7163440442560504,-0.6618576941918669,0.8613800689687624,,,0.081169702206068,0.0122656059511125,0.4243031416290443,1.0621866609751889,0.00029687623433167387,0.018680264832427178,2.748800970091659,2.749097846325991,0.026688659336234544,0.026688659336234544
65,298,292,264,387,123.14625451064276,1.083952380952381,6,123,0.0471499572890457,0.0259233792677455,,0.0319236706108171,,0.02,3.0,3.0,2.0,0.005,5.0,4.242640687119285,4.242640687119285,0.0344520481274777,0.0344520481274777,0.02,0.3445476028423084,0.7150185849523625,-0.6631718264168713,0.8613753264592354,,,0.0816020054165234,0.012697909161568,0.4242994477086385,1.0621570384150707,0.0002688086370637509,0.018852995696266313,2.774218316705588,2.7744871253426515,0.02538927901666055,0.02538927901666055
66,298,292,264,387,123.14625451064276,1.1006285714285715,6,123,0.0475553755008305,0.024311200592465,,0.0299383329561899,,0.02,3.0,3.0,2.0,0.005,5.0,4.242640687119285,4.242640687119285,0.0344520481274777,0.0344520481274777,0.02,0.3445443344628508,0.7133998695181667,-0.6647774683332366,0.8613702656615282,,,0.0820074236283083,0.0131033273733528,0.4242951842475133,1.062123356639197,0.00023641378969882824,0.019014981202015654,2.7980544838766037,2.7982908976663023,0.02380377232365083,0.02380377232365083
67,298,292,264,387,123.14625451064276,1.1173047619047618,6,123,0.0479285521971195,0.022377814454791,,0.0275574403424163,,0.02,3.0,3.0,2.0,0.005,5.0,4.242640687119285,4.242640687119285,0.0344520481274777,0.0344520481274777,0.02,0.3445406915046021,0.7114591974639953,-0.6667035685544133,0.8613652901224121,,,0.0823806003245972,0.0134765040696418,0.4242904321615611,1.0620866332232348,0.00020030663190922121,0.019164081796011714,2.819994636283124,2.820194942915033,0.021904045248730686,0.021904045248730686
68,298,292,263,387,124.14507642270796,1.1339809523809523,6,124,0.0482638218015756,0.0201046878742954,,0.024958980126091,,0.02,3.0,3.0,2.0,0.005,5.0,4.242640687119285,4.242640687119285,0.0341748606499165,0.0341748606499165,0.02,0.3417650517751759,0.7036347914246474,-0.6634254156760563,0.8544315278276386,,,0.0824386824514921,0.014088961151659,0.424285675534601,1.0620494799407798,0.00016167938980913622,0.01929803455503866,2.8397057847739386,2.839867464163748,0.01967252124871477,0.01967252124871477
69,298,292,263,387,124.14507642270796,1.1506571428571428,6,124,0.0485555532079359,0.0174938878742647,,0.0217178004708088,,0.02,3.0,3.0,2.0,0.005,5.0,4.242640687119285,4.242640687119285,0.0341748606499165,0.0341748606499165,0.02,0.3417610580002747,0.7010160038748142,-0.6660282281262847,0.8544275753468931,,,0.0827304138578525,0.0143806925580194,0.4242804282712324,1.0620112990765176,0.0001224144451829382,0.019414590409486048,2.856856978755872,2.8569793932010548,0.01711192903730696,0.01711192903730696
70,298,292,263,387,124.14507642270796,1.1673333333333331,6,124,0.0487975997611384,0.0145144991926086,,0.0180190361150373,,0.02,3.0,3.0,2.0,0.005,5.0,4.242640687119285,4.242640687119285,0.0341748606499165,0.0341748606499165,0.02,0.3417571779751132,0.698028855142835,-0.6689998567576178,0.8544254116598973,,,0.082972460411055,0.0146227391112218,0.4242753304557364,1.0619762847367076,8.426827472489428e-05,0.019511294351716016,2.871086963855012,2.8711712321297367,0.014191838928681921,0.014191838928681921
71,298,292,263,387,124.14507642270796,1.1840095238095238,6,124,0.0489842591263958,0.0111931658206878,,0.0138957642622133,,0.02,3.0,3.0,2.0,0.005,5.0,4.242640687119285,4.242640687119285,0.0341748606499165,0.0341748606499165,0.02,0.3417537040267234,0.6947005738741348,-0.672314242232759,0.8544246070871054,,,0.0831591197763123,0.0148093984764792,0.4242707661659937,1.0619463400548337,5.011478443576545e-05,0.019585868880250268,2.882060605728827,2.882110720513263,0.010939488383526097,0.010939488383526097
72,298,292,263,387,124.14507642270796,1.2006857142857144,6,124,0.0491102101385908,0.0075527448774876,,0.0093763609001692,,0.02,3.0,3.0,2.0,0.005,5.0,4.242640687119285,4.242640687119285,0.0341748606499165,0.0341748606499165,0.02,0.3417509274455137,0.6910545997685151,-0.6759491100135397,0.8544257906428755,,,0.0832850707885074,0.0149353494886743,0.4242671181187362,1.0619246720769997,2.2817582073766077e-05,0.019636188698904586,2.88946516704381,2.8894879846258834,0.0073772641126206295,0.0073772641126206295
73,298,291,263,387,124.1974234837422,1.2173619047619046,7,124,0.049170102270631,0.0035914756506077,,0.0044605202231008,,0.02,3.0,3.0,2.0,0.005,5.0,4.242640687119285,4.242640687119285,0.0341604565385743,0.0341604565385743,0.02,0.3416050904174739,0.6868016564855556,-0.67961870518434,0.854070142951599,,,0.0833305588092053,0.0150096457320566,0.4242647587909019,1.0619152614962477,5.159478939563202e-06,0.019660116632572694,2.892986162483072,2.8929913219620116,0.003503337336128176,0.003503337336128176
74,298,291,263,387,124.1974234837422,1.2340380952380952,7,124,0.0491593402875654,-0.0006453502123843,,-0.0008015083362282,,0.02,3.0,3.0,2.0,0.005,5.0,4.242640687119285,4.242640687119285,0.0341604565385743,0.0341604565385743,0.02,0.3416045823381332,0.682563814463882,-0.6838545148886507,0.8540771385236661,,,0.0833197968261397,0.0149988837489911,0.4242640909934168,1.061919708558457,1.6659075864978445e-07,0.019655817041006704,2.8923534775841366,2.892353644174895,-0.0006376777871164307,-0.0006376777871164307
75,298,291,264,387,123.1990259701756,1.2507142857142857,7,123,0.0490741121713309,-0.0051107665360502,,-0.0062964145920236,,0.02,3.0,3.0,2.0,0.005,5.0,4.242640687119285,4.242640687119285,0.0344372908284709,0.0344372908284709,0.02,0.344373962929326,0.6836371593226018,-0.6938586923947023,0.8610072817875603,,,0.0835114029998018,0.0146368213428599,0.4242654449801759,1.0619391943064722,1.0447973834404226e-05,0.0196217669080183,2.887343000514893,2.8873534484887275,-0.005000195686167608,-0.005000195686167608
76,298,291,264,387,123.1990259701756,1.2673904761904762,7,123,0.0489112467491107,-0.0097663445648888,,-0.0120320413768342,,0.02,3.0,3.0,2.0,0.005,5.0,4.242640687119285,4.242640687119285,0.0344372908284709,0.0344372908284709,0.02,0.344376759487403,0.6789871744099171,-0.6985198635396949,0.8610205677052205,,,0.0833485375775817,0.0144739559206397,0.4242690943732976,1.0619790240225029,3.815259446405321e-05,0.01955669890817377,2.87776824433777,2.8778063969322343,-0.009547051556493269,-0.009547051556493269
77,298,291,264,387,123.1990259701756,1.2840666666666667,7,123,0.0486689047572327,-0.0145322153895979,,-0.0179035478118725,,0.02,3.0,3.0,2.0,0.005,5.0,4.242640687119285,4.242640687119285,0.0344372908284709,0.0344372908284709,0.02,0.3443814352205587,0.6742306550515195,-0.7032950858307153,0.8610360272997062,,,0.0831061955857037,0.0142316139287617,0.4242751960085877,1.0620373060839987,8.447411365186643e-05,0.019459877466414144,2.8635209691828414,2.863605443296493,-0.014200953635741254,-0.014200953635741254
78,298,291,264,387,123.1990259701756,1.3007428571428572,7,123,0.0483466874001615,-0.0193220002812569,,-0.0238045161444631,,0.02,3.0,3.0,2.0,0.005,5.0,4.242640687119285,4.242640687119285,0.0344372908284709,0.0344372908284709,0.02,0.3443879823149886,0.6694539643487203,-0.7080979649112342,0.861053222811667,,,0.0827839782286325,0.0139093965716905,0.4242837396834596,1.0621134365497686,0.0001493358779475567,0.019331142130304527,2.8445775644743114,2.844726900352259,-0.018878542944233967,-0.018878542944233967
79,298,291,264,387,123.1990259701756,1.3174190476190475,7,123,0.0479455170966571,-0.0240564716550333,,-0.0296373387617924,,0.02,3.0,3.0,2.0,0.005,5.0,4.242640687119285,4.242640687119285,0.0344372908284709,0.0344372908284709,0.02,0.3443962742564305,0.6647360768578277,-0.7128490201678943,0.8610720387288293,,,0.082382807925128,0.0135082262681861,0.4242945602943589,1.0622062117674462,0.0002314855313957683,0.01917085996038994,2.8209920431713797,2.8212235287027756,-0.023503371649483462,-0.023503371649483462
80,298,291,264,387,123.1990259701756,1.334095238095238,7,123,0.0474684094602661,-0.0286101095494275,,-0.0352473762938949,,0.02,3.0,3.0,2.0,0.005,5.0,4.242640687119285,4.242640687119285,0.0344372908284709,0.0344372908284709,0.02,0.3444059568737732,0.6602018041981189,-0.717422023296974,0.8610901475317952,,,0.0819057002887371,0.0130311186317952,0.4243071956552783,1.0623097952679834,0.0003274153473720972,0.018980234041494286,2.7929414392058844,2.7932688545532565,-0.027954674149519132,-0.027954674149519132
81,297,291,264,387,123.14625451064276,1.3507714285714283,6,123,0.0469193504730385,-0.0329247251050263,,-0.0405455657747652,,0.02,3.0,3.0,2.0,0.005,5.0,4.242640687119285,4.242640687119285,0.0344520481274777,0.0344520481274777,0.02,0.3445642299992117,0.6562037348933971,-0.72205318510345,0.8614781065933361,,,0.0813713986005162,0.0124673023455608,0.42432113708611,1.0624231182431525,0.0004336150092966198,0.018760854983644232,2.760659810843249,2.7610934258525455,-0.032175428700710995,-0.032175428700710995
82,297,291,264,387,123.14625451064276,1.367447619047619,6,123,0.0463041738477305,-0.036889517794027,0.5076444227384305,-0.0454280594703814,0.6234692736263702,0.02,3.0,3.0,2.0,0.005,5.0,4.242640687119285,4.242640687119285,0.0344520481274777,0.0344520481274777,0.02,0.3445753999429394,0.6522612820918519,-0.726040317679906,0.8614955231561837,1.3691399458946143,-0.3538511004177532,0.0807562219752082,0.0118521257202528,0.4243357077398967,1.062538375388187,0.000544334609230334,0.01851505160248505,2.7244898433056752,2.7250341779149054,-0.03605924793764004,-0.03605924793764004
83,297,291,264,387,123.14625451064276,1.3841238095238095,6,123,0.0456306060735271,-0.0403909858888411,0.5564457810117162,-0.04973998628203,0.6832330906143932,0.02,3.0,3.0,2.0,0.005,5.0,4.242640687119285,4.242640687119285,0.0344520481274777,0.0344520481274777,0.02,0.3445863191893268,0.6487816524898126,-0.7295636242674949,0.8615102714538132,1.4179560524655297,-0.305064490442097,0.0800826542010048,0.0111785579460493,0.4243499513440187,1.0626482488153817,0.0006525726964290245,0.01824590909764092,2.6848855237178615,2.6855380964142905,-0.0394960815006149,-0.0394960815006149
84,297,291,264,387,123.14625451064276,1.4008,6,123,0.0449085395644738,-0.0432992481156986,0.6066347757233362,-0.0533214022857529,0.7447392282348788,0.02,3.0,3.0,2.0,0.005,5.0,4.242640687119285,4.242640687119285,0.0344520481274777,0.0344520481274777,0.02,0.3445961404632294,0.6458930328107602,-0.7324915290421574,0.8615210314152737,1.46815580713861,-0.2548862556919374,0.0793605876919515,0.0104564914369961,0.4243627626757731,1.0627439970516586,0.0007499299549539318,0.017957378400870933,2.6424282316881578,2.6431781616431116,-0.04235993477117894,-0.04235993477117894
85,297,291,264,387,123.14625451064276,1.4174761904761906,6,123,0.044151138568314,-0.0454181065658388,0.6587811778507715,-0.0559306971054828,0.8087240795828827,0.02,3.0,3.0,2.0,0.005,5.0,4.242640687119285,4.242640687119285,0.0344520481274777,0.0344520481274777,0.02,0.3446037255235388,0.6437893444812388,-0.7346255576129166,0.8615255988863384,1.52030677673711,-0.2027444210355669,0.0786031866957917,0.0096990904408363,0.4243726569704997,1.0628133458841218,0.0008251217616103559,0.01765471833109247,2.597891802420257,2.5987169241818675,-0.044461237461244085,-0.044461237461244085
86,297,291,264,387,123.14625451064276,1.4341523809523808,6,123,0.0433714746905327,-0.0467531166002476,0.712517114493987,-0.0575747119601985,0.8747463420251523,0.02,3.0,3.0,2.0,0.005,5.0,4.242640687119285,4.242640687119285,0.0344520481274777,0.0344520481274777,0.02,0.3446086905375949,0.6424642644749421,-0.7359704976754375,0.8615281910862951,1.574045305580282,-0.149011076592308,0.0778235228180104,0.008919426563055,0.4243791335517511,1.0628582527665338,0.0008743415647345391,0.01734315135958557,2.552044722563017,2.5529190641277517,-0.04579786005411579,-0.04579786005411579
87,297,291,264,387,123.14625451064276,1.4508285714285714,6,123,0.0425860508492149,-0.0470985170407572,0.7674629754311324,-0.0580000596657493,0.9423701922008418,0.02,3.0,3.0,2.0,0.005,5.0,4.242640687119285,4.242640687119285,0.0344520481274777,0.0344520481274777,0.02,0.3446099985184051,0.642121479996053,-0.7363185140775675,0.8615254290367735,1.628988404467906,-0.0940624536056411,0.0770380989766927,0.0081340027217372,0.4243808397381443,1.0628658485891034,0.0008873081229753988,0.017029271949371438,2.505857367350007,2.5067446754729823,-0.046174388654769416,-0.046174388654769416
88,297,291,264,387,123.14625451064276,1.467504761904762,6,123,0.0418137079590604,-0.0463141082045822,0.8229261319111496,-0.0570340895639493,1.0107612258424774,0.02,3.0,3.0,2.0,0.005,5.0,4.242640687119285,4.242640687119285,0.0344520481274777,0.0344520481274777,0.02,0.3446070419649043,0.6428999757252264,-0.7355281921343909,0.8615198367892625,1.684445968700412,-0.0385937048781128,0.0762657560865381,0.0073616598315827,0.4243769830821221,1.062834130321218,0.0008579986475142993,0.016720609842411163,2.4604377383108025,2.461295736958317,-0.04544893851466547,-0.04544893851466547
89,295,291,265,387,122.06555615733704,1.4841809523809524,4,122,0.0410760894889617,-0.0442318328728542,0.879673847703413,-0.0539918327948334,1.0713906168451368,0.02,3.0,3.0,2.0,0.005,5.0,4.242640687119285,4.242640687119285,0.0347570667818095,0.0347570667818095,0.02,0.3476489281275865,0.6510660233823188,-0.7395296891280273,0.8691379101544277,1.7488117578578406,0.0105359375489852,0.0758331562707712,0.0063190227071522,0.4243653605181571,1.0627588321369816,0.0007825820157168423,0.016425815823229502,2.4170587983882212,2.4178413804039383,-0.04345435655437857,-0.04345435655437857
90,295,291,265,387,122.06555615733704,1.500857142857143,4,122,0.0403975309379309,-0.0406902614838583,0.936336958743627,-0.0496687939821464,1.1409238799823824,0.02,3.0,3.0,2.0,0.005,5.0,4.242640687119285,4.242640687119285,0.0347570667818095,0.0347570667818095,0.02,0.3476368986431596,0.654583535802461,-0.7359640587701777,0.8691373453967799,1.8054743041404069,0.0671996133468471,0.0751545977197404,0.0056404641561213,0.4243497909246786,1.062656175330764,0.000662278951849905,0.01615461758879186,2.377151978190722,2.377814257142572,-0.04002712326136626,-0.04002712326136626
91,295,290,265,387,122.10241602851272,1.5175333333333334,5,122,0.0398055925025464,-0.0354960226815346,0.9932409427096494,-0.0433415012881827,1.2112327371200806,0.02,3.0,3.0,2.0,0.005,5.0,4.242640687119285,4.242640687119285,0.0347465744341091,0.0347465744341091,0.02,0.3475161616409195,0.6595363006003043,-0.7305283459633736,0.868887444948903,1.8621283876585524,0.1243534977607463,0.0745521669366556,0.0050590180684372,0.4243293411135355,1.0625372195318117,0.0005039870504832077,0.015918032575992995,2.3423384935573694,2.3428424806078527,-0.03497177653471928,-0.03497177653471928
92,293,290,265,387,122.03687967167956,1.534209523809524,3,122,0.0393314835172002,-0.0284302932389207,1.049417817189794,-0.0346954427502874,1.2796903572056302,0.02,3.0,3.0,2.0,0.005,5.0,4.242640687119285,4.242640687119285,0.0347652340713186,0.0347652340713186,0.02,0.3476846673874991,0.6669390415360775,-0.7237996280139191,0.8693911392064569,1.918808956396251,0.1800266779833371,0.0740967175885188,0.0045662494458816,0.4243059003708868,1.0624292927842791,0.00032331262946040814,0.015728537423827602,2.3144542819162317,2.314777594545692,-0.02806488606216062,-0.02806488606216062
93,294,290,265,387,122.06555615733704,1.5508857142857142,4,122,0.0390098124451658,-0.0192892418981221,1.1055642744865404,-0.0235455204014768,1.3490590050901825,0.02,3.0,3.0,2.0,0.005,5.0,4.242640687119285,4.242640687119285,0.0347570667818095,0.0347570667818095,0.02,0.3475855525699753,0.6758818632418286,-0.7144603470380728,0.8692643267980626,1.974828601284603,0.2362999476884777,0.0737668792269754,0.0042527456633563,0.4242833340547817,1.0623758359953988,0.00014882994120170764,0.015599967693484373,2.2955352460962257,2.2956840760374275,-0.019093518508264573,-0.019093518508264573
94,294,290,265,387,122.06555615733704,1.5675619047619047,4,122,0.0388791712628691,-0.0078339943695895,1.1589378638360317,-0.0095626087965738,1.4145890355859427,0.02,3.0,3.0,2.0,0.005,5.0,4.242640687119285,4.242640687119285,0.0347570667818095,0.0347570667818095,0.02,0.3475731230106378,0.6873122516516861,-0.7029802403908652,0.8694046042238761,2.028342468059908,0.2895332596121556,0.0736362380446787,0.0041221044810596,0.4242672464724655,1.0624415716598865,2.4548587113104e-05,0.015547750843596941,2.28785153663529,2.287876085222403,-0.007807990815024368,-0.007807990815024368
95,294,290,264,388,124.0644993541666,1.5842380952380952,4,124,0.0389826376526342,0.0062044379927634,1.211774880649514,0.0076975049334616,1.5033346802853105,0.02,3.0,3.0,2.0,0.005,5.0,4.242640687119285,4.242640687119285,0.0341970564440664,0.0341970564440664,0.02,0.3419721296732353,0.6901486973392341,-0.6777398213537071,0.8556503924517026,2.0674252731012164,0.3561244881978113,0.0731796940967007,0.0047855812085677,0.4242661240264776,1.0627482775959978,1.5398020322418374e-05,0.0155891060403964,2.29393695384433,2.2939523518646525,0.006076266642249362,0.006076266642249362
96,294,290,264,388,124.0644993541666,1.6009142857142855,4,124,0.0393677553470094,0.0230938651681309,1.262263285830266,0.0286512882023678,1.5653589571101336,0.02,3.0,3.0,2.0,0.005,5.0,4.242640687119285,4.242640687119285,0.0341970564440664,0.0341970564440664,0.02,0.341992249192462,0.707078363553055,-0.6608906332167931,0.8560226021330828,2.118285887963349,0.4062406836971832,0.0735648117910759,0.0051706989029429,0.4242925430167282,1.063377099133235,0.0002133306433615239,0.01574303492459358,2.316587589153945,2.3168009197973065,0.022848567932653996,0.022848567932653996
97,294,290,264,388,124.0644993541666,1.6175904761904762,4,124,0.0400868289205801,0.0431197745430758,1.309741452335825,0.0534963324095124,1.622617425882052,0.02,3.0,3.0,2.0,0.005,5.0,4.242640687119285,4.242640687119285,0.0341970564440664,0.0341970564440664,0.02,0.3420461571546854,0.7272120888524466,-0.640972539766295,0.856579719985906,2.166321172321731,0.4531617323499191,0.0742838853646466,0.0058897724765136,0.4243633292473506,1.0645161780491637,0.0007437259826582753,0.016030437400994007,2.358878863556268,2.3596225895389265,0.04282166974161994,0.04282166974161994
98,294,290,264,388,124.0644993541666,1.6342666666666668,4,124,0.0411967513473954,0.0665573128587094,1.354488011053366,0.0825739969817441,1.6749428663744592,0.02,3.0,3.0,2.0,0.005,5.0,4.242640687119285,4.242640687119285,0.0341970564440664,0.0341970564440664,0.02,0.3421506389344051,0.7508585907275196,-0.6177439650101009,0.857381106646566,2.211869117699932,0.4971069044068001,0.0753938077914619,0.0069996949033289,0.4245005218085371,1.0663781816177942,0.00177195035798885,0.01647403973541003,2.424154947065586,2.425926897423575,0.06630430788464858,0.06630430788464858
99,293,290,264,388,124.03628501370072,1.650942857142857,3,124,0.0427590699939414,0.0936855841732366,1.3957108444811883,0.1162041182018663,1.7203012303307386,0.02,3.0,3.0,2.0,0.005,5.0,4.242640687119285,4.242640687119285,0.0342048351952064,0.0342048351952064,0.02,0.3424049634985709,0.7784955111703786,-0.5911243428239052,0.8586948749882446,2.254405719469433,0.537015969492944,0.0769639051891478,0.008554234798735,0.4247322281590918,1.0692315878230505,0.00351079547275224,0.017098416604984172,2.516032003423421,2.5195427988961736,0.09361590147259857,0.09361590147259857
100,292,289,264,388,124.03628501370072,1.6676190476190476,3,124,0.0448397003182736,0.1247665243031879,1.4328373602321929,0.1547557616863903,1.7579298934188847,0.02,3.0,3.0,2.0,0.005,5.0,4.242640687119285,4.242640687119285,0.0342048351952064,0.0342048351952064,0.02,0.3426805762335768,0.8101276767703415,-0.5605946281639657,0.8602180034994684,2.293055363731661,0.5726193567327242,0.07904453551348,0.0106348651230672,0.4250940329300688,1.0734062804287765,0.006226674234679192,0.01792987042187837,2.6383804325794022,2.6446071068140813,0.12506430791790768,0.12506430791790768
101,292,289,265,388,123.03657992645928,1.684295238095238,3,123,0.0475081131323249,0.1600133326529873,1.4655995377011393,0.1968749319225839,1.7717209326327172,0.02,3.0,3.0,2.0,0.005,5.0,4.242640687119285,4.242640687119285,0.0344827586206896,0.0344827586206896,0.02,0.3458585070572848,0.851730346767557,-0.5317036814615823,0.8691247191957745,2.334724256896914,0.5964748185053648,0.0819908717530145,0.0130253545116352,0.4256076842559136,1.0791368522722964,0.010241706650686232,0.018996097606254026,2.79527576276028,2.805517469410966,0.16091036259688485,0.16091036259688485
102,292,289,265,388,123.03657992645928,1.7009714285714286,3,123,0.0508369788062443,0.1996178730791204,1.493950494889032,0.24560300395849,1.789078845433841,0.02,3.0,3.0,2.0,0.005,5.0,4.242640687119285,4.242640687119285,0.0344827586206896,0.0344827586206896,0.02,0.3464306552208891,0.8924791835208987,-0.4932434373626578,0.8717178388788563,2.3656683337678883,0.6222326560101757,0.085319737426934,0.0163542201855547,0.4263532719445143,1.087097935982807,0.015938918101052732,0.020326033787087742,2.9909758717699613,3.006914789871014,0.20139732046004788,0.20139732046004788
103,292,289,265,388,123.03657992645928,1.717647619047619,3,123,0.0549010658063708,0.2437059594593235,1.516564496992969,0.299847477595715,1.7928544722601378,0.02,3.0,3.0,2.0,0.005,5.0,4.242640687119285,4.242640687119285,0.0344827586206896,0.0344827586206896,0.02,0.3472142631340687,0.9381344857274608,-0.4507225668088139,0.8750053709992391,2.3915698679922084,0.6415591259937299,0.0893838244270604,0.0204183071856811,0.4273743033299019,1.0976675372152118,0.023757037870395774,0.0219493960659266,3.2298536311010992,3.253610668971495,0.24669587910048119,0.24669587910048119
104,292,289,265,389,124.03628501370072,1.7343238095238096,3,124,0.0597759470955797,0.2923258340188107,1.5346334445854848,0.3625901046522497,1.7975078584921882,0.02,3.0,3.0,2.0,0.005,5.0,4.242640687119285,4.242640687119285,0.0342048351952064,0.0342048351952064,0.02,0.3455047348901475,0.9833353037991056,-0.3986836357614843,0.8722722268366518,2.4069056714221366,0.6623612177488329,0.0939807822907861,0.0255711119003733,0.428800418984015,1.1116916055386736,0.03418175729391731,0.023896142098424687,3.516317309783193,3.55049906707711,0.29688839810561474,0.29688839810561474
105,293,289,264,389,125.06398362438324,1.751,4,125,0.0655364982904721,0.345435679876477,1.5458469854571455,0.4320156221134942,1.7840642106081126,0.02,3.0,3.0,2.0,0.005,5.0,4.242640687119285,4.242640687119285,0.0339237609755148,0.0339237609755148,0.02,0.3440938111609745,1.033623302198426,-0.3427519424454719,0.8704208989273146,2.4162678843844603,0.6754260865298312,0.099460259265987,0.0316127373149572,0.430683893537497,1.1295596434116175,0.04773032357268957,0.026195837919203803,3.85471754981084,3.9024478733835295,0.35194880630641956,0.35194880630641956
106,294,290,264,388,124.0644993541666,1.7676761904761904,4,124,0.0722550282275646,0.402881578180872,1.551469142348311,0.4998330129602641,1.7234489110004827,0.02,3.0,3.0,2.0,0.005,5.0,4.242640687119285,4.242640687119285,0.0341970564440664,0.0341970564440664,0.02,0.3485078641801756,1.0998973065412232,-0.2941341501794792,0.8830266227138432,2.434495765062154,0.6684425196344677,0.1064520846716311,0.0380579717834981,0.4328435330219641,1.1506721053151645,0.06492542641500404,0.028876869304034464,4.249231318088672,4.314156744503676,0.41170887112014665,0.41170887112014665
107,294,291,263,388,125.03599481749244,1.784352380952381,3,125,0.0799995013046407,0.4644030114751505,1.5509965084712765,0.580670925360348,1.669638587538226,0.02,3.0,3.0,2.0,0.005,5.0,4.242640687119285,4.242640687119285,0.0339313546736043,0.0339313546736043,0.02,0.3480393215180556,1.1604816545112615,-0.2316756315609607,0.8835873473988397,2.434583855870116,0.6674091610724368,0.113930855978245,0.0460681466310364,0.4357934811259261,1.1774802117914065,0.08626806282687553,0.03196567874751107,4.703749627696254,4.79001769052313,0.47586094601945383,0.47586094601945383
108,294,291,263,388,125.03599481749244,1.8010285714285714,3,125,0.088831343322778,0.5296078880093763,1.5436873714418198,0.6622004914044349,1.5794582580628052,0.02,3.0,3.0,2.0,0.005,5.0,4.242640687119285,4.242640687119285,0.0339313546736043,0.0339313546736043,0.02,0.3506192041830088,1.230846296375394,-0.1716305203566414,0.8915769115230964,2.435264282964916,0.6521104599187234,0.1227626979963823,0.0548999886491737,0.4391992206169908,1.208673627323598,0.11219380601670086,0.03548582451005338,5.221739076654355,5.333932882671056,0.5439151921479262,0.5439151921479262
109,295,292,262,388,126.03570922560004,1.817704761904762,3,126,0.0988035498675345,0.5979906837232613,1.530755876885964,0.7536817993336271,1.4786043314524842,0.02,3.0,3.0,2.0,0.005,5.0,4.242640687119285,4.242640687119285,0.033662211393797,0.033662211393797,0.02,0.3510825229617624,1.300155729646786,-0.1041743622002635,0.8942005671228188,2.4249564440087825,0.6365553097631451,0.1324657612613316,0.0651413384737375,0.4434983709610195,1.2460811731491657,0.14303714312792543,0.03945714904403883,5.806119481830314,5.949156624958239,0.6152237422871831,0.6152237422871831
110,295,294,262,387,125.00399993600205,1.8343809523809524,1,125,0.1099582154356065,0.6688977068232734,1.5109005615773043,0.8361488890092839,1.3293880626060102,0.02,3.0,3.0,2.0,0.005,5.0,4.242640687119285,4.242640687119285,0.0339400394330691,0.0339400394330691,0.02,0.3572608067859977,1.383419320395269,-0.0456239067487219,0.9105736172541448,2.421474178831449,0.6003269443231595,0.1438982548686757,0.0760181760025373,0.4478408816042249,1.2864925834421652,0.17896965687737357,0.043894707487509524,6.459106206787027,6.6380758636644,0.6889192387061609,0.6889192387061609
111,295,296,261,387,126.00396819148196,1.851057142857143,1,126,0.1223245638673117,0.7415571589543398,1.484675969938669,0.9343914466904836,1.177845970349066,0.02,3.0,3.0,2.0,0.005,5.0,4.242640687119285,4.242640687119285,0.0336706910743632,0.0336706910743632,0.02,0.3586979245771496,1.4589530081086393,0.0241613098000404,0.9149576393197846,2.3996336092584536,0.5697183306188843,0.155995254941675,0.0886538727929485,0.4534919179324347,1.3345334074023467,0.21996280799857285,0.04880789154176322,7.182081240370458,7.402044048369031,0.7639681847046305,0.7639681847046305
112,295,300,259,386,127.09838708654016,1.8677333333333328,5,127,0.1359174134999899,0.8151052035586855,1.4517279778940355,1.0359855667815492,1.0006856184920283,0.02,3.0,3.0,2.0,0.005,5.0,4.242640687119285,4.242640687119285,0.0333807594602322,0.0333807594602322,0.02,0.3604220669268854,1.5359493374124562,0.0942610697049147,0.9196241800083714,2.371352157902407,0.5321037978856641,0.1692981729602221,0.1025366540397576,0.4599000108482029,1.3879280401448686,0.26575859714737854,0.0541997281997748,7.975490004596862,8.24124860174424,0.8392045533752102,0.8392045533752102
113,295,303,258,385,127.251719045363,1.884409523809524,8,127,0.1507353262358121,0.8885670115712537,1.4122033254090591,1.13071679709443,0.792335362671192,0.02,3.0,3.0,2.0,0.005,5.0,4.242640687119285,4.242640687119285,0.0333405373141313,0.0333405373141313,0.02,0.3648509238362193,1.6182688592436922,0.1588651638988151,0.9304328087663628,2.342636134175422,0.4817705166426962,0.1840758635499434,0.1173947889216807,0.4663999737656575,1.4439887745637936,0.3158205336210675,0.06006606452877988,8.83872139540996,9.154541929031028,0.9132933272867874,0.9132933272867874
114,295,306,257,385,128.47178678604885,1.9010857142857145,11,128,0.1667594646914401,0.9608992220679248,1.3667530185417514,1.2344843998039066,0.5696769244462825,0.02,3.0,3.0,2.0,0.005,5.0,4.242640687119285,4.242640687119285,0.0330239097101123,0.0330239097101123,0.02,0.3670628864086902,1.6950249948853051,0.2267734492505444,0.9353044666511467,2.302057485192898,0.4314485518906046,0.1997833744015524,0.1337355549813277,0.4740134007847632,1.505877740805852,0.3693309259882973,0.06639505764920454,9.770032733080448,10.139363659068746,0.9848217300377176,0.9848217300377176
115,296,310,257,385,128.76334882255898,1.9177619047619048,14,128,0.183953147255647,1.031031792827955,1.3154316030266566,1.3275910638705437,0.325005188802574,0.02,3.0,3.0,2.0,0.005,5.0,4.242640687119285,4.242640687119285,0.0329491328543016,0.0329491328543016,0.02,0.371654150517539,1.7743400938630334,0.2877234917928772,0.9455335302037292,2.260965133230386,0.3698980728229273,0.2169022801099487,0.1510040144013453,0.4813229824039548,1.567992573189756,0.42521062312881097,0.07316697736437384,10.766520719167612,11.191731342296423,1.0523676832276774,1.0523676832276774
116,298,312,257,385,128.76334882255898,1.9344380952380955,14,128,0.2022612924182704,1.0978613604085812,1.2581762843892317,1.4136430530909927,0.0680858324722004,0.02,3.0,3.0,2.0,0.005,5.0,4.242640687119285,4.242640687119285,0.0329491328543016,0.0329491328543016,0.02,0.3769394560332085,1.8517402724749985,0.343982448342164,0.9570447501868206,2.215221034576052,0.3011315342024109,0.2352104252725721,0.1693121595639687,0.4884541422118568,1.6299906691253632,0.4821198266712723,0.08035401523448454,11.8240933417544,12.306213168425673,1.11448182612925,1.11448182612925
117,298,313,258,385,127.88275880665071,1.9511142857142856,15,127,0.2216111003910564,1.1603254352613224,1.1957443017307574,1.483856177747457,-0.1926052639834057,0.02,3.0,3.0,2.0,0.005,5.0,4.242640687119285,4.242640687119285,0.0331760178362577,0.0331760178362577,0.02,0.3840655188968908,1.928456473055104,0.3921943974675407,0.9727797908980572,2.1685240926288145,0.2229645108327002,0.2547871182273141,0.1884350825547986,0.4945682239140146,1.6879617182042082,0.538542046285751,0.08792064317589834,12.937522643333441,13.476064689619193,1.1698515211935199,1.1698515211935199
118,298,315,258,385,128.1327436684316,1.967790476190476,17,127,0.2419130677921323,1.2174223741364751,1.1287593562054088,1.559916690014424,-0.4527671476923567,0.02,3.0,3.0,2.0,0.005,5.0,4.242640687119285,4.242640687119285,0.0331112919746567,0.0331112919746567,0.02,0.3883976746306954,1.994217723397866,0.4406270248750842,0.9814301238735892,2.110189480078998,0.1473292323318197,0.275024359766789,0.2088017758174756,0.5013734576632446,1.7470530387049152,0.5928468948192368,0.09582417028534107,14.100526657487938,14.693373552307175,1.2173088626879824,1.2173088626879824
119,300,320,258,385,128.56515857727553,1.9844666666666664,20,127,0.263062386178738,1.2682343978261694,1.057042270005272,1.6305075646967702,-0.7088777088031111,0.02,3.0,3.0,2.0,0.005,5.0,4.242640687119285,4.242640687119285,0.0329999257502505,0.0329999257502505,0.02,0.3919551974065492,2.052144792639268,0.484324003013071,0.9880876053185044,2.0451298753237763,0.0689546646867675,0.2960623119289886,0.2300624604284874,0.5078919340168043,1.8027694762738395,0.6433673951318027,0.10401552044083391,15.30588383286871,15.949251228000513,1.2558776756933376,1.2558776756933376
120,299,328,258,384,129.29423807734048,2.0011428571428573,29,126,0.2849410255764703,1.31196866748248,0.9815182622946012,1.696299892434909,-0.956445750704745,0.02,3.0,3.0,2.0,0.005,5.0,4.242640687119285,4.242640687119285,0.0328138419020764,0.0328138419020764,0.02,0.3943885244616623,2.1007457164058048,0.5231916185591554,0.9920149777391786,1.97353324003378,-0.0104967154445773,0.3177548674785467,0.2521271836743938,0.5141237507879733,1.854146690459462,0.6885047137823017,0.11244034212545898,16.54559634376129,17.23410105754359,1.2848498295430772,1.2848498295430772
121,298,333,258,384,130.77079184588584,2.017819047619048,35,126,0.3074205564995812,1.3480015687759068,0.902224457033096,1.762792325583217,-1.1964007536228816,0.02,3.0,3.0,2.0,0.005,5.0,4.242640687119285,4.242640687119285,0.032443335604477,0.032443335604477,0.02,0.3947023353956536,2.137406239567214,0.5585968979845997,0.9908591711943884,1.8930836282274843,-0.0886347141612924,0.3398638921040582,0.2749772208951042,0.5205373530940037,1.9020801519204016,0.7268432917689225,0.12104045346911235,17.811102727979883,18.537946019748805,1.3038449622052148,1.3038449622052148
122,298,337,259,384,130.9427355755179,2.034495238095238,39,125,0.3303647327107772,1.3758643644635464,0.8201448117255974,1.8015944366372811,-1.4048295324308362,0.02,3.0,3.0,2.0,0.005,5.0,4.242640687119285,4.242640687119285,0.0324007335609118,0.0324007335609118,0.02,0.3970192384879616,2.1699028414394697,0.5818258874876232,0.9949893564540404,1.8151341681796376,-0.1748445447284431,0.362765466271689,0.2979639991498654,0.5243997426004392,1.935559815870702,0.7572010997602715,0.12975522376878776,19.093481177577118,19.85068227733739,1.3127362575885861,1.3127362575885861
123,298,340,260,384,130.91982279242512,2.0511714285714286,42,124,0.3536330037893126,1.3952989510258025,0.7360474775676047,1.8267229141075476,-1.5851925125694348,0.02,3.0,3.0,2.0,0.005,5.0,4.242640687119285,4.242640687119285,0.0324064041382491,0.0324064041382491,0.02,0.3989470476336096,2.193193046293022,0.5974048557585833,0.9985503554228606,1.7345978329904654,-0.2625028778552559,0.3860394079275617,0.3212265996510635,0.5269395031203556,1.9585535684734912,0.7787436650934821,0.1385233126682033,20.383705459126116,21.1624491242196,1.3117668468822075,1.3117668468822075
124,298,345,260,384,132.60844618650805,2.067847619047619,47,124,0.3770835738719285,1.4062306445886346,0.6499085751095492,1.8647806075875049,-1.7604779727385145,0.02,3.0,3.0,2.0,0.005,5.0,4.242640687119285,4.242640687119285,0.0319937440572389,0.0319937440572389,0.02,0.3966773116778667,2.199585267944368,0.6128760212329012,0.992069779312836,1.6419783544223852,-0.3421612042032868,0.4090773179291675,0.3450898298146895,0.5307059147268044,1.9803888462666643,0.7909938503120668,0.14728420560254654,21.672870854414725,22.46386470472679,1.301415580507193,1.301415580507193
125,298,365,261,383,139.18692467326088,2.0845238095238097,67,122,0.4005769803197533,1.4087993586645131,0.562150511993627,1.9608645021417583,-1.9800246433664,0.02,3.0,3.0,2.0,0.005,5.0,4.242640687119285,4.242640687119285,0.0304816037647129,0.0304816037647129,0.02,0.3848465037637287,2.178492366191971,0.6391063511370558,0.9621376907411996,1.5242882027348266,-0.3999871787475726,0.4310585840844662,0.3700953765550404,0.5402676685387304,2.018353989193064,0.7938862531894175,0.1559798846104362,22.952440020425687,23.746326273615104,1.282461568888312,1.282461568888312
126,298,366,262,382,137.92751719653333,2.1012,68,120,0.4239792186798908,1.4033323973811904,0.4744829502132228,1.9355815337224649,-2.0618217212955465,0.02,3.0,3.0,2.0,0.005,5.0,4.242640687119285,4.242640687119285,0.0307599293698148,0.0307599293698148,0.02,0.3865020071229498,2.17633641162709,0.6303283831352908,0.9663516737442888,1.4408346239575116,-0.4918687235310659,0.4547391480497056,0.393219289310076,0.5376905230117078,2.004415126017637,0.7877367270158558,0.16455623830658322,24.214450466813723,25.002187193829577,1.2558609202144737,1.2558609202144737
127,298,368,262,380,137.20058308913997,2.1178761904761902,70,118,0.4471645970698371,1.3903282301224398,0.386545564034586,1.907538438580907,-2.1217617734420577,0.02,3.0,3.0,2.0,0.005,5.0,4.242640687119285,4.242640687119285,0.0309229056582275,0.0309229056582275,0.02,0.3864955194349129,2.163319268992266,0.6173371912526139,0.96678557249448,1.353331136529066,-0.580240008459894,0.4780875027280646,0.4162416914116096,0.5348113305248189,1.98396347637598,0.7732050349901585,0.17296426349043476,25.451691372617475,26.224896407607634,1.2227092137780566,1.2227092137780566
128,298,369,262,378,136.0036764208968,2.134552380952381,71,116,0.4700181299083008,1.3704288680974592,0.2990005881630784,1.863833643345827,-2.147599637750494,0.02,3.0,3.0,2.0,0.005,5.0,4.242640687119285,4.242640687119285,0.0311950441250528,0.0311950441250528,0.02,0.3867059271801678,2.143840722457795,0.5970170137371236,0.9680439644112068,1.2670445525742853,-0.6690433762481285,0.5012131740333536,0.4388230857832479,0.5303791595445261,1.9529016349627308,0.7512301130059534,0.18116097974237835,26.657838169090976,27.40906828209693,1.1841718744892944,1.1841718744892944
129,298,371,262,376,135.36986370680884,2.151228571428572,73,114,0.4924378762195209,1.344416540649919,0.2129044202629864,1.8199348387295893,-2.158542076557326,0.02,3.0,3.0,2.0,0.005,5.0,4.242640687119285,4.242640687119285,0.0313411018593342,0.0313411018593342,0.02,0.3853452595292471,2.115107059708413,0.5737260215914247,0.9655555726526726,1.178459992915659,-0.7526511523896862,0.5237789780788551,0.4610967743601867,0.5259546942045291,1.9178739143184853,0.722982333909238,0.18911020232539144,27.82756627218135,28.550548606090587,1.1414803239936582,1.1414803239936582
130,298,372,262,375,135.07405376311175,2.167904761904762,74,113,0.5143364712523072,1.3131653217833512,0.1277905808570408,1.7737456327441832,-2.156609336693297,0.02,3.0,3.0,2.0,0.005,5.0,4.242640687119285,4.242640687119285,0.031409738354043,0.031409738354043,0.02,0.3828994813106197,2.0789642844045906,0.5473663591621117,0.9604317110959392,1.08822229195298,-0.8326411302388983,0.5457462096063502,0.4829267328982641,0.5213488517657208,1.8789729108747744,0.689761264933749,0.19678291056563046,28.956605289732526,29.646366554666276,1.0958179485756894,1.0958179485756894
131,300,375,261,373,134.79243302203577,2.1845809523809523,75,112,0.5356416943329223,1.2775833372156549,0.0456681779274141,1.722085664117101,-2.1385507015887693,0.02,3.0,3.0,2.0,0.005,5.0,4.242640687119285,4.242640687119285,0.0314753624665688,0.0314753624665688,0.02,0.380080382671438,2.037744102558531,0.5174225718727787,0.9543557215388904,1.0000238994663049,-0.9086875436114762,0.5671170567994912,0.5041663318663534,0.5162866603235621,1.8360191601454805,0.652887673412436,0.2041571855703905,30.041729856682963,30.6946175300954,1.0482509754291236,1.0482509754291236
132,300,379,261,372,136.24243098242192,2.201257142857143,79,111,0.5562971564184034,1.2386199423046715,-0.0344219589563278,1.6875259200289563,-2.1371005713777764,0.02,3.0,3.0,2.0,0.005,5.0,4.242640687119285,4.242640687119285,0.0311403771683042,0.0311403771683042,0.02,0.3736805057999404,1.9859809539045523,0.4912589307047906,0.9392658920597527,0.904843933103425,-0.9736878510160808,0.5874375335867077,0.5251567792500991,0.5128643790689924,1.7974093782807767,0.6136717445899312,0.21121812415360197,31.080746969202533,31.694418713792466,0.9998011836970662,0.9998011836970662
133,301,381,260,369,135.20724832641184,2.2179333333333333,80,109,0.5762628404766693,1.1972568966978565,-0.1111318661945193,1.6187781054233628,-2.0883515892370097,0.02,3.0,3.0,2.0,0.005,5.0,4.242640687119285,4.242640687119285,0.0313787961787142,0.0313787961787142,0.02,0.3719216838986117,1.94110026449508,0.4534135289006329,0.9355367459908052,0.824404879796286,-1.0466686121853246,0.6076416366553836,0.544884044297955,0.5064156825903945,1.7471132623760572,0.5733696306762329,0.2179576491058363,32.07246806592381,32.64583769660004,0.9514189828075743,0.9514189828075743
134,302,381,260,367,133.00375934536586,2.234609523809524,79,107,0.5955127490096181,1.1543348920386045,-0.1844632806973881,1.5353088018466143,-2.0176036179648515,0.02,3.0,3.0,2.0,0.005,5.0,4.242640687119285,4.242640687119285,0.0318986523990091,0.0318986523990091,0.02,0.3725698596773101,1.8994746113932248,0.4091951726839842,0.9375853255302268,0.7531220448328386,-1.122048606227615,0.6274114014086273,0.563614096610609,0.498881855662092,1.69302952105801,0.5329956171911108,0.2243733252482496,33.01653481027993,33.54953042747104,0.9036927308710005,0.9036927308710005
135,302,382,259,365,132.80060240827223,2.2512857142857143,80,106,0.6140357329392689,1.1107443247363535,-0.2540897588251712,1.475075154465573,-1.9758640867597888,0.02,3.0,3.0,2.0,0.005,5.0,4.242640687119285,4.242640687119285,0.0319474506152918,0.0319474506152918,0.02,0.3692885774668115,1.8493214796699768,0.3721671698027304,0.9296309449359236,0.6755411861107525,-1.1837207037610948,0.6459831835545607,0.5820882823239771,0.4935520874712999,1.6472836468464624,0.4935011819736073,0.23046826657814506,33.913405426974045,34.40690660894765,0.8573761814766101,0.8573761814766101
136,302,384,257,363,134.01492454200763,2.2679619047619046,82,106,0.6318333138585229,1.0672450008690402,-0.3196760962037179,1.430267582592993,-1.954859606533667,0.02,3.0,3.0,2.0,0.005,5.0,4.242640687119285,4.242640687119285,0.0316579716894845,0.0316579716894845,0.02,0.3631777881519736,1.7936005771729873,0.3408894245650929,0.9144338992782408,0.5947578030745228,-1.2341099954819588,0.6634912855480075,0.6001753421690383,0.4896289694850578,1.607349876936437,0.45560475675198314,0.23625005402892768,34.76419545035671,35.21980020710869,0.8128935981610397,0.8128935981610397
137,303,386,256,359,132.2800060477773,2.284638095238096,83,103,0.6489180539939994,1.0244989801398925,-0.3811023477703095,1.3552073128884663,-1.892530718611145,0.02,3.0,3.0,2.0,0.005,5.0,4.242640687119285,4.242640687119285,0.032073181835106,0.032073181835106,0.02,0.3633974874052563,1.7512939549504052,0.2977040053293798,0.9147573316890872,0.5336549839187776,-1.2958596794593968,0.6809912358291054,0.6168448721588934,0.4834238493245779,1.5610385475992952,0.419839264123072,0.24172989280002677,35.57055372552394,35.99039298964701,0.7705927825383228,0.7705927825383228
138,304,388,256,357,131.36590120727678,2.3013142857142856,84,101,0.6653119533201547,0.9830722040241994,-0.437991037368945,1.2914216603346282,-1.8449316113965688,0.02,3.0,3.0,2.0,0.005,5.0,4.242640687119285,4.242640687119285,0.0322963619031166,0.0322963619031166,0.02,0.3621898572976889,1.7074519186195771,0.2586924894288215,0.9113783191842592,0.4733872818153141,-1.349369356553204,0.6976083152232714,0.633015591417038,0.4783262269610569,1.520199532966983,0.3865723833299989,0.2469218336013583,36.33454781443987,36.72112019776987,0.7307272081228575,0.7307272081228575
139,304,390,255,355,131.89389675038038,2.3179904761904764,86,100,0.6810447514553698,0.9434287859494924,-0.4907863583030896,1.2443249888535903,-1.8212492662459872,0.02,3.0,3.0,2.0,0.005,5.0,4.242640687119285,4.242640687119285,0.0321670736224346,0.0321670736224346,0.02,0.3580840072656919,1.6595968004808763,0.2272607714181084,0.9006794548287635,0.4098930965256739,-1.3914658131318531,0.7132118250778045,0.6488776778329352,0.4746407977769559,1.485881935451372,0.3560231496632533,0.25184202037389264,37.0585532980183,37.414576447681554,0.6934562499116836,0.6934562499116836
140,304,392,255,353,131.71180660821565,2.3346666666666667,88,98,0.6961521030427195,0.9059234247125826,-0.5383285761543478,1.1932081091759608,-1.789997469800687,0.02,3.0,3.0,2.0,0.005,5.0,4.242640687119285,4.242640687119285,0.0322115442523635,0.0322115442523635,0.02,0.3557830315101846,1.6174894877329518,0.1943573616922134,0.89438602415319,0.3560574479988422,-1.4327146003075375,0.728363647295083,0.663940558790356,0.4707923565398618,1.4529597493643376,0.3282789005771898,0.2565079565348741,37.74514580410673,38.073424704683916,0.6588482570023615,0.6588482570023615
141,304,392,255,352,130.96946208945045,2.351342857142857,88,97,0.7106737142720643,0.8707990742896757,-0.5813438944955781,1.1404808634771022,-1.7545126516716716,0.02,3.0,3.0,2.0,0.005,5.0,4.242640687119285,4.242640687119285,0.0323941216481565,0.0323941216481565,0.02,0.3550008887385774,1.5808008517668304,0.1607972968125209,0.8918357156653451,0.310491821169767,-1.4731796101609231,0.7430678359202209,0.6782795926239077,0.4669769720581992,1.4221407169526643,0.30331641111350255,0.2609378169085685,38.39699975809585,38.70031616920935,0.6268914645254355,0.6268914645254355
142,303,392,255,351,130.9083648969767,2.368019047619048,89,96,0.7246522749566807,0.8382346498484667,-0.6200213148583722,1.097319274116526,-1.7314708028048704,0.02,3.0,3.0,2.0,0.005,5.0,4.242640687119285,4.242640687119285,0.032409240543629,0.032409240543629,0.02,0.3529531174856393,1.544140884819745,0.1323284148771881,0.8861304393330685,0.2661091244746962,-1.5061517541914409,0.7570615155003098,0.6922430344130517,0.4639421499889687,1.395763566907256,0.2810549312826327,0.26515005223356686,39.016830186169365,39.297885117452,0.5975689482426461,0.5975689482426461
143,303,393,254,350,131.59027319676784,2.384695238095238,90,96,0.7381315063268534,0.8082920010669262,-0.6536036418800577,1.06363365243159,-1.7198053913000453,0.02,3.0,3.0,2.0,0.005,5.0,4.242640687119285,4.242640687119285,0.032241294010958,0.032241294010958,0.02,0.3494553931235984,1.5072027873141232,0.1093812148197292,0.8768396161756988,0.2232359742956411,-1.5304432580557563,0.7703728003378115,0.7058902123158953,0.4616218415512928,1.3734838933180755,0.26133438359551037,0.26916276461658556,39.60730081333057,39.86863519692608,0.570750079474081,0.570750079474081
144,303,395,254,350,132.9661611087573,2.4013714285714287,92,96,0.751155511369732,0.7809940202754034,-0.6831695886197291,1.0384577672491535,-1.719413682380279,0.02,3.0,3.0,2.0,0.005,5.0,4.242640687119285,4.242640687119285,0.0319076722358637,0.0319076722358637,0.02,0.344633755582392,1.4702615314401877,0.0917265091106194,0.8642829587370326,0.1811133701173035,-1.5474525473567615,0.7830631836055958,0.7192478391338682,0.459907085627053,1.3548076158023834,0.24398066388237494,0.27299351183122694,40.17099526596505,40.41497592984742,0.5463407329213439,0.5463407329213439
145,303,397,254,349,133.64505228402584,2.418047619047619,94,95,0.7637675726565314,0.7562915106304675,-0.7083965388519197,1.0107461848017372,-1.7111556836945647,0.02,3.0,3.0,2.0,0.005,5.0,4.242640687119285,4.242640687119285,0.0317455873944567,0.0317455873944567,0.02,0.3415913360905213,1.43947418281151,0.0731088384494248,0.85620841094205,0.1478118720901303,-1.5646049497939698,0.7955131600509882,0.7320219852620746,0.458083375838965,1.3374232341733918,0.22879073962068586,0.2766589686027254,40.71036722989104,40.939157969511726,0.5241820396643035,0.5241820396643035
146,303,398,254,348,133.64505228402584,2.4347238095238093,95,94,0.7760092556160916,0.734081502429374,-0.7299683455332289,0.9810636077290992,-1.6957472241852811,0.02,3.0,3.0,2.0,0.005,5.0,4.242640687119285,4.242640687119285,0.0317455873944567,0.0317455873944567,0.02,0.3402412556850621,1.414564013799498,0.0535989910592498,0.8524134726412135,0.1224451271079846,-1.5823818181744422,0.8077548430105483,0.7442636682216348,0.4561945524652978,1.321355783607578,0.2155502608835868,0.2801747009203158,41.22770724042447,41.44325750130806,0.504099531796335,0.504099531796335
147,303,399,254,347,133.6600164596728,2.4514,96,93,0.7879202143635019,0.7142493823404141,-0.7469286871798246,0.9546658419993088,-1.6802144942160688,0.02,3.0,3.0,2.0,0.005,5.0,4.242640687119285,4.242640687119285,0.0317420332534475,0.0317420332534475,0.02,0.3390320948443499,1.392313572029114,0.0361851926517143,0.8490291305432752,0.1021004433634505,-1.5959578177230995,0.8196622476169495,0.7561781811100543,0.4545554130957023,1.3074129602850708,0.20406087206946524,0.28355515591047187,41.725141192225934,41.929202064295396,0.4859445629873349,0.4859445629873349
148,303,400,254,347,134.3800580443393,2.4680761904761903,97,93,0.7995374630695802,0.696636844168037,-0.7609452501310043,0.9361409955512616,-1.6747089776488415,0.02,3.0,3.0,2.0,0.005,5.0,4.242640687119285,4.242640687119285,0.031571951589122,0.031571951589122,0.02,0.3364147135077092,1.369466271183455,0.0238074171526185,0.8421885958818381,0.0812433457508338,-1.6031338460128426,0.8311094146587021,0.7679655114804582,0.453414179809783,1.2961668226664258,0.19412115706096075,0.2868135046370166,42.20460720733699,42.398728364397954,0.469526300102558,0.469526300102558
149,303,402,254,346,135.14806694880988,2.484752380952381,99,92,0.8108951248122185,0.6810705214032001,-0.771399237646788,0.9204536442346054,-1.6694250015438286,0.02,3.0,3.0,2.0,0.005,5.0,4.242640687119285,4.242640687119285,0.0313925369626357,0.0313925369626357,0.02,0.3338394610004398,1.34874944340408,0.0133915994023204,0.8355054462924048,0.0641062086456167,-1.6069046839391927,0.8422876617748543,0.7795025878495827,0.4524608820189152,1.2865523220979445,0.1855428220497708,0.2899616285104329,42.6678536353102,42.85339645735997,0.4546680929620166,0.4546680929620166
150,303,402,254,344,133.79461872586654,2.501428571428572,99,90,0.8220245225956115,0.6673825055718179,-0.7791945382882621,0.8929218787729487,-1.638440802370942,0.02,3.0,3.0,2.0,0.005,5.0,4.242640687119285,4.242640687119285,0.0317100996102996,0.0317100996102996,0.02,0.3360645640819807,1.3395116337357793,-0.0047466225921436,0.8408580179235522,0.06166347963529,-1.6200525562118142,0.8537346222059111,0.790314422985312,0.4508728232723352,1.2760747797074652,0.17815976349732704,0.2930102010650322,43.11645108671949,43.29461085021682,0.4412143928568497,0.4412143928568497
151,304,402,254,343,132.38202294873727,2.518104761904762,98,89,0.832954196867939,0.6554059386604225,-0.7841690738461091,0.8676396401248274,-1.6067550560508603,0.02,3.0,3.0,2.0,0.005,5.0,4.242640687119285,4.242640687119285,0.032048465438258,0.032048465438258,0.02,0.3386092019786816,1.3326243426177855,-0.0218124652969406,0.8470523516127217,0.0628832777666126,-1.6312214254588309,0.865002662306197,0.800905731429681,0.4494539667789787,1.2669517561702006,0.17182277777253985,0.29596874560099,43.55180091518568,43.72362369295822,0.4290128427414004,0.4290128427414004
152,304,403,254,342,132.45754036671525,2.5347809523809524,99,88,0.8437094870040797,0.6449488659593252,-0.7865611547876381,0.8542834044727454,-1.592828672034306,0.02,3.0,3.0,2.0,0.005,5.0,4.242640687119285,4.242640687119285,0.032030193791711,0.032030193791711,0.02,0.3378771345100363,1.3207031349793978,-0.0308054030607474,0.8450972887565564,0.0585361339689183,-1.6316584435441943,0.8757396807957908,0.8116792932123685,0.4487040209911371,1.2604777193071015,0.1663836158808879,0.29884557428901964,43.975126256629245,44.141509872510134,0.417886179551914,0.417886179551914
153,304,404,254,341,132.5481044753187,2.551457142857142,100,87,0.8543129206294487,0.6358426788485415,-0.7872432092855105,0.8427974182588298,-1.579362519670939,0.02,3.0,3.0,2.0,0.005,5.0,4.242640687119285,4.242640687119285,0.0320083090128934,0.0320083090128934,0.02,0.3371890642521615,1.3102208073528647,-0.0385354496557815,0.8432800087120564,0.0560367994265459,-1.6305232179975668,0.8863212296423422,0.8223046116165553,0.4480670253758374,1.254952824232724,0.16171836489811584,0.30164794554450597,44.387495186874055,44.54921355177217,0.40770367926203477,0.40770367926203477
154,304,405,254,340,132.6536844569347,2.5681333333333334,101,86,0.8647849915387065,0.6279654171741946,-0.786182163690499,0.8330192629969299,-1.5660068956807036,0.02,3.0,3.0,2.0,0.005,5.0,4.242640687119285,4.242640687119285,0.0319828333791711,0.0319828333791711,0.02,0.3365361644888027,1.3010377461518,-0.0451069118034107,0.8415708573120887,0.0553886936215897,-1.6277530210025877,0.8967678249178775,0.8328021581595354,0.447530415560175,1.2502628236131124,0.15773622606670415,0.304382313170814,44.78985738308528,44.94759360915198,0.39838005737981064,0.39838005737981064
155,304,405,254,338,131.36590120727678,2.584809523809524,101,84,0.8751438391860663,0.6211759011837613,-0.7835998129108968,0.8160133206724711,-1.53627076593561,0.02,3.0,3.0,2.0,0.005,5.0,4.242640687119285,4.242640687119285,0.0322963619031166,0.0322963619031166,0.02,0.3391696797708043,1.2995152607253702,-0.0571634583578474,0.8480940735084108,0.064494260597514,-1.6316938864193076,0.907440201089183,0.8428474772829496,0.4466345235665381,1.2450433561499483,0.15434380008458323,0.3070542779047727,45.1830369936873,45.337380793771885,0.38978718461990525,0.38978718461990525
156,304,406,254,338,132.13629327327143,2.6014857142857144,102,84,0.8854053965797543,0.6153418197242985,-0.7797939433141633,0.8130898715439843,-1.5307190130200825,0.02,3.0,3.0,2.0,0.005,5.0,4.242640687119285,4.242640687119285,0.0321080649533967,0.0321080649533967,0.02,0.3370797227949937,1.289501265314286,-0.058817625865689,0.8428255158469393,0.063031572532776,-1.6226194591611027,0.917513461533151,0.8532973316263575,0.4464660312822108,1.2422763063837217,0.15145822204064444,0.3096686627703529,45.567743726657426,45.71920194869807,0.38182115492618607,0.38182115492618607
157,304,406,254,337,131.50285168010618,2.6181619047619047,102,83,0.8955841382289157,0.6103757128280771,-0.7757641979006795,0.802661468331697,-1.5100771084452866,0.02,3.0,3.0,2.0,0.005,5.0,4.242640687119285,4.242640687119285,0.032262727636051,0.032262727636051,0.02,0.3383031741025181,1.2869820610331133,-0.0662306353769591,0.8458490550385727,0.0700848571378931,-1.6216132529392522,0.9278468658649668,0.8633214105928646,0.4459238915019708,1.2388253677953671,0.14902340432415334,0.3122297349970601,45.944605504817396,46.09362890914155,0.3744269604434791,0.3744269604434791
158,304,408,254,336,132.43866504914644,2.6348380952380954,104,82,0.9056925881343456,0.606160616830454,-0.7708515504823688,0.8027910289839248,-1.507525808284347,0.02,3.0,3.0,2.0,0.005,5.0,4.242640687119285,4.242640687119285,0.0320347587733906,0.0320347587733906,0.02,0.335917628170942,1.2779958731723382,-0.0656746395114301,0.8398601816309235,0.0690086311485547,-1.6107117321132922,0.9377273469077362,0.873657829360955,0.4459160032429195,1.237174863155454,0.1469722773585106,0.31474110720253945,46.314153924853684,46.46112620221219,0.3674972930706417,0.3674972930706417
159,304,409,255,335,132.00378782444085,2.6515142857142857,105,80,0.9157418833901462,0.6026133648538382,-0.7661092997828374,0.7954724675433842,-1.4906556349035505,0.02,3.0,3.0,2.0,0.005,5.0,4.242640687119285,4.242640687119285,0.0321402950403348,0.0321402950403348,0.02,0.3367472197981783,1.276107804450195,-0.0708810747425184,0.8419147560709019,0.0758054562880645,-1.6080240558537393,0.947882178430481,0.8836015883498114,0.4455390830966372,1.2347646439615754,0.14525714700018608,0.31720590488924133,46.676848904451866,46.82210605145205,0.36097984923986104,0.36097984923986104
160,304,410,255,334,132.20060514233663,2.668190476190476,106,79,0.92574195636173,0.5996617144582005,-0.76157537799541,0.7927564153206518,-1.482192929483889,0.02,3.0,3.0,2.0,0.005,5.0,4.242640687119285,4.242640687119285,0.0320924452845836,0.0320924452845836,0.02,0.3361437941984048,1.2719493028550102,-0.072625873938609,0.840391882613989,0.078816504618579,-1.601967260609399,0.9578344016463136,0.8936495110771463,0.4453944773964669,1.2332374827976378,0.14383766871477938,0.3196268313369277,47.033088231228916,47.1769258999437,0.35481984849164405,0.35481984849164405
161,303,412,255,333,134.03357788255897,2.6848666666666667,109,78,0.9357009786122183,0.5972000778419561,-0.7567670204116315,0.8004486314490009,-1.4923498987027757,0.02,3.0,3.0,2.0,0.005,5.0,4.242640687119285,4.242640687119285,0.0316535658761322,0.0316535658761322,0.02,0.3318328429888109,1.2608657638195775,-0.0664656081356657,0.8296049336162487,0.0728379132046171,-1.58637195402788,0.9673545444883506,0.904047412736086,0.4457686490124684,1.233343661950364,0.14265917318977536,0.32200605376639385,47.38319081172486,47.525849984914636,0.34892408497093896,0.34892408497093896
162,303,413,255,333,134.84806264830058,2.701542857142857,110,78,0.9456266276982364,0.5951988315430625,-0.7531303311854709,0.802614093241142,-1.4932966312974596,0.02,3.0,3.0,2.0,0.005,5.0,4.242640687119285,4.242640687119285,0.0314623777590678,0.0314623777590678,0.02,0.3299090365590278,1.255016904661118,-0.0646192415749931,0.8247877658451552,0.0716574346596843,-1.577918097030626,0.9770890054573044,0.9141642499391684,0.4458702276905771,1.2328690204425166,0.14170465962809078,0.3243455269400192,47.72744428922383,47.86914894885192,0.3432989639372863,0.3432989639372863
163,303,414,256,332,134.52509059651288,2.718219047619048,111,76,0.9555250641416112,0.5935670054564908,-0.7498994856567285,0.7984965518413527,-1.4827641696063034,0.02,3.0,3.0,2.0,0.005,5.0,4.242640687119285,4.242640687119285,0.0315379136212175,0.0315379136212175,0.02,0.3305478845194609,1.2546627744954126,-0.0675287635824311,0.8263797810959397,0.0764802954392112,-1.5762792667526682,0.9870629777628288,0.9239871505203936,0.4456591433728863,1.2316698736184275,0.14092871598663434,0.32664676382106284,48.0660712962694,48.20700001225603,0.3378510634041092,0.3378510634041092
164,303,415,256,332,135.35139452550905,2.734895238095238,112,76,0.965400560330268,0.5921913762472956,-0.7476796649128014,0.8015392860105188,-1.4866595059419736,0.02,3.0,3.0,2.0,0.005,5.0,4.242640687119285,4.242640687119285,0.0313453784646429,0.0313453784646429,0.02,0.3286423855901548,1.2494761474276053,-0.0650933949330141,0.821613161568863,0.0739334966560616,-1.5692928264816643,0.996745938794911,0.9340551818656252,0.4458064427755134,1.2315633185416293,0.1402762504406664,0.3289107745069677,48.3992204687003,48.53949671914096,0.3324967068849318,0.3324967068849318
165,303,416,256,332,136.1800279042415,2.7515714285714283,113,76,0.9752551081947092,0.5909351946124063,-0.7463494839988356,0.8047357129191588,-1.4919255906982134,0.02,3.0,3.0,2.0,0.005,5.0,4.242640687119285,4.242640687119285,0.0311546469215192,0.0311546469215192,0.02,0.3267604839048151,1.2444561624220367,-0.062585773197224,0.8169072462419188,0.0705577622430831,-1.5632567302407545,1.0064097551162283,0.94410046127319,0.4459623890868245,1.2315276591548172,0.13968176169264102,0.3311380079205104,48.72695786550311,48.86663962719575,0.32714290805478896,0.32714290805478896
166,303,418,256,332,137.84411485442533,2.768247619047619,115,76,0.9850877965396496,0.5896243724835631,-0.7463823695695363,0.8127624972159274,-1.508068748161728,0.02,3.0,3.0,2.0,0.005,5.0,4.242640687119285,4.242640687119285,0.0307785406116166,0.0307785406116166,0.02,0.3231099382980448,1.2358442490796526,-0.0565955041125264,0.8077814930475468,0.0613991234780104,-1.554163862617083,1.0158663371512662,0.9543092559280328,0.4463626815561817,1.2321507751095169,0.13906276025065428,0.3333282506729739,49.04925208652811,49.18831484677876,0.3216752195830068,0.3216752195830068
167,303,419,256,331,138.13399291991817,2.7849238095238094,116,75,0.994897407439982,0.5882405165819165,-0.7471644569365361,0.8125601135273546,-1.5100688789800516,0.02,3.0,3.0,2.0,0.005,5.0,4.242640687119285,4.242640687119285,0.030713950979314,0.030713950979314,0.02,0.3224244486349683,1.233089413851853,-0.0566083806880201,0.8060685459946934,0.0589040890581572,-1.5532330029312296,1.0256113584192963,0.964183456460668,0.4463478697875346,1.231598457113822,0.138410762139424,0.3354812399240414,49.36606445482269,49.50447521696211,0.3161603701833542,0.3161603701833542
168,303,419,256,331,138.13399291991817,2.8016,116,75,1.0046779585433545,0.5864979245311739,-0.7495596130034521,0.8101530015473587,-1.5105496767169817,0.02,3.0,3.0,2.0,0.005,5.0,4.242640687119285,4.242640687119285,0.030713950979314,0.030713950979314,0.02,0.3223361544483317,1.2311702334278372,-0.0581743843654894,0.805852161889799,0.0562925488863469,-1.5554117748932512,1.035391909522669,0.9739640075640404,0.446220436166571,1.2306077814347138,0.13759192619174984,0.3375957121258685,49.677209039321546,49.8148009655133,0.3103257485511861,0.3103257485511861
169,303,420,256,331,138.97481786280562,2.8182761904761904,117,75,1.0144205012681191,0.5842187242149027,-0.7530266396832994,0.8119169078980678,-1.5208544610589887,0.02,3.0,3.0,2.0,0.005,5.0,4.242640687119285,4.242640687119285,0.0305281255436331,0.0305281255436331,0.02,0.3204502438681694,1.2251192119512415,-0.056681763521436,0.8011458729113059,0.0481192332280064,-1.554172512594605,1.0449486268117525,0.983892375724486,0.4463021117710491,1.2300048562376686,0.13652460708931544,0.33966986162742907,49.982420138476186,50.1189447455655,0.30414378005220044,0.30414378005220044
170,303,420,256,330,138.4377116251204,2.834952380952381,117,74,1.0241120978299143,0.5811637001647645,-0.7579910005555955,0.804549727303976,-1.5169204919800512,0.02,3.0,3.0,2.0,0.005,5.0,4.242640687119285,4.242640687119285,0.0306465675957434,0.0306465675957434,0.02,0.3214248200306059,1.2240133402259763,-0.0616859398964473,0.8035983453491176,0.045607344793522,-1.561589345904713,1.054758665425658,0.9934655302341712,0.4459209527288331,1.2278514888659395,0.13510049855568015,0.3417011774363772,50.2813282597629,50.41642875831858,0.2974840127530811,0.2974840127530811
171,303,420,256,328,137.37903770226373,2.8516285714285714,117,72,1.0337367332638612,0.5771483269928095,-0.7646961157087702,0.7928808177374361,-1.5081420025691497,0.02,3.0,3.0,2.0,0.005,5.0,4.242640687119285,4.242640687119285,0.0308827369741386,0.0308827369741386,0.02,0.3234775185774446,1.2241033641476988,-0.0698067101620798,0.8087560983028624,0.0440599825940922,-1.5734522140116325,1.064619470238,1.0028539962897225,0.4453262749626377,1.2247789464498997,0.1332400765402396,0.3436866960453587,50.573497323074534,50.706737399614774,0.2903086412961926,0.2903086412961926
172,303,420,256,327,136.8575902169843,2.8683047619047617,117,71,1.043274344260746,0.571929842760087,-0.7723530069828404,0.7827294005332426,-1.5046900162958063,0.02,3.0,3.0,2.0,0.005,5.0,4.242640687119285,4.242640687119285,0.0310004047301482,0.0310004047301482,0.02,0.3243441254225043,1.2206180936050957,-0.0767584080849217,0.8109652592504211,0.0386122522675806,-1.5833182662332614,1.074274748990894,1.0122739395305975,0.4448097296253467,1.2215208880929207,0.13084149801583114,0.34562285624770944,50.85840329685045,50.98924479486628,0.2825073952515069,0.2825073952515069
173,302,420,256,323,135.69450983735487,2.8849809523809524,118,67,1.0527014033582518,0.5653005169834947,-0.7807812773470895,0.7670817656287862,-1.493109045876536,0.02,3.0,3.0,2.0,0.005,5.0,4.242640687119285,4.242640687119285,0.0312661189623999,0.0312661189623999,0.02,0.3265638740275495,1.2184282650385936,-0.0878272310716042,0.8165778888910928,0.0357966115440033,-1.5973591662381823,1.0839675223206515,1.021435284395852,0.4440297763301485,1.217078968552172,0.12782586980072258,0.34750567960624845,51.13546075405946,51.26328662386018,0.2740418289939015,0.2740418289939015
174,302,420,255,322,135.69450983735487,2.9016571428571427,118,67,1.0619916175316966,0.5570945106863008,-0.7911631413742972,0.7559466656065864,-1.4946986844827133,0.02,3.0,3.0,2.0,0.005,5.0,4.242640687119285,4.242640687119285,0.0312661189623999,0.0312661189623999,0.02,0.3261714693775988,1.2094374494414983,-0.0952484280688967,0.8156866968055637,0.0245235554312664,-1.606849838179861,1.0932577364940963,1.0307254985692966,0.4434724257407575,1.2127583990127262,0.12414171753472358,0.3493309591177009,51.40405063416969,51.52819235170442,0.26490572784423705,0.26490572784423705
175,301,420,254,320,136.07718398026907,2.918333333333333,119,66,1.0711160411088905,0.5471527559139748,-0.8026097619397302,0.7445500623181721,-1.499551380911636,0.02,3.0,3.0,2.0,0.005,5.0,4.242640687119285,4.242640687119285,0.0311781928683537,0.0311781928683537,0.02,0.3248591719733824,1.1968710998607397,-0.1025655880327899,0.8125281537552435,0.0099183918155132,-1.6151379156949737,1.102294233977244,1.0399378482405368,0.4429049426826088,1.2078940396349982,0.11975045532170311,0.3510943184971652,51.66352896685786,51.78327942217956,0.2550870704751418,0.2550870704751418
176,301,420,254,317,134.6476884316994,2.935009523809524,119,63,1.080043687658094,0.5353528770224554,-0.8146247354563008,0.7208402738633346,-1.4827772901711462,0.02,3.0,3.0,2.0,0.005,5.0,4.242640687119285,4.242640687119285,0.0315091980897346,0.0315091980897346,0.02,0.3274954102221341,1.1903436974667236,-0.1196379434218128,0.8192698001056279,0.0046450646493271,-1.6338945355619288,1.1115528857478283,1.0485344895683593,0.4417766829694285,1.2009624394992215,0.11464108117448812,0.35279135891028307,51.91324846364816,52.02788954482265,0.24461012264308835,0.24461012264308835
177,301,421,254,315,134.6142637315972,2.9516857142857145,120,61,1.0887426360648458,0.5216388250765044,-0.8284155711009885,0.7022002637148905,-1.4814604422081488,0.02,3.0,3.0,2.0,0.005,5.0,4.242640687119285,4.242640687119285,0.0315170218185685,0.0315170218185685,0.02,0.3269547931588487,1.175548411394202,-0.132270761241193,0.8181057082917289,-0.0103098628092596,-1.6465212793927173,1.1202596578834143,1.0572256142462773,0.4408999172484176,1.1942257441762996,0.1088428255308784,0.3544178805277254,52.152591119654794,52.26143394518567,0.23354440036302293,0.23354440036302293
178,301,421,254,313,133.71985641631537,2.9683619047619048,120,59,1.097180962331896,0.5060104272074712,-0.8426622886978453,0.6766364167134146,-1.469191884806483,0.02,3.0,3.0,2.0,0.005,5.0,4.242640687119285,4.242640687119285,0.0317278286173932,0.0317278286173932,0.02,0.3283078523221561,1.1626261318517834,-0.1506052774368409,0.8216990504297311,-0.0209632382681141,-1.6643613391275764,1.1289087909492892,1.0654531337145028,0.4397412250954368,1.186254496647959,0.10241862097707503,0.35597004640177327,52.38099232802094,52.483410948998014,0.22197700381234142,0.22197700381234142
179,301,422,254,311,133.75350462698165,2.985038095238095,121,57,1.1053276698549452,0.4885232952142663,-0.8588731931863919,0.653417028268297,-1.4679824359872078,0.02,3.0,3.0,2.0,0.005,5.0,4.242640687119285,4.242640687119285,0.0317198468851442,0.0317198468851442,0.02,0.3274931342613307,1.1435095637369277,-0.166462973308395,0.8198992040704521,-0.0389739891159397,-1.678772397256844,1.1370475167400895,1.073607822969801,0.4387140567852871,1.1782589131575112,0.09546200398680209,0.35744452439892077,52.59796176530119,52.693423769287996,0.21001282028998247,0.21001282028998247
180,302,423,254,309,132.9135057095403,3.001714285714286,121,55,1.113154089835399,0.4693170176742675,-0.8743169964019865,0.6237857010823318,-1.4548386158320474,0.02,3.0,3.0,2.0,0.005,5.0,4.242640687119285,4.242640687119285,0.0319203128716719,0.0319203128716719,0.02,0.3286577586998175,1.1266325350739026,-0.1879984997253674,0.8230461843455799,-0.0512708120564066,-1.6973631807475664,1.1450744027070712,1.081233776963727,0.4374603691622182,1.1693260489593935,0.08810338523146749,0.3588386921586442,52.8031135511445,52.89121693637597,0.19779316708797268,0.19779316708797268
181,302,424,254,308,133.41664064126334,3.018390476190476,122,54,1.120634595123225,0.4485739892756906,-0.8909888499455555,0.5984723472821273,-1.4571865203771173,0.02,3.0,3.0,2.0,0.005,5.0,4.242640687119285,4.242640687119285,0.0317999364001908,0.0317999364001908,0.02,0.3266793403962625,1.1019326700682155,-0.2047846915168345,0.8183430846414652,-0.0726457653040902,-1.7093319345870208,1.152434531523416,1.0888346587230342,0.436421314014255,1.1607904180010598,0.08048744954188297,0.3601506971493899,52.99617508553273,53.07666253507461,0.1854455986986423,0.1854455986986423
182,302,424,254,305,132.23085872821065,3.035066666666667,122,51,1.1277477479300628,0.4265454281655939,-0.9085995198197516,0.5640246825292877,-1.4420310971634742,0.02,3.0,3.0,2.0,0.005,5.0,4.242640687119285,4.242640687119285,0.0320851027356607,0.0320851027356607,0.02,0.3286412573629992,1.0838279428915925,-0.2307370865604046,0.8234467709941639,-0.0851527488255877,-1.7320462908139156,1.1598328506657236,1.095662645194402,0.4350881841232231,1.1513174564294062,0.07277640091558794,0.36137958035128026,53.17700524869089,53.249781649606476,0.17311911453186468,0.17311911453186468
183,302,425,254,305,133.15404612703287,3.051742857142857,123,51,1.1344767987106292,0.4035124682806855,-0.9267726247053208,0.5372931781427929,-1.4508397446956085,0.02,3.0,3.0,2.0,0.005,5.0,4.242640687119285,4.242640687119285,0.0318626493938583,0.0318626493938583,0.02,0.325654502625617,1.0548214735319197,-0.2477965369705486,0.8161700662292978,-0.1106025584760229,-1.7429426909346186,1.1663394481044875,1.102614149316771,0.4340912598032633,1.1428103757642645,0.0651289248231885,0.36252527604033774,53.3455943693357,53.41072329415889,0.1609416445524161,0.1609416445524161
184,302,425,254,304,132.7742444904131,3.068419047619048,123,50,1.1408104301031547,0.3798008544918156,-0.9478818239714756,0.5042777151196414,-1.450068037543694,0.02,3.0,3.0,2.0,0.005,5.0,4.242640687119285,4.242640687119285,0.0319537927208888,0.0319537927208888,0.02,0.325754471322485,1.0313097971367855,-0.2717080881531543,0.8165407836379952,-0.1313410403334802,-1.764422607609471,1.1727642228240436,1.108856637382266,0.4329347238144386,1.1339459420421505,0.057699475629085326,0.36358865153676695,53.50207007363526,53.559769549264345,0.14904625510545344,0.14904625510545344
185,302,425,254,303,132.4009063413087,3.085095238095238,123,49,1.1467430104179852,0.3557515322999459,-0.9661114379729648,0.4710182530882221,-1.4467057654206348,0.02,3.0,3.0,2.0,0.005,5.0,4.242640687119285,4.242640687119285,0.0320438945952713,0.0320438945952713,0.02,0.3258844411788896,1.007520414657725,-0.2960173500578332,0.8169265530800701,-0.1491848848928947,-1.783037991053035,1.1787869050132564,1.114699115822714,0.4318404458167124,1.125452708812493,0.05062366109350379,0.3645714647945352,53.64669104451586,53.697314705609365,0.13754515634501985,0.13754515634501985
186,302,425,254,303,132.4009063413087,3.1017714285714284,123,49,1.1522745565112331,0.3317032208972226,-0.9853428757517466,0.4391780708312361,-1.4502796787069778,0.02,3.0,3.0,2.0,0.005,5.0,4.242640687119285,4.242640687119285,0.0320438945952713,0.0320438945952713,0.02,0.3251782869464971,0.9820597947902168,-0.3186533529957715,0.8151657790856899,-0.1701770966660567,-1.8005086548374365,1.1843184511065044,1.120230661915962,0.4308583263084753,1.117559972848586,0.04401081070143667,0.36547628243507985,53.779834960322,53.823845771023436,0.12653106541407055,0.12653106541407055
187,302,425,254,303,132.4009063413087,3.118447619047619,123,49,1.1574112364841045,0.3080247842098586,-1.0050696960562946,0.4078276060497132,-1.456342397288657,0.02,3.0,3.0,2.0,0.005,5.0,4.242640687119285,4.242640687119285,0.0320438945952713,0.0320438945952713,0.02,0.3245299157206548,0.9570846156511684,-0.341035047231451,0.813481463224627,-0.1915882328316676,-1.8185511592809216,1.1894551310793755,1.125367341888833,0.4299564780459862,1.1102341631330728,0.03795170707501199,0.3663064969023545,53.90200101918147,53.93995272625648,0.11610695523304315,0.11610695523304315
188,304,425,254,303,130.5450113945378,3.135123809523809,121,49,1.1621640554808812,0.2850062790757262,-1.0251861271622351,0.372061479494555,-1.4443692043773133,0.02,3.0,3.0,2.0,0.005,5.0,4.242640687119285,4.242640687119285,0.0324994470627224,0.0324994470627224,0.02,0.3284514192082027,0.9419091174921316,-0.3718965593406791,0.823142554324935,-0.2020435728373001,-1.8483286814871704,1.1946635025436037,1.1296646084181587,0.4290136804108434,1.1031497569150466,0.03249143164503629,0.3670660616954193,54.01377097848095,54.04626241012598,0.10630968386950457,0.10630968386950457
189,305,425,254,303,129.61867149450345,3.1518,120,49,1.1665487045574146,0.2629286996207782,-1.045085887990047,0.3408046874262262,-1.444233777278877,0.02,3.0,3.0,2.0,0.005,5.0,4.242640687119285,4.242640687119285,0.0327317093918772,0.0327317093918772,0.02,0.3302408132315943,0.9234103260839668,-0.3975529268424104,0.8274449159855533,-0.217640972004494,-1.8725308039756008,1.199280413949292,1.1338169951655372,0.4282555846550934,1.097029480232018,0.027652600433709366,0.36775943518077336,54.1158008868508,54.14345348728451,0.09719107715852715,0.09719107715852715
190,306,426,254,303,129.61867149450345,3.1684761904761904,120,49,1.170584148853406,0.2419883786859483,-1.0655554750896905,0.3136621216238144,-1.4570614391151429,0.02,3.0,3.0,2.0,0.005,5.0,4.242640687119285,4.242640687119285,0.0327317093918772,0.0327317093918772,0.02,0.3297953320440348,0.901579042774018,-0.4176022854021213,0.8261486627678188,-0.2394068123218716,-1.8917041378575088,1.2033158582452832,1.1378524394615286,0.4276475265666229,1.0917909404908412,0.023423350167621572,0.36839133891536496,54.20878552139596,54.23220887156358,0.08875538427906804,0.08875538427906804
191,305,426,254,303,130.5450113945378,3.1851523809523807,121,49,1.1742920760390474,0.2223485748100297,-1.0853803447837045,0.2902649723213457,-1.4814498976848844,0.02,3.0,3.0,2.0,0.005,5.0,4.242640687119285,4.242640687119285,0.0324994470627224,0.0324994470627224,0.02,0.3271028559026534,0.8765542866153366,-0.4318571369952771,0.8192298221346248,-0.2661505226490794,-1.904610166918329,1.2067915231017698,1.141792628976325,0.4271611578412406,1.0873416586045477,0.019775555488020555,0.36896666892324764,54.293445332055896,54.31322088754391,0.0810120159803347,0.0810120159803347
192,304,426,254,303,131.47243057006287,3.2018285714285715,122,49,1.177695604483992,0.2040950809361461,-1.105876215795254,0.2683287635806883,-1.5086869207227505,0.02,3.0,3.0,2.0,0.005,5.0,4.242640687119285,4.242640687119285,0.0322701928360436,0.0322701928360436,0.02,0.3244918106133018,0.8530787021627497,-0.4448885402904574,0.8125120198868707,-0.2933641959083832,-1.918388235682125,1.2099657973200355,1.1454254116479483,0.426739302643598,1.0834846184163975,0.016661920824932813,0.36949030271579064,54.3704980446286,54.38715996545353,0.07393907790961407,0.07393907790961407
193,304,426,254,303,131.47243057006287,3.2185047619047618,122,49,1.1808174821962931,0.1872056880591839,-1.126724423947342,0.246123868256819,-1.5274077740949157,0.02,3.0,3.0,2.0,0.005,5.0,4.242640687119285,4.242640687119285,0.0322701928360436,0.0322701928360436,0.02,0.3242084925053636,0.8356226730699112,-0.4612112969515434,0.8116202860803844,-0.3151041378669575,-1.9383447100277265,1.213087675032337,1.1485472893602495,0.4263475481857309,1.0800831998633993,0.014018387856684989,0.3699668410755475,54.44062066426682,54.454639052123504,0.0674790866699766,0.0674790866699766
194,304,426,254,303,131.47243057006287,3.2351809523809525,122,49,1.1836793989211964,0.1716169366732273,-1.1467763304242848,0.2256289579141775,-1.5464164653929862,0.02,3.0,3.0,2.0,0.005,5.0,4.242640687119285,4.242640687119285,0.0322701928360436,0.0322701928360436,0.02,0.3239685035641152,0.8195539438014577,-0.4763200704550031,0.8108583433287889,-0.3359179870954959,-1.9576346737530737,1.21594959175724,1.1514092060851528,0.4260156927827309,1.0771936347759858,0.011780949181241007,0.37040052999732187,54.50443798910592,54.51621893828716,0.06157988616365628,0.06157988616365628
195,303,426,255,304,132.4009063413087,3.251857142857143,123,49,1.186300419043192,0.1571713950939703,-1.1664753280061937,0.208096351613696,-1.577130700425044,0.02,3.0,3.0,2.0,0.005,5.0,4.242640687119285,4.242640687119285,0.0320438945952713,0.0320438945952713,0.02,0.3215090865454293,0.800189568184829,-0.4858467779968882,0.8045836128193671,-0.3618917151868264,-1.9710589408255603,1.2183443136384633,1.1542565244479208,0.4257534775859346,1.0748106774249089,0.009881138974313966,0.3707950525443485,54.56249198190089,54.572373120875206,0.05615418258804539,0.05615418258804539
196,303,426,255,305,132.7742444904131,3.268533333333333,123,50,1.1886961424840812,0.1436613142737637,-1.1851648808459283,0.1907452246519878,-1.600996426173835,0.02,3.0,3.0,2.0,0.005,5.0,4.242640687119285,4.242640687119285,0.0319537927208888,0.0319537927208888,0.02,0.3204347609194042,0.7845308361125722,-0.4972082075650447,0.8017985964740627,-0.3833662843718656,-1.986963477319991,1.22064993520497,1.1567423497631923,0.4255154653677118,1.0727433050019042,0.008255429287546042,0.37115343469381146,54.61522791519436,54.623483344481905,0.051110223606698924,0.051110223606698924
197,303,425,255,305,131.84839779079607,3.285209523809524,122,50,1.1908773653032905,0.1307986270799385,-1.2035281264174935,0.1724558941372572,-1.6093895458280487,0.02,3.0,3.0,2.0,0.005,5.0,4.242640687119285,4.242640687119285,0.0321781740105108,0.0321781740105108,0.02,0.3225201723362048,0.7758389717523481,-0.5142417175924711,0.8069414100696122,-0.3965867163478815,-2.010469536487106,1.2230555393138012,1.1586991912927798,0.4252879671523541,1.0709068304126714,0.00684331233839873,0.3714778765474679,54.6629695339599,54.6698128462983,0.046329501816394725,0.046329501816394725
198,303,425,255,305,131.84839779079607,3.301885714285714,122,50,1.1928496424995294,0.1182690494603601,-1.2225098082938817,0.155935846795889,-1.6303019794481617,0.02,3.0,3.0,2.0,0.005,5.0,4.242640687119285,4.242640687119285,0.0321781740105108,0.0321781740105108,0.02,0.322385601413822,0.7630402522880042,-0.526502153367284,0.8065724793620408,-0.4159373289318406,-2.029082287655922,1.22502781651004,1.1606714684890187,0.4251013822569016,1.0693647343132138,0.005595027224102843,0.3717697176772212,54.705913956203105,54.71150898342721,0.04169613712890907,0.04169613712890907
199,303,425,255,305,131.84839779079607,3.318561904761905,122,50,1.194612405308005,0.1057053654425634,-1.2404403315716055,0.1393708307149257,-1.650232947320755,0.02,3.0,3.0,2.0,0.005,5.0,4.242640687119285,4.242640687119285,0.0321781740105108,0.0321781740105108,0.02,0.3222642107603104,0.7502337869631843,-0.5388230560780574,0.8062725488826067,-0.434167782688999,-2.0467128804542125,1.2267905793185157,1.1624342312974942,0.4249330685891245,1.068016979258947,0.004469449713338351,0.3720293327856402,54.744116319406956,54.7485857691203,0.037076785693088254,0.037076785693088254
200,303,425,255,304,131.47243057006287,3.335238095238095,122,49,1.1961589494080145,0.0927396519137522,-1.2584657388492757,0.1219270744732258,-1.6658429692021517,0.02,3.0,3.0,2.0,0.005,5.0,4.242640687119285,4.242640687119285,0.0322701928360436,0.0322701928360436,0.02,0.3230723052706181,0.7388842624549885,-0.5534049586274841,0.8083309353236099,-0.4501348035256658,-2.0667966741728856,1.228429142244058,1.1638887565719709,0.4247763223213024,1.0668208313306515,0.0034402572148335697,0.37225615177295623,54.77749273339051,54.78093299060534,0.03234722148504687,0.03234722148504687
201,303,425,255,304,131.47243057006287,3.351914285714286,122,49,1.1974767607900665,0.0790235266222053,-1.2761215258344332,0.103894151172394,-1.6859580692633651,0.02,3.0,3.0,2.0,0.005,5.0,4.242640687119285,4.242640687119285,0.0322701928360436,0.0322701928360436,0.02,0.322970892266487,0.7249653111551794,-0.5669182579107687,0.8081550336430819,-0.4679664921913512,-2.084276559477515,1.22974695362611,1.1652065679540229,0.424636065052726,1.065791822563096,0.0024978871039241565,0.37244872184857175,54.80582942001733,54.80832730712125,0.027394316515909622,0.027394316515909622
202,303,425,255,304,131.47243057006287,3.368590476190476,122,49,1.1985468517430065,0.0641687892968009,-1.291525658726728,0.0843642669558865,-1.7034137278345156,0.02,3.0,3.0,2.0,0.005,5.0,4.242640687119285,4.242640687119285,0.0322701928360436,0.0322701928360436,0.02,0.3228793025765208,0.7099273944498427,-0.5815898158562408,0.8080520839235368,-0.4834735748031911,-2.099577742650265,1.23081704457905,1.1662766589069629,0.4245093917613967,1.06493608660874,0.001647053407926892,0.37260461701918,54.828769394372344,54.83041644778027,0.02208914065901979,0.02208914065901979
203,303,425,256,303,130.74020039758238,3.385266666666667,122,47,1.1993453680661172,0.0478836173196067,-1.3070548988130286,0.0626031372412652,-1.7118438586812388,0.02,3.0,3.0,2.0,0.005,5.0,4.242640687119285,4.242640687119285,0.0324509269086124,0.0324509269086124,0.02,0.324607499227356,0.6970986157743186,-0.6013313811351053,0.8125393658962189,-0.4945155329168097,-2.119594264709248,1.2317962949747296,1.1668944411575048,0.4243992482444586,1.0642679497879612,0.0009171363230442157,0.3727206701268828,54.845846609170806,54.84676374549385,0.016347297713579678,0.016347297713579678
204,303,425,256,301,130.034610777285,3.401942857142857,122,45,1.199843293604144,0.0298584702985839,-1.321654488999359,0.0388263456368148,-1.7197675658788305,0.02,3.0,3.0,2.0,0.005,5.0,4.242640687119285,4.242640687119285,0.032627011083886,0.032627011083886,0.02,0.3263081031953454,0.6824746766892748,-0.6227577360921069,0.8170139385900712,-0.5046405504092875,-2.1386684275894297,1.23247030468803,1.167216282520258,0.4243160983011451,1.0638786169600054,0.0003566112994285668,0.37279291629830064,54.85647763329494,54.856834244594374,0.010070499100521602,0.010070499100521602
205,302,425,256,301,130.97327971765844,3.4186190476190474,123,45,1.20000812222776,0.0098840693773024,-1.3357835501107862,0.0129454898330218,-1.7496474796287012,0.02,3.0,3.0,2.0,0.005,5.0,4.242640687119285,4.242640687119285,0.0323931774195868,0.0323931774195868,0.02,0.3239359677176948,0.657756004812692,-0.6379878660580871,0.8113780248494052,-0.524405525261381,-2.147161574960192,1.2324012996473468,1.167614944808173,0.424269848937322,1.063897080999514,3.907793098213083e-05,0.37281681163547814,54.85999383216061,54.8600329100916,0.003198665497222919,0.003198665497222919
206,302,425,256,300,130.6330739131557,3.435295238095238,123,44,1.1998042965345015,-0.0122225572770589,-1.3507529685931825,-0.0159667022818181,-1.764725277779642,0.02,3.0,3.0,2.0,0.005,5.0,4.242640687119285,4.242640687119285,0.032477538497944,0.032477538497944,0.02,0.3247817808619612,0.6373410044468635,-0.6617861190009813,0.8138331682610934,-0.5369198003320889,-2.164586136854276,1.2322818350324456,1.1673267580365574,0.424272863988152,1.0643609342003193,5.975636255639421e-05,0.37278726138036034,54.85564551212003,54.85570526848258,-0.004327641609016553,-0.004327641609016553
207,302,425,256,299,130.29965464267354,3.4519714285714285,123,43,1.1991948296224608,-0.0365471306477846,-1.3598066774574058,-0.04762078501587,-1.7735638075865388,0.02,3.0,3.0,2.0,0.005,5.0,4.242640687119285,4.242640687119285,0.0325606441456354,0.0325606441456354,0.02,0.3256634761675884,0.6147798216873922,-0.6878740829829614,0.8164266063891829,-0.543380071068223,-2.1762332838465888,1.2317554737680962,1.1666341854768254,0.4243423193587732,1.0654270066940743,0.0005342771034344947,0.3726988096594521,54.84262984138838,54.84316411849181,-0.012541149990767053,-0.012541149990767053
208,302,425,256,299,130.29965464267354,3.468647619047619,123,43,1.1981421752950934,-0.06312318924819,-1.370382602420302,-0.0822492975898329,-1.7907956362142292,0.02,3.0,3.0,2.0,0.005,5.0,4.242640687119285,4.242640687119285,0.0325606441456354,0.0325606441456354,0.02,0.325776553531961,0.5884299178157321,-0.7146762963121122,0.8171469028038001,-0.5532356996165018,-2.187529505224102,1.2307028194407288,1.165581531149458,0.4244974574214787,1.067259230206285,0.0015938148083451244,0.3725457122777302,54.820101561668004,54.82169537647635,-0.02146874201546467,-0.02146874201546467
209,302,425,256,298,129.9730741346068,3.485323809523809,123,42,1.1966097950762375,-0.0918903043859893,-1.3799819082240292,-0.1194326534421178,-1.804579611498602,0.02,3.0,3.0,2.0,0.005,5.0,4.242640687119285,4.242640687119285,0.0326424585658825,0.0326424585658825,0.02,0.3267840709643754,0.5616778375427616,-0.7454584463147402,0.8201195642610646,-0.5598623439629646,-2.200101472485094,1.2292522536421202,1.1639673365103549,0.4247561525872222,1.0699577306425152,0.0033775312160599065,0.37232210603660176,54.78719790328595,54.79057543450201,-0.03111994197433887,-0.03111994197433887
210,302,425,255,299,130.6330739131557,3.502,123,44,1.194562689806159,-0.1227561698219565,-1.388444140696116,-0.1603601580564754,-1.833452459353493,0.02,3.0,3.0,2.0,0.005,5.0,4.242640687119285,4.242640687119285,0.032477538497944,0.032477538497944,0.02,0.3254199051797878,0.5280836405376191,-0.7735959801815323,0.8172010781332116,-0.5712430625629045,-2.205645218829328,1.227040228304103,1.1620851513082149,0.4251503327139918,1.0737893551124045,0.0060276308917428115,0.37202202665436246,54.74304122218944,54.749068853081184,-0.041506581420826194,-0.041506581420826194
211,302,426,255,299,131.5750736271882,3.5186761904761905,124,44,1.1919690480809966,-0.1555296294357789,-1.395441551824688,-0.204638224442219,-1.8678805564536047,0.02,3.0,3.0,2.0,0.005,5.0,4.242640687119285,4.242640687119285,0.032245018529426,0.032245018529426,0.02,0.3234916069021782,0.4914535843685776,-0.8025128432401354,0.8128688370180499,-0.5825727148066382,-2.208310388842738,1.2242140666104226,1.1597240295515705,0.4257053534914846,1.078855618139391,0.00967578625297228,0.3716395932888328,54.686766152451746,54.696441938704716,-0.05262691437646794,-0.05262691437646794
212,305,426,255,299,128.75169901791588,3.535352380952381,121,44,1.188801118087586,-0.189967246892131,-1.4017143405108423,-0.2445860579511777,-1.851194368842669,0.02,3.0,3.0,2.0,0.005,5.0,4.242640687119285,4.242640687119285,0.032952114181646,0.032952114181646,0.02,0.3310404219250856,0.4721135969580401,-0.8520480907423023,0.8320671188537343,-0.5696472216571082,-2.233781459364577,1.221753232269232,1.15584900390594,0.4263259905416165,1.0846234640842358,0.014435021956710342,0.37116908955076927,54.6175315273957,54.631966549352406,-0.06447538935231023,-0.06447538935231023
213,306,426,255,299,127.81236246936366,3.5520285714285715,120,44,1.1850360571648888,-0.2257746412810921,-1.4063089523341312,-0.288567902878095,-1.8625880103539492,0.02,3.0,3.0,2.0,0.005,5.0,4.242640687119285,4.242640687119285,0.0331942904829432,0.0331942904829432,0.02,0.3340713403477818,0.4423680394144714,-0.8939173219766557,0.8399621640834859,-0.5663467882506453,-2.246271116417617,1.218230347647832,1.1518417666819456,0.427133673654137,1.0918964746104978,0.02038967545824233,0.3706050554581693,54.534533910669616,54.554923586127856,-0.07704296322454951,-0.07704296322454951
214,306,426,255,299,127.81236246936366,3.568704761904762,120,44,1.1806564654601448,-0.2626254306100087,-1.4093066401303591,-0.3356677673079916,-1.889423003119387,0.02,3.0,3.0,2.0,0.005,5.0,4.242640687119285,4.242640687119285,0.0331942904829432,0.0331942904829432,0.02,0.3348196147429652,0.4070137988759216,-0.9322646600959392,0.8421035977345359,-0.5672030423958234,-2.2514102378648952,1.213850755943088,1.1474621749772016,0.4281422773086193,1.100669337628215,0.027588846721237004,0.36994235086085114,54.43701692917425,54.464605775895485,-0.09031781023237073,-0.09031781023237073
215,305,425,255,299,127.81236246936366,3.585380952380953,120,44,1.175651208922818,-0.300143881450199,-1.4109881740027734,-0.3836209856887456,-1.918558811006652,0.02,3.0,3.0,2.0,0.005,5.0,4.242640687119285,4.242640687119285,0.0331942904829432,0.0331942904829432,0.02,0.335695325208807,0.371246768967415,-0.971534531867813,0.8444635335543451,-0.5665246404484283,-2.2554517075571185,1.2088454994057611,1.1424569184398747,0.4293224982075101,1.1107599022307957,0.036034539828796446,0.36917628483960474,54.32429031414784,54.360324853976635,-0.10428092191884986,-0.10428092191884986
216,305,425,255,299,127.81236246936366,3.602057142857143,120,44,1.170015418231094,-0.3379543247464506,-1.4111211297044215,-0.4319474065258238,-1.9495657472780104,0.02,3.0,3.0,2.0,0.005,5.0,4.242640687119285,4.242640687119285,0.0331942904829432,0.0331942904829432,0.02,0.3366931922963301,0.3354320598462097,-1.011340709339111,0.8470239642453772,-0.5640971654590445,-2.258145093949799,1.2032097087140372,1.1368211277481508,0.4306671516017525,1.1221094260348383,0.045685250245931765,0.36830264523020984,54.19573424562538,54.24141949587131,-0.11890535810532299,-0.11890535810532299
217,305,426,255,300,129.0968628588627,3.618733333333333,121,45,1.163750395465545,-0.3756866878256132,-1.410306350416996,-0.4849997281612355,-2.002869196556878,0.02,3.0,3.0,2.0,0.005,5.0,4.242640687119285,4.242640687119285,0.0328640107370976,0.0328640107370976,0.02,0.3345584720166141,0.293430256207615,-1.0448036318588416,0.841698812007706,-0.5686075384092899,-2.2520051624247017,1.1966144062026427,1.1308863847284474,0.4323127817417186,1.135133683935005,0.05645619496375191,0.3673177355188596,54.05080478160019,54.10726097656394,-0.13415851930736977,-0.13415851930736977
218,304,426,255,301,130.38404810405297,3.635409523809524,122,46,1.1568642054010363,-0.4129354407615118,-1.40768466425643,-0.5384019437211727,-2.0577214937348374,0.02,3.0,3.0,2.0,0.005,5.0,4.242640687119285,4.242640687119285,0.0325395686727984,0.0325395686727984,0.02,0.3326023365847426,0.2522692324079734,-1.078140113930997,0.836704039284912,-0.570980624971518,-2.244388703541342,1.1894037740738348,1.1243246367282378,0.4341516135042733,1.1493018871413143,0.06820627129476162,0.36621854261221476,53.88905854538741,53.95726481668217,-0.1499961598817734,-0.1499961598817734
219,304,425,255,304,130.5450113945378,3.652085714285714,121,49,1.1493704247477825,-0.4493700563059281,-1.4034013356255033,-0.5866301912082148,-2.095684475557402,0.02,3.0,3.0,2.0,0.005,5.0,4.242640687119285,4.242640687119285,0.0324994470627224,0.0324994470627224,0.02,0.33352223432056,0.217674412335192,-1.1164145249470483,0.838766065405188,-0.5646352702203152,-2.242167401030692,1.1818698718105047,1.1168709776850598,0.4359759932548655,1.163862351739776,0.0807733790017572,0.36500263432002206,53.71013764019125,53.790911019193004,-0.16635379748916534,-0.16635379748916534
220,304,425,255,306,131.30879635424276,3.668761904761905,121,51,1.1412888587614898,-0.4846170351574528,-1.3978513796597336,-0.6363447957928687,-2.143885349727387,0.02,3.0,3.0,2.0,0.005,5.0,4.242640687119285,4.242640687119285,0.0323104072607105,0.0323104072607105,0.02,0.3330576716041495,0.1814983080508462,-1.150732378365752,0.8372938631856552,-0.5605575164740784,-2.235145242845389,1.1735992660222003,1.1089784515007792,0.4380047705295248,1.179382394726591,0.09394146830591996,0.3636683846442996,53.51380280040869,53.60774426871461,-0.18316675047839226,-0.18316675047839226
221,303,425,255,308,133.01503674397117,3.685438095238095,122,53,1.1326443352032398,-0.5183751990955203,-1.391021966987737,-0.68951696154854,-2.207696872727912,0.02,3.0,3.0,2.0,0.005,5.0,4.242640687119285,4.242640687119285,0.031895947939221,0.031895947939221,0.02,0.3304662286059864,0.1425572581164526,-1.1793076563074931,0.8304650123633052,-0.5605569546244319,-2.221486979351042,1.164540283142461,1.1007483872640187,0.4403332483116196,1.1960022588026005,0.10748513881492816,0.36221490302427534,53.29992298002212,53.40740811883705,-0.20033614987756465,-0.20033614987756465
222,303,425,255,310,133.82451195502264,3.702114285714286,122,55,1.123465662685335,-0.550405833455164,-1.3821480251799212,-0.736577920393348,-2.255069633371785,0.02,3.0,3.0,2.0,0.005,5.0,4.242640687119285,4.242640687119285,0.0317030163244324,0.0317030163244324,0.02,0.330049886116958,0.1096939387787521,-1.2105056056890802,0.8290012396827966,-0.5531467854971246,-2.211149264862718,1.1551686790097675,1.0917626463609025,0.442544174068035,1.212307112035623,0.12117863260058952,0.3606419848339306,53.068468068312896,53.189646700913485,-0.21776141792356185,-0.21776141792356185
223,303,425,255,311,134.23859355639868,3.718790476190476,122,56,1.113784808461497,-0.5805195279857245,-1.3721639908281826,-0.7792812496882808,-2.2943616258122703,0.02,3.0,3.0,2.0,0.005,5.0,4.242640687119285,4.242640687119285,0.0316052230190924,0.0316052230190924,0.02,0.3305463750504266,0.0805732221151287,-1.2416122780865777,0.8297881531498613,-0.5423758376783213,-2.201952143978044,1.1453900314805894,1.0821795854424046,0.4446691579412822,1.228279980517024,0.13480116894910738,0.35895008999986544,52.8195057434802,52.95430691242931,-0.23533978848417547,-0.23533978848417547
224,302,425,254,312,135.988970140964,3.7354666666666665,123,58,1.103634975767328,-0.6086421661266408,-1.360819629624867,-0.8276862135592741,-2.354329329696811,0.02,3.0,3.0,2.0,0.005,5.0,4.242640687119285,4.242640687119285,0.0311984176563836,0.0311984176563836,0.02,0.3280793147977747,0.0475164634689087,-1.2648007957221905,0.8232060782930598,-0.5376135513318071,-2.1840257079179266,1.1348333934237118,1.0724365581109443,0.4471883675441903,1.2452559524051328,0.1481781145549318,0.3571401118253217,52.55316745509609,52.70134556965102,-0.25296134277829196,-0.25296134277829196
225,302,424,254,313,135.51752654177244,3.752142857142857,122,59,1.093051825466279,-0.6346263744204181,-1.34818398138001,-0.8600299653962783,-2.3728232836309378,0.02,3.0,3.0,2.0,0.005,5.0,4.242640687119285,4.242640687119285,0.0313069519152677,0.0313069519152677,0.02,0.3304736462290869,0.0263209180377557,-1.295573666878592,0.8287340116580006,-0.5194499697220094,-2.1769179930380105,1.1243587773815469,1.061744873551011,0.4489724272685094,1.2597325385651932,0.16110025404400194,0.35521368320833074,52.26969348410587,52.43079373814987,-0.2705518315011446,-0.2705518315011446
226,301,423,254,317,137.3062270984095,3.768819047619048,122,63,1.0820709470815475,-0.6584764308376758,-1.334110980001722,-0.9041291435154803,-2.4271651833843797,0.02,3.0,3.0,2.0,0.005,5.0,4.242640687119285,4.242640687119285,0.0308991134399062,0.0308991134399062,0.02,0.3279229942337776,-0.0026304423701206,-1.314322419305231,0.8219729137050096,-0.5121380662967125,-2.1560838937067315,1.1129700605214536,1.0511718336416414,0.4514608144673521,1.2758902338935894,0.17343648398748981,0.35317280440328075,51.969378167942764,52.14281465193025,-0.28797908621962165,-0.28797908621962165
227,301,423,254,318,137.7679207943562,3.7854952380952382,122,64,1.0707267076689,-0.6802656415351236,-1.3184427342475775,-0.937187830221328,-2.4539278224015693,0.02,3.0,3.0,2.0,0.005,5.0,4.242640687119285,4.242640687119285,0.0307955630211782,0.0307955630211782,0.02,0.3281856897615776,-0.0238942620119684,-1.3366370210582788,0.8222705480371874,-0.4961721862103904,-2.140713282284765,1.1015222706900782,1.0399311446477215,0.4534121755046297,1.2900363586360444,0.18510453722127734,0.3510196730306712,51.652544886463275,51.83764942368455,-0.30516522824569847,-0.30516522824569847
228,301,422,254,320,137.82960494755835,3.802171428571429,121,66,1.0590512270962658,-0.7001287607804544,-1.3013376551100295,-0.9649847051079362,-2.469242094831285,0.02,3.0,3.0,2.0,0.005,5.0,4.242640687119285,4.242640687119285,0.0307817807990781,0.0307817807990781,0.02,0.3292164752506257,-0.0416958102792028,-1.358561711281706,0.8245378670905604,-0.4767997880194691,-2.12587552220059,1.089833007895344,1.0282694462971875,0.4551060997758151,1.3029735284043242,0.19607211266878993,0.34875650447832585,51.31951963398565,51.51559174665444,-0.32205767703011645,-0.32205767703011645
229,301,422,254,322,138.7984149765407,3.818847619047619,121,68,1.0470740512828485,-0.7182201372980368,-1.283143540275441,-0.9968781666120096,-2.496960869469675,0.02,3.0,3.0,2.0,0.005,5.0,4.242640687119285,4.242640687119285,0.0305669246139184,0.0305669246139184,0.02,0.3282970637728092,-0.0616260097524182,-1.3748142648436552,0.8219879104423806,-0.4611556298330603,-2.1051314507178214,1.0776409758967669,1.01650712666893,0.4570839866640825,1.316280837383114,0.20633606624816436,0.3463854588893249,50.970620275564166,51.17695634181233,-0.3386354048421083,-0.3386354048421083
230,301,421,254,325,139.43098651304163,3.8355238095238096,120,71,1.0348205187410469,-0.7347920713244716,-1.2637617780668442,-1.0245278338673232,-2.5148904435103008,0.02,3.0,3.0,2.0,0.005,5.0,4.242640687119285,4.242640687119285,0.0304282483630168,0.0304282483630168,0.02,0.3280285594570127,-0.0787349524104461,-1.390849190238497,0.8211172450418524,-0.4426445330249918,-2.0848790231086967,1.0652487671040638,1.00439227037803,0.4588466815579929,1.328556128622398,0.21596775523252293,0.3439082851147226,50.60610415463143,50.82207190986396,-0.3548844319483706,-0.3548844319483706
231,302,419,255,328,137.90576492663388,3.8522,117,73,1.0223117527797854,-0.7500973306296239,-1.2426899026954554,-1.034427461499045,-2.489662293578622,0.02,3.0,3.0,2.0,0.005,5.0,4.242640687119285,4.242640687119285,0.0307647812212664,0.0307647812212664,0.02,0.3321055539231465,-0.0858862227833308,-1.414308438475917,0.8311451058216233,-0.4115447968738321,-2.0738350085170785,1.0530765340010515,0.991546971558519,0.4595257690164809,1.3372898212512585,0.225058402167075,0.3413262546588566,50.226158373050744,50.451216775217816,-0.37085513464614195,-0.37085513464614195
232,302,417,256,330,136.75159962501354,3.868876190476191,115,74,1.0095640617507766,-0.7644246476561176,-1.2201594577669617,-1.0453629335976145,-2.467688768660333,0.02,3.0,3.0,2.0,0.005,5.0,4.242640687119285,4.242640687119285,0.0310244318805266,0.0310244318805266,0.02,0.3354130289777826,-0.0935985897005524,-1.4352507056116828,0.8392972209728078,-0.3808622367941539,-2.059456678739769,1.0405884936313032,0.97853962987025,0.4602723821933229,1.345955596776716,0.23373801677767186,0.3386399622907114,49.830870451078184,50.064608467855855,-0.3866083073619606,-0.3866083073619606
233,302,414,256,331,134.79243302203577,3.885552380952381,112,75,0.9965886729128938,-0.7780787138650777,-1.1966636978549856,-1.048791229245302,-2.429054244194356,0.02,3.0,3.0,2.0,0.005,5.0,4.242640687119285,4.242640687119285,0.0314753624665688,0.0314753624665688,0.02,0.3404495789241262,-0.0971795560168252,-1.45897787171333,0.8518081845171097,-0.3448555133378759,-2.0484718823720955,1.0280640353794626,0.9651133104463248,0.4605463870345483,1.353059525407897,0.2421625939879734,0.3358491777332622,49.42020650344954,49.66236909743751,-0.4022393704183429,-0.4022393704183429
234,302,414,256,333,135.9154148726332,3.902228571428572,112,77,0.9833917081559636,-0.791365676457804,-1.1715506770484505,-1.0755879423172443,-2.443501342715288,0.02,3.0,3.0,2.0,0.005,5.0,4.242640687119285,4.242640687119285,0.0312153017455384,0.0312153017455384,0.02,0.3389033699833438,-0.1135589364911163,-1.4691724164244917,0.8479093316836996,-0.3236413453647506,-2.0194600087321497,1.014607009901502,0.9521764064104252,0.462318292407526,1.3645941497888936,0.2505038535502071,0.3329527391597964,48.99399556736404,49.244499420914245,-0.41786967652326723,-0.41786967652326723
235,303,413,257,335,134.84806264830058,3.918904761904762,110,78,0.9699746615747814,-0.8045630445597822,-1.1449643798581508,-1.0849376783730496,-2.4168630459212883,0.02,3.0,3.0,2.0,0.005,5.0,4.242640687119285,4.242640687119285,0.0314623777590678,0.0314623777590678,0.02,0.342037768852491,-0.1204875068548001,-1.4886385822647643,0.8557307032823221,-0.2892336765758286,-2.000695083140473,1.0014370393338492,0.9385122838157136,0.4629823115200597,1.372916267641606,0.2589286770685225,0.3299485557095009,48.551929972653056,48.81085864972158,-0.433640771192664,-0.433640771192664
236,303,413,258,336,134.84806264830058,3.935580952380952,110,78,0.9563351470091026,-0.8179035005118733,-1.1168931948223149,-1.1029270247728944,-2.4081967094394967,0.02,3.0,3.0,2.0,0.005,5.0,4.242640687119285,4.242640687119285,0.0314623777590678,0.0314623777590678,0.02,0.3429165455094947,-0.1320704094928838,-1.503736591530863,0.8579398469195519,-0.2589533479027629,-1.9748330417418667,0.9877975247681704,0.9248727692500348,0.4642211397642941,1.3831594144407422,0.2675864544598305,0.3268336820938262,48.09357632010652,48.36116277456635,-0.44969587515522846,-0.44969587515522846
237,303,412,258,337,134.61797799699713,3.952257142857143,109,79,0.9424670923510882,-0.831608074866644,-1.087103170765803,-1.1194939752452302,-2.394416536804659,0.02,3.0,3.0,2.0,0.005,5.0,4.242640687119285,4.242640687119285,0.031516152227557,0.031516152227557,0.02,0.344324090244674,-0.1429598943772959,-1.5202562553559922,0.8614917820308412,-0.2256113887349617,-1.948594952796644,0.9739832445786452,0.9109509401235312,0.4653833829885177,1.3934854235868517,0.2766287960733624,0.32360428113456163,47.618369968950745,47.894998765024106,-0.466164009542247,-0.466164009542247
238,303,412,258,337,134.61797799699713,3.968933333333333,109,79,0.9283612814923838,-0.8458652999223135,-1.0558588729023817,-1.1386867633336537,-2.38455148578786,0.02,3.0,3.0,2.0,0.005,5.0,4.242640687119285,4.242640687119285,0.031516152227557,0.031516152227557,0.02,0.3452885389369431,-0.1552882220484273,-1.5364423777961995,0.863956898474603,-0.1919019744277786,-1.9198157713769848,0.9598774337199408,0.8968451292648268,0.4667405814997089,1.4048177614776114,0.2861952422450662,0.3202556733507209,47.12562233355858,47.411817575803646,-0.48318118922045983,-0.48318118922045983
239,303,412,258,338,135.20724832641184,3.985609523809524,109,80,0.9140068072881588,-0.8607765799221012,-1.023228622555259,-1.1638323279508702,-2.38527887550154,0.02,3.0,3.0,2.0,0.005,5.0,4.242640687119285,4.242640687119285,0.0313787961787142,0.0313787961787142,0.02,0.3450622812341353,-0.1706520174538306,-1.5509011423903718,0.863460784437174,-0.1597678381180849,-1.886689406992433,0.9453856034668732,0.8826280111094446,0.4685301604551333,1.417949055404052,0.2963745282169558,0.3167826226058933,46.6145629164572,46.91093744467416,-0.5008801311294846,-0.5008801311294846
240,303,411,258,340,135.60235986147143,4.002285714285715,108,82,0.8993913739098056,-0.8764251883078626,-0.9883102655940568,-1.1884532377658064,-2.3817623956027028,0.02,3.0,3.0,2.0,0.005,5.0,4.242640687119285,4.242640687119285,0.0312873661745524,0.0312873661745524,0.02,0.3453274062361122,-0.1857703758356381,-1.5670800007800871,0.8642044623603686,-0.1241058032336881,-1.8525147279544252,0.930678740084358,0.8681040077352532,0.4703180559489864,1.43162048124449,0.30724844428018905,0.31317937460960565,46.084344973803475,46.391593418083666,-0.5193440265904954,-0.5193440265904954
241,302,410,258,340,135.60235986147143,4.0189619047619045,108,82,0.8845026017649155,-0.8928161480374214,-0.9515002793316892,-1.2106797659630315,-2.371171278016224,0.02,3.0,3.0,2.0,0.005,5.0,4.242640687119285,4.242640687119285,0.0312873661745524,0.0312873661745524,0.02,0.3464931194299511,-0.1998299091775192,-1.5858023868973237,0.8672014809617283,-0.084298798369961,-1.8187017602934177,0.915789967939468,0.853215235590363,0.4719687481623599,1.4454214189891914,0.31884826967855157,0.30943995773100563,45.53408978011748,45.85293804979604,-0.5386553682876283,-0.5386553682876283
242,302,408,258,342,135.2479205015737,4.035638095238095,106,84,0.869328759958075,-0.909910559519259,-0.913027018518475,-1.230635110174032,-2.354617937826254,0.02,3.0,3.0,2.0,0.005,5.0,4.242640687119285,4.242640687119285,0.0313693598495654,0.0313693598495654,0.02,0.3484655237682126,-0.2129795119828337,-1.6068416070556844,0.872211414161459,-0.040815604357016,-1.785238432679934,0.9006981198076405,0.8379594001085096,0.4734832049667209,1.459336498386696,0.3311748905298605,0.305558372588067,44.96291452633406,45.29408941686392,-0.5588486329321185,-0.5588486329321185
243,302,407,258,343,135.09256086106296,4.052314285714286,105,85,0.8538588755133679,-0.9276629735546658,-0.8719542225220964,-1.2532036671348832,-2.340495929065229,0.02,3.0,3.0,2.0,0.005,5.0,4.242640687119285,4.242640687119285,0.0314054353554128,0.0314054353554128,0.02,0.3500883737851921,-0.2274862259842814,-1.6278397211250502,0.8763454572243646,0.0043912347022682,-1.7482996797464612,0.8852643108687808,0.8224534401579551,0.4752123822513029,1.474452160236705,0.3442234370017139,0.301528639199663,44.36993925823041,44.714162695232126,-0.5799267216317929,-0.5799267216317929
244,302,406,258,345,135.5912976558599,4.068990476190476,104,87,0.8380835288973855,-0.9459802368236552,-0.8293419340431868,-1.2826668786771709,-2.337893008030252,0.02,3.0,3.0,2.0,0.005,5.0,4.242640687119285,4.242640687119285,0.0312899187519202,0.0312899187519202,0.02,0.3504169768085097,-0.2451462832066359,-1.6468141904406748,0.8772384929755458,0.047896558932359,-1.7065804270187326,0.8693734476493057,0.8067936101454652,0.4774833970770414,1.491777354996926,0.35795144338437557,0.2973450320204011,43.75432146180202,44.112272905186394,-0.6018897900457318,-0.6018897900457318
245,302,405,258,347,136.12494260788506,4.085666666666667,103,89,0.8219952658637919,-0.9647444994444878,-0.783913532800155,-1.313257896181537,-2.334060178312833,0.02,3.0,3.0,2.0,0.005,5.0,4.242640687119285,4.242640687119285,0.031167254184565,0.031167254184565,0.02,0.3507463386613439,-0.2632518221218,-1.6662371767671758,0.8781197655930888,0.0942062327929338,-1.6620332983932438,0.853162520048357,0.7908280116792268,0.4798837754199443,1.509974300174178,0.3722927796833582,0.29300223445339435,43.11527879981698,43.48757157950033,-0.6247013256860612,-0.6247013256860612
246,302,403,257,349,136.61991070118586,4.102342857142857,101,92,0.8055885844571461,-0.9838386908610984,-0.7364138955292859,-1.3441195408981486,-2.3284848159412896,0.02,3.0,3.0,2.0,0.005,5.0,4.242640687119285,4.242640687119285,0.0310543365556632,0.0310543365556632,0.02,0.3512194490189261,-0.2813997928232461,-1.6862775888989503,0.8793452447524956,0.1429313492232097,-1.6157591402817817,0.8366429210128093,0.7745342479014828,0.4823506433390772,1.5287933478300286,0.3871754278541121,0.2884953890465101,42.45209649819397,42.83927192604808,-0.6482996534522556,-0.6482996534522556
247,302,401,257,350,135.83077707206124,4.119019047619048,99,93,0.7888595398950738,-1.0031694340477206,-0.6865471069703357,-1.3626128376164175,-2.299473819501383,0.02,3.0,3.0,2.0,0.005,5.0,4.242640687119285,4.242640687119285,0.0312347523777212,0.0312347523777212,0.02,0.3543262180614581,-0.2945169979248043,-1.711821870170637,0.8871328340427772,0.2005857270724415,-1.573679941013113,0.8200942922727951,0.7576247875173526,0.4838907048395349,1.5449736181130005,0.40253956536304975,0.28382004125155935,41.76411907016696,42.16665863553001,-0.6726132905180648,-0.6726132905180648
248,302,400,256,352,137.18600511714013,4.135695238095238,98,96,0.7718060518209767,-1.0226249273445265,-0.6341082224961379,-1.4028982851560126,-2.304546495491186,0.02,3.0,3.0,2.0,0.005,5.0,4.242640687119285,4.242640687119285,0.0309261916585192,0.0309261916585192,0.02,0.3531643790068359,-0.3162961693308546,-1.7289536853581984,0.8842496636227314,0.2501414411265935,-1.5183578861188691,0.802732243479496,0.7408798601624574,0.4871827196021207,1.5671402349872687,0.4183046968105593,0.27897227458396595,41.05077020503059,41.46907490184115,-0.697583733688866,-0.697583733688866
249,302,398,256,353,136.4734406395618,4.152371428571429,96,97,0.7544270840448869,-1.0421425565330689,-0.5788543055576711,-1.4222478032697694,-2.2721673488078946,0.02,3.0,3.0,2.0,0.005,5.0,4.242640687119285,4.242640687119285,0.0310876656090503,0.0310876656090503,0.02,0.3561560716852238,-0.3298304131626213,-1.7544546999035164,0.8917261534777359,0.3128718479200647,-1.470580459035407,0.7855147496539373,0.7233394184358365,0.4888434972458816,1.5842519979993792,0.43442444325491236,0.27394852713058676,40.31152576726584,40.74595021052075,-0.7231246913203933,-0.7231246913203933
250,302,395,255,355,136.56134152826706,4.169047619047619,93,100,0.7367223719664185,-1.0616760526779832,-0.5212750115680622,-1.449839060221405,-2.251119559323193,0.02,3.0,3.0,2.0,0.005,5.0,4.242640687119285,4.242640687119285,0.0310676553088861,0.0310676553088861,0.02,0.3575830024166734,-0.3465100478446362,-1.7768420575113302,0.8952903198438135,0.3740153082757512,-1.4165653314118756,0.7677900272753048,0.7056547166575323,0.4911969607886635,1.6038740113108965,0.45086241633196156,0.2687455475318585,39.545907319312974,39.99676973564493,-0.7491804748758213,-0.7491804748758213
251,302,391,255,357,135.36986370680884,4.185723809523809,89,102,0.7186923567418685,-1.081183094561866,-0.4610461796725266,-1.4635960815294562,-2.206532925664787,0.02,3.0,3.0,2.0,0.005,5.0,4.242640687119285,4.242640687119285,0.0313411018593342,0.0313411018593342,0.02,0.3615724152579492,-0.3580382640459676,-1.8043279250777648,0.9052456025802006,0.4441994229076739,-1.3662917822527272,0.7500334586012027,0.6873512548825342,0.4924363590746616,1.619991216998666,0.46758275358654916,0.26336040592299137,38.75348373156818,39.22106648515473,-0.7757032504902028,-0.7757032504902028
252,302,389,255,360,136.35981812836215,4.2024,87,105,0.7003371138123284,-1.1006856125652058,-0.3980642000377808,-1.5008928994589634,-2.194810839641395,0.02,3.0,3.0,2.0,0.005,5.0,4.242640687119285,4.242640687119285,0.0311135695643527,0.0311135695643527,0.02,0.3612435679757146,-0.3781984766137765,-1.8231727485166351,0.9044240695474918,0.5063598695097109,-1.3024882695852726,0.7314506833766812,0.6692235442479757,0.4956558650375701,1.6429632686264015,0.4846035270832171,0.2577901957968402,37.933827311505034,38.41843083858825,-0.802635646566479,-0.802635646566479
253,301,385,255,362,136.03308421115798,4.219076190476191,84,107,0.6816575107127729,-1.1201361081972012,-0.3325002365765901,-1.5237556953434863,-2.1591241012499056,0.02,3.0,3.0,2.0,0.005,5.0,4.242640687119285,4.242640687119285,0.0311883003441547,0.0311883003441547,0.02,0.3635433468397028,-0.3930494145177955,-1.8472228018766068,0.9101582513900496,0.5776580148134594,-1.2426584879666396,0.7128458110569276,0.6504692103686183,0.4977005218430524,1.662191325101781,0.5018819603548689,0.25203239791405735,37.08656735305354,37.58844931340841,-0.8299815251798393,-0.8299815251798393
254,301,383,255,362,134.80726983364065,4.2357523809523805,82,107,0.6626542484694448,-1.139544566276146,-0.2648299463318939,-1.536188918334474,-2.107565755013602,0.02,3.0,3.0,2.0,0.005,5.0,4.242640687119285,4.242640687119285,0.0314718983060403,0.0314718983060403,0.02,0.3676417221799573,-0.4042611219162314,-1.8748280106360609,0.9203841729559424,0.6555542266240486,-1.1852141192878365,0.6941261467754851,0.6311823501634044,0.4988721927353512,1.6786289898633298,0.519424727411796,0.2460846101876638,36.211350389114735,36.73077511652653,-0.8576741968818808,-0.8576741968818808
255,301,381,255,365,136.01470508735443,4.252428571428571,80,110,0.6433286204067696,-1.1588754692066574,-0.1935711867140526,-1.5762410517711298,-2.089952367197274,0.02,3.0,3.0,2.0,0.005,5.0,4.242640687119285,4.242640687119285,0.0311925146946021,0.0311925146946021,0.02,0.3669404410786346,-0.4249945870493881,-1.8927563513639267,0.9186231922934036,0.725052005579351,-1.1121943790074562,0.6745211351013718,0.6121361057121675,0.5024452829771027,1.7034614843043543,0.5371969412515802,0.23994480014631978,35.307877341530954,35.845074282782534,-0.8857008337439964,-0.8857008337439964
256,301,381,256,367,136.82470537150812,4.269104761904762,80,111,0.6236833428368956,-1.1780434864858584,-0.120824335995322,-1.611854529532518,-2.0641522714211917,0.02,3.0,3.0,2.0,0.005,5.0,4.242640687119285,4.242640687119285,0.0310078554570946,0.0310078554570946,0.02,0.3670727490355922,-0.443897988414674,-1.912188984557043,0.9189321791179784,0.7981078431226565,-1.0397565151133006,0.6546911982939903,0.592675487379801,0.5056883614981758,1.7273253252378065,0.5551145824207029,0.23361160227619565,34.37594727494219,34.93106185736289,-0.9140124254196422,-0.9140124254196422
257,301,379,257,369,136.48443134658254,4.285780952380953,78,112,0.6037226923526343,-1.1969550547386674,-0.0457889741833468,-1.633657299934246,-2.0179091839005934,0.02,3.0,3.0,2.0,0.005,5.0,4.242640687119285,4.242640687119285,0.0310851622068579,0.0310851622068579,0.02,0.36942047549933,-0.4581141037400073,-1.9357960057373276,0.9247605606720984,0.8789715864887515,-0.9705495348554452,0.6348078545594923,0.5726375301457763,0.507740919002037,1.747115731180361,0.5730805612257787,0.22708440974139124,33.41547089344572,33.9885514546715,-0.94251040269139,-0.94251040269139
258,300,378,258,371,137.3062270984095,4.302457142857143,78,113,0.5834540530854733,-1.2154238281278569,0.0315838065246607,-1.6688526016574174,-1.9849966845745184,0.02,3.0,3.0,2.0,0.005,5.0,4.242640687119285,4.242640687119285,0.0308991134399062,0.0308991134399062,0.02,0.369536594820391,-0.4763506384870749,-1.954497017768639,0.9249945624906094,0.9565783690152702,-0.8934107559659487,0.6143531665253795,0.552554939645567,0.5110230971311461,1.7711230352574898,0.5909020327923898,0.22036393934079943,32.42655367399864,33.01745570679103,-0.9710957478804687,-0.9710957478804687
259,300,373,258,373,136.2130683891968,4.319133333333333,73,115,0.5628886554076318,-1.2332191640053902,0.1108017283656392,-1.6798056632553433,-1.920642101696174,0.02,3.0,3.0,2.0,0.005,5.0,4.242640687119285,4.242640687119285,0.0311470899032751,0.0311470899032751,0.02,0.3732394393804701,-0.48674028524445,-1.9796980427663304,0.9341585554927287,1.044960283858368,-0.8233568271270895,0.594035745310907,0.5317415655043566,0.512126489829517,1.787171800319126,0.6083318025880615,0.2134525625521307,31.409544579546033,32.01787638213409,-0.999579324656942,-0.999579324656942
260,299,371,259,374,135.67977004697494,4.335809523809524,72,115,0.5420429564417506,-1.2500276364463103,0.1912986833152283,-1.69603462265399,-1.860536537062285,0.02,3.0,3.0,2.0,0.005,5.0,4.242640687119285,4.242640687119285,0.0312695156075986,0.0312695156075986,0.02,0.3758092297575989,-0.4984091769311126,-2.001646095961509,0.9404623261885514,1.1317610095037798,-0.749163642873323,0.5733124720493493,0.5107734408341519,0.5137134162583185,1.8043726387283767,0.6250276367518197,0.2063548715972341,30.365119355532997,30.990146992284817,-1.0277293898492736,-1.0277293898492736
261,299,372,259,372,134.52880732393342,4.352485714285714,73,113,0.5209392363801749,-1.2655000608027016,0.2736160758621198,-1.7024621384815266,-1.786373496258811,0.02,3.0,3.0,2.0,0.005,5.0,4.242640687119285,4.242640687119285,0.0315370422998204,0.0315370422998204,0.02,0.3794669995477889,-0.5065660617071237,-2.0244340598982795,0.949455764047442,1.223071839909562,-0.6758396881853224,0.5524762786799954,0.4894021940803544,0.5143989169398406,1.8175212113720791,0.6405961615566568,0.1990780023615006,29.294328047494815,29.934924209051474,-1.0552227832333436,-1.0552227832333436
262,299,373,259,371,134.23859355639868,4.369161904761905,74,112,0.4996071921641025,-1.279191686286445,0.3568161237863054,-1.7171689285613034,-1.7176032712118268,0.02,3.0,3.0,2.0,0.005,5.0,4.242640687119285,4.242640687119285,0.0316052230190924,0.0316052230190924,0.02,0.3813064689358204,-0.5165787484148042,-2.0418046241580856,0.95388050830768,1.3106966320939852,-0.5970643845213744,0.531212415183195,0.4680019691450101,0.5158410021763608,1.8322119877441811,0.6545325481057436,0.1916323121275644,28.198694729571102,28.853227277676844,-1.0816969313746299,-1.0816969313746299
263,299,374,259,371,134.79243302203577,4.385838095238095,75,112,0.4780847545238036,-1.2906087676935196,0.4404256512799964,-1.7396429587698086,-1.6515380042311572,0.02,3.0,3.0,2.0,0.005,5.0,4.242640687119285,4.242640687119285,0.0314753624665688,0.0314753624665688,0.02,0.3813022114258517,-0.5280043448418161,-2.053213190545223,0.9536827505324448,1.3941084018124412,-0.5132570992524483,0.5095601169903725,0.4466093920572347,0.5180017078434835,1.8479760155671552,0.6662683964989542,0.1840318066503634,27.080280348600976,27.74654874509993,-1.1066785325769146,-1.1066785325769146
264,299,362,259,377,133.76471881628578,4.402514285714286,63,118,0.456418274560934,-1.2992463712742837,0.5249908383282516,-1.737933255265842,-1.5557509567200012,0.02,3.0,3.0,2.0,0.005,5.0,4.242640687119285,4.242640687119285,0.0317171876460652,0.0317171876460652,0.02,0.3841114872217622,-0.5310233968307593,-2.067469345717808,0.960521482097526,1.4855123204257774,-0.4355306437692743,0.4881354622069992,0.4247010869148688,0.5178960799726818,1.853606481974769,0.6752164533077576,0.17629434086173873,25.941712257804856,26.616928711112614,-1.1296200339873153,-1.1296200339873153
265,297,354,259,379,132.84953895290718,4.419190476190476,57,120,0.4346632070456668,-1.3045585888653033,0.6090222332620909,-1.7331000706781077,-1.4518473535568024,0.02,3.0,3.0,2.0,0.005,5.0,4.242640687119285,4.242640687119285,0.0319356824311089,0.0319356824311089,0.02,0.386415679668214,-0.5317272295288752,-2.0773899482017315,0.9661304814477124,1.5751527147098034,-0.3571082481856215,0.4665988894767757,0.4027275246145578,0.5174788815474904,1.8557608895677944,0.6807492447128927,0.16844198001259833,24.786237358853846,25.46698660356674,-1.1499421075458756,-1.1499421075458756
266,295,349,259,380,132.5028301584536,4.435866666666667,54,121,0.4128838251431539,-1.3060166189399267,0.6927178146394164,-1.7305089824351494,-1.3422027808761094,0.02,3.0,3.0,2.0,0.005,5.0,4.242640687119285,4.242640687119285,0.0320192457930575,0.0320192457930575,0.02,0.387243279762443,-0.5315300594150407,-2.080503178464813,0.9681150615141008,1.6608328761535172,-0.2753972468746843,0.4449030709362115,0.3808645793500964,0.5172468767169436,1.8558852778172208,0.6822717635789113,0.16050099316041738,23.617721143555418,24.299992907134328,-1.1669936964324101,-1.1669936964324101
267,294,344,259,380,130.92364186807515,4.452542857142857,50,121,0.391152971314296,-1.3031065973900895,0.7756971599641208,-1.7060746147262609,-1.2076261143972902,0.02,3.0,3.0,2.0,0.005,5.0,4.242640687119285,4.242640687119285,0.032405458835268,0.032405458835268,0.02,0.3901722402292917,-0.5227621169315061,-2.083451077848673,0.9754577299624668,1.7511548899265876,-0.1997605699983461,0.423558430149564,0.358747512479028,0.5149661762719675,1.8455149165814089,0.6792347216646308,0.15250182232035775,22.440643154440643,23.119877876105274,-1.1801150310290538,-1.1801150310290538
268,294,339,259,381,130.034610777285,4.469219047619047,45,122,0.3695508374770154,-1.295387808631956,0.8570332444679262,-1.6844524950109654,-1.06757938258108,0.02,3.0,3.0,2.0,0.005,5.0,4.242640687119285,4.242640687119285,0.032627011083886,0.032627011083886,0.02,0.3913021899493802,-0.5127834287331954,-2.0779921885307164,0.9784457814535306,1.8354790259214568,-0.1214125369856043,0.4021778485609014,0.3369238263931293,0.5129340036713981,1.8327854959556305,0.6712118299009204,0.14447865159953371,21.260033582871387,21.931245412772306,-1.1886324633329686,-1.1886324633329686
269,294,337,259,382,130.29965464267354,4.485895238095238,43,123,0.348164239097558,-1.2824630667292924,0.9368986023932926,-1.671044946868108,-0.922277783932466,0.02,3.0,3.0,2.0,0.005,5.0,4.242640687119285,4.242640687119285,0.0325606441456354,0.0325606441456354,0.02,0.3895615660486685,-0.5033399346319555,-2.061586198826629,0.9744397835921595,1.911338385985452,-0.037541181198867,0.3807248832431934,0.3156035949519226,0.5116315804223519,1.8192553847325967,0.6578846070098807,0.13646910677568766,20.08142906204244,20.73931366905232,-1.1919317437199872,-1.1919317437199872
270,289,329,257,383,132.19682295728592,4.502571428571429,40,126,0.3270849301965223,-1.264036227646325,1.0145798327741795,-1.671015733977568,-0.7709821194218502,0.02,3.0,3.0,2.0,0.005,5.0,4.242640687119285,4.242640687119285,0.032093363457684,0.032093363457684,0.02,0.3839689104305571,-0.4960984067852108,-2.03197404850744,0.9610270306286224,1.975606863402802,0.0535528021455572,0.3591782936542063,0.2949915667388382,0.5115142707433797,1.806441582476505,0.639115033920941,0.12851355041359178,18.91076894336003,19.54988397728097,-1.1894296917713483,-1.1894296917713483
271,289,326,257,384,132.2800060477773,4.519247619047619,37,127,0.3064081341588168,-1.239899248406079,1.089485733115798,-1.6401388007779063,-0.5924350727109251,0.02,3.0,3.0,2.0,0.005,5.0,4.242640687119285,4.242640687119285,0.032073181835106,0.032073181835106,0.02,0.3816043615333358,-0.4766905253394072,-2.0031079714727507,0.9559173686442156,2.0454031017600136,0.1335683644715826,0.3384813159939228,0.2743349523237107,0.5085789577685653,1.7799866566875706,0.6149400584791839,0.12065440860987978,17.75429622694381,18.369236285422996,-1.180647691857974,-1.180647691857974
272,291,325,257,384,131.47243057006287,4.535923809523809,34,127,0.286230455346421,-1.2099693177051014,1.161329015030291,-1.5907760711389027,-0.3979627544418458,0.02,3.0,3.0,2.0,0.005,5.0,4.242640687119285,4.242640687119285,0.0322701928360436,0.0322701928360436,0.02,0.3805921791014162,-0.4487849595022689,-1.9711536759079336,0.9544180410888152,2.1157470561191065,0.2069109739414757,0.3185006481824646,0.2539602625103774,0.504017849402632,1.7444856003662836,0.5856102999150996,0.11293522358782848,16.618418150948962,17.20402845086406,-1.1652078345589345,-1.1652078345589345
273,293,323,258,385,130.49521064008442,4.5526,30,127,0.266647956984595,-1.1742788852037156,1.2297328010940751,-1.5323777047486238,-0.1946963737453186,0.02,3.0,3.0,2.0,0.005,5.0,4.242640687119285,4.242640687119285,0.0325118497936357,0.0325118497936357,0.02,0.379538485412857,-0.4152019143780014,-1.9333558560294295,0.9530322295232908,2.1827650306173663,0.2767005715707842,0.2991598067782307,0.2341361071909592,0.4987475873989278,1.7035876267310806,0.5515723600941125,0.10539973708627699,15.50957131224566,16.06114367233977,-1.1428847785242908,-1.1428847785242908
274,294,318,258,386,130.23056476879765,4.569276190476191,24,128,0.2477544132167289,-1.1329652173762992,1.2940749374792708,-1.4754670012231903,0.0136283078383314,0.02,3.0,3.0,2.0,0.005,5.0,4.242640687119285,4.242640687119285,0.0325779182072302,0.0325779182072302,0.02,0.3766014804571604,-0.3797622564619783,-1.88616817829062,0.947151961909621,2.241226899388892,0.3469229755696498,0.2803323314239592,0.2151764950094987,0.4937109056922113,1.6610303942533229,0.51344407351381,0.09809102414721459,14.434094203262626,14.947538276776436,-1.1136053955633347,-1.1136053955633347
275,296,314,259,388,130.24976007655445,4.585952380952381,18,129,0.2296391466664706,-1.0862952528710466,1.354558633224269,-1.4148969605875386,0.22731351828295,0.02,3.0,3.0,2.0,0.005,5.0,4.242640687119285,4.242640687119285,0.0325731170992228,0.0325731170992228,0.02,0.3727158220074098,-0.3408636088562269,-1.8317268968858664,0.9390659240755568,2.2936245572998257,0.4154927091487121,0.2622122637656934,0.1970660295672477,0.4884904568198182,1.6158467519418178,0.4720149505640685,0.09105046317414771,13.398075656075836,13.870090606639904,-1.0774476701365323,-1.0774476701365323
276,296,312,260,388,128.9961239727768,4.602628571428571,16,128,0.2123854160167376,-1.0346326203437637,1.4099907700888177,-1.33463597760143,0.4379755230776532,0.02,3.0,3.0,2.0,0.005,5.0,4.242640687119285,4.242640687119285,0.0328896757240136,0.0328896757240136,0.02,0.3714057068172625,-0.2918212067092385,-1.7774440339782884,0.9374540877293652,2.347444857818183,0.4725366823594523,0.2452750917407512,0.179495740292724,0.4818837835802306,1.5645116449349334,0.42818586363176114,0.08431692606096676,12.407235669871259,12.83542153350302,-1.0346690731368842,-1.0346690731368842
277,296,311,260,388,128.87590930814028,4.619304761904762,15,128,0.1960685163251853,-0.9784548644277364,1.4604683645568914,-1.2609926037009764,0.6483675378818019,0.02,3.0,3.0,2.0,0.005,5.0,4.242640687119285,4.242640687119285,0.0329203550135595,0.0329203550135595,0.02,0.3674222352774769,-0.2436103938727823,-1.7132993349826902,0.9292303240991248,2.3896986886560163,0.5312380404577666,0.2289888713387449,0.1631481613116258,0.4760393243147445,1.515019864704097,0.3829495686889201,0.07792587583976135,11.466792629820883,11.849742198509803,-0.9856793349932165,-0.9856793349932165
278,296,309,260,388,128.65846260545786,4.635980952380953,13,128,0.1807547685836025,-0.9183001215683456,1.5054549232421215,-1.181470818513884,0.8519503631907366,0.02,3.0,3.0,2.0,0.005,5.0,4.242640687119285,4.242640687119285,0.032975993970406,0.032975993970406,0.02,0.3635831470556752,-0.1911338274569953,-1.645466415679696,0.9213146107308706,2.426769533972992,0.5841403125112511,0.2137307625540085,0.1477787746131965,0.4700284800696037,1.4648036813098533,0.3373100453089754,0.0719088386685692,10.581385610079959,10.918695655388934,-0.9310465431208694,-0.9310465431208694
279,295,308,259,388,129.65338406690356,4.652657142857143,13,129,0.1664997312085847,-0.8548137774853907,1.5448845894500698,-1.10829498997994,1.0556093231972197,0.02,3.0,3.0,2.0,0.005,5.0,4.242640687119285,4.242640687119285,0.032722946012192,0.032722946012192,0.02,0.3569309858053777,-0.1409518058746351,-1.5686757490961465,0.9063327359233824,2.451217325373452,0.6385518535266875,0.1992226772207768,0.1337767851963927,0.464742628030949,1.417493709415394,0.2922826376715372,0.06629260324421336,9.754956567385996,10.047239205057533,-0.8714564503314008,-0.8714564503314008
280,295,306,258,388,130.4645545732633,4.669333333333333,11,130,0.1533478936830044,-0.7886595889125702,1.5785547057041458,-1.0289212197741142,1.2479857792817284,0.02,3.0,3.0,2.0,0.005,5.0,4.242640687119285,4.242640687119285,0.0325194893049422,0.0325194893049422,0.02,0.350783126012856,-0.087093336886858,-1.4902258409382825,0.892416586301906,2.470971292006052,0.6861381194022398,0.1858673829879466,0.1208284043780622,0.4593433627398971,1.3708178730643354,0.2487935788734977,0.06109903570227768,8.990723103590161,9.239516682463659,-0.807722522593874,-0.807722522593874
281,294,304,258,387,129.38701635017324,4.686009523809524,10,129,0.1413316240007338,-0.7205644298334677,1.6058869712120143,-0.9323168166421616,1.406014902599478,0.02,3.0,3.0,2.0,0.005,5.0,4.242640687119285,4.242640687119285,0.0327903124038117,0.0327903124038117,0.02,0.3492270500142609,-0.0221103298049458,-1.4190185298619895,0.889509988531858,2.4953969597438723,0.7163769826801563,0.1741219364045456,0.108541311596922,0.453288524052753,1.3233030172284643,0.2076852390164922,0.056344634368213756,8.291112947282654,8.498798186299146,-0.7407184961645132,-0.7407184961645132
282,294,304,258,387,129.38701635017324,4.702685714285714,10,129,0.1304705358335341,-0.6512931225334155,1.6277174680548196,-0.8426887389398642,1.557217686418825,0.02,3.0,3.0,2.0,0.005,5.0,4.242640687119285,4.242640687119285,0.0327903124038117,0.0327903124038117,0.02,0.3454226141576806,0.0395521057819456,-1.3421383508487768,0.8807500226603182,2.508467490715138,0.7469674453945014,0.1632608482373458,0.0976802234297223,0.448116817578653,1.2806454825080105,0.16967309258373067,0.052040277461552535,7.657726828467456,7.827399921051186,-0.6713982652479595,-0.6713982652479595
283,294,302,258,387,129.2478239662084,4.719361904761905,8,129,0.1207720051773517,-0.5815795082233778,1.6428035972247477,-0.7516788590120919,1.6861268802854192,0.02,3.0,3.0,2.0,0.005,5.0,4.242640687119285,4.242640687119285,0.0328256256618178,0.0328256256618178,0.02,0.3422839752279827,0.1029884422325876,-1.266147458679343,0.87327797592619,2.5160815731509376,0.7695256212985576,0.1535976308391695,0.0879463795155338,0.4433492526961736,1.2414648960073835,0.13529388975413842,0.04819144997841116,7.091371864323203,7.226665754077342,-0.6007341669738446,-0.6007341669738446
284,294,300,258,387,129.1394595001853,4.736038095238095,6,129,0.1122304986825232,-0.5121977052866787,1.651684850833436,-0.661449348179569,1.7941840507117968,0.02,3.0,3.0,2.0,0.005,5.0,4.242640687119285,4.242640687119285,0.0328531705455465,0.0328531705455465,0.02,0.3394537005389634,0.166709695791248,-1.1911051063646054,0.8661792878366147,2.517864138670051,0.7855055629968214,0.1450836692280697,0.0793773281369767,0.4391161129829057,1.2063900655537203,0.10493859572037578,0.04479801747423743,6.592028271334038,6.696966867054414,-0.5296988870229278,-0.5296988870229278
285,294,298,258,387,129.0620006043607,4.752714285714286,4,129,0.1048284771211143,-0.443867655024514,1.6546964115108076,-0.5728644756102999,1.8813082811884208,0.02,3.0,3.0,2.0,0.005,5.0,4.242640687119285,4.242640687119285,0.0328728879705273,0.0328728879705273,0.02,0.336959446627989,0.2300512382314641,-1.117786548280492,0.8595444448975231,2.514240856408331,0.7951519666132845,0.1377013650916417,0.0719555891505869,0.4354525275441943,1.175666815007434,0.07880739807078439,0.04185463562424291,6.158909632107345,6.237717030178129,-0.4592498368762845,-0.4592498368762845
286,294,296,258,387,129.0155029444136,4.769390476190476,2,129,0.0985366903773462,-0.3772916094207143,1.651349779334662,-0.4867646674612072,1.946844998384501,0.02,3.0,3.0,2.0,0.005,5.0,4.242640687119285,4.242640687119285,0.0328847354797913,0.0328847354797913,0.02,0.3348122470885591,0.292332884756404,-1.0469161035978327,0.8534181662904535,2.504767945625116,0.7979316130442086,0.1314214258571376,0.0656519548975549,0.4323714360463286,1.149363309582795,0.05693958341570915,0.03935092444457153,5.790488532018701,5.84742811543441,-0.39028891474371896,-0.39028891474371896
287,294,294,259,387,128.0,4.786066666666667,0,128,0.0933151133427047,-0.3131156988220198,1.641766499539698,-0.4007880944921853,1.975968075124347,0.02,3.0,3.0,2.0,0.005,5.0,4.242640687119285,4.242640687119285,0.0331456303681194,0.0331456303681194,0.02,0.3355439880594936,0.3579722772969675,-0.984203674941007,0.8540649690745182,2.495831468614216,0.7877015304651797,0.1264607437108241,0.0601694829745853,0.4297815484254199,1.126913848317953,0.03921657633952073,0.03727189818528536,5.484559817964741,5.523776394304262,-0.3236517211301484,-0.3236517211301484
288,294,293,260,387,127.00393694685216,4.802742857142857,1,127,0.0891135880491812,-0.2519475475842107,1.6263589858837624,-0.3199833044729913,1.984920932131416,0.02,3.0,3.0,2.0,0.005,5.0,4.242640687119285,4.242640687119285,0.0334055840244914,0.0334055840244914,0.02,0.3366876681450444,0.4214277887058782,-0.9253228838742996,0.855497401394355,2.4818563872781176,0.7708615844894073,0.1225191720736727,0.0557080040246898,0.4277921141662182,1.1088022832824207,0.025391026693479247,0.03559827583946701,5.23828628977757,5.26367731647105,-0.2600990778332122,-0.2600990778332122
289,294,292,260,387,127.0157470552372,4.819419047619047,2,127,0.0858733508351538,-0.1943032024402602,1.605403904079234,-0.2467956641317464,1.9911625741310133,0.02,3.0,3.0,2.0,0.005,5.0,4.242640687119285,4.242640687119285,0.0334024779248373,0.0334024779248373,0.02,0.3355927098019882,0.4768822171637161,-0.8654886220442366,0.8512686760040729,2.456672580083307,0.7541352280751612,0.1192758287599911,0.0524708729103164,0.4263662863562074,1.0950021972525024,0.015101493791416298,0.03430713922746397,5.048295537321324,5.06339703111274,-0.20028028535830966,-0.20028028535830966
290,295,291,260,387,127.06297651164952,4.836095238095238,4,127,0.0835279961746085,-0.1406409133964863,1.578639947408405,-0.1787025307547468,1.980734018427447,0.02,3.0,3.0,2.0,0.005,5.0,4.242640687119285,4.242640687119285,0.0333900621848749,0.0333900621848749,0.02,0.3347233097938593,0.5288057061912322,-0.8100875329842049,0.8474938620160231,2.426133809424428,0.7311460853923819,0.1169180583594835,0.0501379339897336,0.4253675302864601,1.0846288247205005,0.007911946608399185,0.03337236077668219,4.910742888288784,4.918654834897183,-0.1447421962155575,-0.1447421962155575
291,295,289,260,388,128.14054783713078,4.852771428571429,6,128,0.0820051421252502,-0.0913190606411318,1.5475120609791673,-0.117016744585268,1.9723045735895683,0.02,3.0,3.0,2.0,0.005,5.0,4.242640687119285,4.242640687119285,0.0331092753912037,0.0331092753912037,0.02,0.3314427856186071,0.5715665105960824,-0.7542046318783461,0.8377311818904186,2.385243242869586,0.7097808790887487,0.115114417516454,0.0488958667340464,0.424737144119405,1.0774330078409031,0.003335668334551483,0.03276530442776063,4.821414546544976,4.824750214879527,-0.0939046200176552,-0.0939046200176552
292,295,289,260,388,128.14054783713078,4.869447619047619,6,128,0.0812276126286962,-0.046625126863604,1.51034946350378,-0.0597456929927794,1.932584426273567,0.02,3.0,3.0,2.0,0.005,5.0,4.242640687119285,4.242640687119285,0.0331092753912037,0.0331092753912037,0.02,0.3311840378171303,0.6157429487706566,-0.7089932024978648,0.8354654938317637,2.345814957335544,0.6748839696720162,0.1143368880199,0.0481183372374924,0.4243874435158458,1.0724674018404985,0.0008695609820188671,0.03245532792310249,4.775801503884532,4.776671064866551,-0.04807915001297669,-0.04807915001297669
293,296,288,260,388,128.2497563350512,4.886123809523809,8,128,0.0811148286700671,-0.0067631728475471,1.469272723409539,-0.0086737526974975,1.8842800255813743,0.02,3.0,3.0,2.0,0.005,5.0,4.242640687119285,4.242640687119285,0.0330810818543423,0.0330810818543423,0.02,0.3308127411202628,0.6548623093929785,-0.6683886550880728,0.8330142745831259,2.302286997992665,0.6362584488264131,0.1141959105244095,0.0480337468157248,0.4242666691754971,1.0695235746915304,1.829620278631934e-05,0.03241036287953627,4.769184897723762,4.769203193926549,-0.007467870940002008,-0.007467870940002008
294,296,287,260,389,129.31357237351384,4.9028,9,129,0.08158466471364,0.0281740631497147,1.4240852062133291,0.0364328875416658,1.8405089913228525,0.02,3.0,3.0,2.0,0.005,5.0,4.242640687119285,4.242640687119285,0.0328089357462393,0.0328089357462393,0.02,0.328122996863783,0.6844200568772807,-0.6280719305778513,0.8249443599798053,2.2490295661931348,0.599140846233524,0.1143936004598793,0.0487757289674007,0.4243099074677552,1.0682037489973246,0.00031751113374564485,0.03259767578367291,4.796747991567469,4.797065502701215,0.02786230877466611,0.02786230877466611
295,296,287,260,389,129.31357237351384,4.919476190476191,9,129,0.0825546355640652,0.0581650138747249,1.3748976005778362,0.0752152573129567,1.7735543072997264,0.02,3.0,3.0,2.0,0.005,5.0,4.242640687119285,4.242640687119285,0.0328089357462393,0.0328089357462393,0.02,0.3282327083414351,0.7146304305575951,-0.5983004028081452,0.8240000301522431,2.19889763073008,0.5508975704255931,0.1153635713103045,0.0497456998178259,0.4244594041412199,1.0678584929305197,0.0013532675356187761,0.03298435820825143,4.853648310344198,4.855001577879817,0.057936075178601776,0.057936075178601776
296,297,286,261,389,128.47178678604885,4.936152380952381,11,128,0.0839437483571853,0.0832991680626008,1.3221140427136369,0.107015929587937,1.6896291961193532,0.02,3.0,3.0,2.0,0.005,5.0,4.242640687119285,4.242640687119285,0.0330239097101123,0.0330239097101123,0.02,0.3305311251446168,0.7443614183518346,-0.5777630822266329,0.8287134245175859,2.150827467231222,0.4934006181960509,0.1169676580672977,0.0509198386470729,0.4246596672964115,1.0681815971653177,0.0027755005599685665,0.03353807896349792,4.935128319478719,4.937903820038687,0.08290224215887054,0.08290224215887054
297,297,286,262,389,127.47548783981962,4.952828571428571,11,127,0.0856731586216134,0.1037053556624498,1.26803657803822,0.1321989080467279,1.6027260790644025,0.02,3.0,3.0,2.0,0.005,5.0,4.242640687119285,4.242640687119285,0.0332820117735137,0.0332820117735137,0.02,0.3332691356178991,0.7702436268982482,-0.5628329155733485,0.834733225527256,2.1027698035654763,0.4333033525109641,0.1189551703951271,0.0523911468480997,0.4248680992139477,1.0688924856883066,0.004301920317230085,0.034227356726505294,5.036555542305254,5.040857462622484,0.10295364258379713,0.10295364258379713
298,298,286,262,390,128.56126943990557,4.969504761904762,12,128,0.0876680672707185,0.1196261611399363,1.2107230627927963,0.1537929113437292,1.5381232833335394,0.02,3.0,3.0,2.0,0.005,5.0,4.242640687119285,4.242640687119285,0.0330009240388098,0.0330009240388098,0.02,0.3306116525371677,0.7808494662142719,-0.5415971439343991,0.827486921499401,2.038209984292197,0.3832361412933955,0.1206689913095283,0.0546671432319087,0.4250806209844587,1.069846020703824,0.005724167371631203,0.0350223248609483,5.153535103288543,5.159259270660174,0.11840180803768963,0.11840180803768963
299,299,286,263,390,127.66362050325849,4.986180952380952,13,127,0.0898581130626977,0.131327703116977,1.1509705326968225,0.1676577005229035,1.4473525522468569,0.02,3.0,3.0,2.0,0.005,5.0,4.242640687119285,4.242640687119285,0.0332329654320824,0.0332329654320824,0.02,0.3330504904636764,0.7974286840443299,-0.5347732778103758,0.8331399765448175,1.98411050924164,0.3178305561520047,0.1230910784947802,0.0566251476306152,0.4252350155867586,1.0706316538010374,0.006898786242392342,0.035894894244314864,5.281933688050932,5.288832474293325,0.12957320363315095,0.12957320363315095
300,299,285,263,392,129.75746606650424,5.002857142857143,14,129,0.0921788217662711,0.1391630004998337,1.0906049757208356,0.1805743831507009,1.390012108317912,0.02,3.0,3.0,2.0,0.005,5.0,4.242640687119285,4.242640687119285,0.0326966980454505,0.0326966980454505,0.02,0.3277895288080769,0.7947420581159876,-0.5164160571163201,0.8197079017907039,1.9103128775115397,0.2708970739301317,0.1248755198117217,0.0594821237208206,0.4253882982519004,1.0713671043216657,0.007746536283246688,0.03681933505416643,5.417965153220591,5.425711689503837,0.13687921521051205,0.13687921521051205
301,299,285,263,393,130.75167302944922,5.019533333333333,14,130,0.0945713532981833,0.14346990910952,1.028360572083202,0.1875893064545276,1.3176852320270525,0.02,3.0,3.0,2.0,0.005,5.0,4.242640687119285,4.242640687119285,0.0324480795451367,0.0324480795451367,0.02,0.3253616562071686,0.7941932215238574,-0.5072534033048173,0.8134754021774567,1.8418359742606585,0.2148851699057451,0.1270194328433201,0.0621232737530465,0.4254762854592469,1.0717813640623632,0.008233445927957576,0.03777217841812944,5.558176054227747,5.566409500155705,0.1406978106518677,0.1406978106518677
302,299,285,263,393,130.75167302944922,5.036209523809524,14,130,0.0969836541310186,0.1446553897474067,0.9656664020050684,0.1891393422220046,1.2352649512392215,0.02,3.0,3.0,2.0,0.005,5.0,4.242640687119285,4.242640687119285,0.0324480795451367,0.0324480795451367,0.02,0.3253762532016777,0.795407896150762,-0.5060971166559487,0.813446031983319,1.7791124339883877,0.1522203700217494,0.1294317336761554,0.0645355745858818,0.4254963719990216,1.07185923843845,0.008370072713189654,0.038732676134167233,5.699513293142709,5.707883365855898,0.1414738657001937,0.1414738657001937
303,300,285,263,393,130.86252328302402,5.052885714285714,15,130,0.0993708119668722,0.1431476714818013,0.902331096419625,0.1873266549219789,1.153997866683541,0.02,3.0,3.0,2.0,0.005,5.0,4.242640687119285,4.242640687119285,0.0324205936174979,0.0324205936174979,0.02,0.3250835912568066,0.7933148539954146,-0.507019511031812,0.8127177189790091,1.715048815398634,0.0896133774406158,0.1317914055843702,0.0669502183493742,0.4254727959851843,1.0716609641014752,0.008196502340264684,0.0396829408854096,5.8393447512880226,5.847541253628287,0.13965788777238863,0.13965788777238863
304,300,285,264,393,129.8691649314802,5.069561904761905,15,129,0.1016948167450362,0.1393606520315364,0.8395753974440847,0.1809865150364222,1.0651271588863975,0.02,3.0,3.0,2.0,0.005,5.0,4.242640687119285,4.242640687119285,0.03266857601924,0.03266857601924,0.02,0.3275113520679543,0.794383356167445,-0.5156620521043723,0.818833115054955,1.6584085124990398,0.0207422823891296,0.1343633927642763,0.0690262407257962,0.4253933307378651,1.071166967751537,0.007768556533861988,0.04060784887172042,5.97544496147366,5.983213518007522,0.1356722643792354,0.1356722643792354
305,300,285,264,393,129.8691649314802,5.086238095238096,15,129,0.1039253769651228,0.1337571805305934,0.7776425123255728,0.1737093333909741,0.9866829662431792,0.02,3.0,3.0,2.0,0.005,5.0,4.242640687119285,4.242640687119285,0.03266857601924,0.03266857601924,0.02,0.3274463708793088,0.788649922289211,-0.5211355612280243,0.8187357811547469,1.5963782934803197,-0.041093268829174,0.1365939529843628,0.0712568009458827,0.4253044535812698,1.0705219460047002,0.0071563933373975045,0.041495361560883785,6.106042453684049,6.1131988470214464,0.12998532901392412,0.12998532901392412
306,300,285,264,393,129.8691649314802,5.102914285714285,15,129,0.1060370473527792,0.1266278644796963,0.7163483895970991,0.1644505501703481,0.9094916495892768,0.02,3.0,3.0,2.0,0.005,5.0,4.242640687119285,4.242640687119285,0.03266857601924,0.03266857601924,0.02,0.3273675321333762,0.781362928746449,-0.5281071997870561,0.8186128825735136,1.5349612721706127,-0.1022644929764144,0.1387056233720193,0.0733684713335392,0.4251966216788977,1.069733352729617,0.0064138464250753325,0.04233537926609854,6.2296510590064,6.236064905431475,0.12286605841002896,0.12286605841002896
307,300,285,264,393,129.8691649314802,5.119590476190476,15,129,0.1080111226801279,0.1183768757119424,0.6566019134561515,0.1537350599590759,0.8345247458442808,0.02,3.0,3.0,2.0,0.005,5.0,4.242640687119285,4.242640687119285,0.03266857601924,0.03266857601924,0.02,0.3272816573721957,0.7729401904563339,-0.536186439032449,0.8184641182877876,1.475066031743939,-0.1618622048316361,0.140679698699368,0.0753425466608879,0.425079164680031,1.0688553667560876,0.005605233881328265,0.04312049131160949,6.345180296503337,6.350785530384665,0.1147206249531898,0.1147206249531898
308,300,284,265,393,128.9961239727768,5.136266666666667,16,128,0.1098348711900769,0.1093624177867727,0.5975915077833374,0.1410732800278514,0.7554417672420236,0.02,3.0,3.0,2.0,0.005,5.0,4.242640687119285,4.242640687119285,0.0328896757240136,0.0328896757240136,0.02,0.3294020078655124,0.7681664335177976,-0.549441597944252,0.8238133254776069,1.421404833260944,-0.2262218176942695,0.1427245469140905,0.0769451954660633,0.4249510048248895,1.067914784514428,0.004784055369667448,0.043845667421463244,6.451889961068317,6.456674016437985,0.10588848605331957,0.10588848605331957
309,300,284,265,393,128.9961239727768,5.1529428571428575,16,128,0.1115008511668906,0.0999017119162992,0.5410166860368985,0.1288693361544756,0.6850162877382169,0.02,3.0,3.0,2.0,0.005,5.0,4.242640687119285,4.242640687119285,0.0328896757240136,0.0328896757240136,0.02,0.3293184262251224,0.758538564366544,-0.5587351405339457,0.8236357310993094,1.3646524171362078,-0.282619045062411,0.1443905268909042,0.078611175442877,0.4248373715868517,1.067015300369973,0.003992140817522896,0.044507982722325645,6.549349657590219,6.553341798407742,0.09666778196975745,0.09666778196975745
310,300,284,265,393,128.9961239727768,5.169619047619047,16,128,0.1130059942460864,0.0902570093178523,0.4861453048325814,0.1164280436337775,0.6166001530905572,0.02,3.0,3.0,2.0,0.005,5.0,4.242640687119285,4.242640687119285,0.0328896757240136,0.0328896757240136,0.02,0.329240979363083,0.7487389680440184,-0.5682249494083136,0.8234555345470034,1.3096008393795848,-0.3373102297144219,0.1458956699701,0.0801163185220728,0.4247320774864459,1.0661618660523915,0.0032585310924011512,0.04510625066830523,6.637384785841115,6.640643316933516,0.0873015185257735,0.0873015185257735
311,300,284,265,393,128.9961239727768,5.186295238095238,16,128,0.1143515092046606,0.0806847919190708,0.4337566001819579,0.1040802542111015,0.5511315080569135,0.02,3.0,3.0,2.0,0.005,5.0,4.242640687119285,4.242640687119285,0.0328896757240136,0.0328896757240136,0.02,0.3291718669228153,0.7390285257647016,-0.5776589419265599,0.8232775402293764,1.2570341404113343,-0.3895209400474184,0.1472411849286742,0.081461833480647,0.4246381134530214,1.0653782528475375,0.0026040142588095016,0.045640982774898885,6.716070615326371,6.7186746295851805,0.07803131265166474,0.07803131265166474
312,300,284,265,393,128.9961239727768,5.202971428571429,16,128,0.1155417485957071,0.0713735785607498,0.3835467175761599,0.092069149884032,0.4881890945957898,0.02,3.0,3.0,2.0,0.005,5.0,4.242640687119285,4.242640687119285,0.0328896757240136,0.0328896757240136,0.02,0.3291120537201225,0.7295976860009948,-0.5868505288794953,0.8231093586140338,1.2066560761901937,-0.4395626410378739,0.1484314243197207,0.0826520728716934,0.4245567916372819,1.0646819345072152,0.00203767508662701,0.04611393670325331,6.785665785883725,6.787703460970352,0.06902883138517169,0.06902883138517169
313,300,284,266,393,128.00390619039715,5.219647619047619,16,127,0.1165838284431975,0.0624890828021132,0.3356405316537506,0.0799884669292566,0.4246345853418607,0.02,3.0,3.0,2.0,0.005,5.0,4.242640687119285,4.242640687119285,0.0331446188900567,0.0331446188900567,0.02,0.3316099654376583,0.7257090136774299,-0.6007308480732033,0.8293224020339217,1.1649629336876723,-0.4936818703801711,0.1497284473332542,0.0834392095531408,0.4244852081181554,1.0640651735367084,0.0015619541877797442,0.04652796429154396,6.846589945500694,6.8481518996884745,0.06044843871812233,0.06044843871812233
314,300,284,266,393,128.00390619039715,5.236323809523809,16,127,0.1174869605105462,0.054156977196811,0.2904811742841308,0.0693230462865607,0.3680729231944681,0.02,3.0,3.0,2.0,0.005,5.0,4.242640687119285,4.242640687119285,0.0331446188900567,0.0331446188900567,0.02,0.3315692098036513,0.7172953968041136,-0.6089814424104916,0.8291847082889451,1.119665882573076,-0.5387035340048143,0.1506315794006029,0.0843423416204895,0.4244301783490589,1.0635598390410306,0.001173191271638363,0.04688674583782468,6.899384650035902,6.90055784130754,0.052405941619065644,0.052405941619065644
315,300,284,266,393,128.00390619039715,5.253,16,127,0.118262212339739,0.0464885448687844,0.2481677974018041,0.0595071533631195,0.3148980736118452,0.02,3.0,3.0,2.0,0.005,5.0,4.242640687119285,4.242640687119285,0.0331446188900567,0.0331446188900567,0.02,0.3315368421104614,0.7095622290897072,-0.6165851393521384,0.8290637887511528,1.077231586152957,-0.5808959913493487,0.1514068312297957,0.0851175934496823,0.4243864740246576,1.0631437250696307,0.0008644739216067922,0.04719469472045715,6.944699328115269,6.945563802036876,0.045005960729335825,0.045005960729335825
316,300,284,266,393,128.00390619039715,5.269676190476191,16,127,0.118921311800178,0.0395233828361483,0.2086070558789838,0.0505914738888547,0.2650256339231296,0.02,3.0,3.0,2.0,0.005,5.0,4.242640687119285,4.242640687119285,0.0331446188900567,0.0331446188900567,0.02,0.3315117152478709,0.7025468133318902,-0.6235000476595935,0.8289621931545128,1.037569249033497,-0.6203551372755289,0.1520659306902347,0.0857766929101213,0.4243525464361645,1.0628108150926656,0.000624839116325097,0.047456482755908795,6.98322143753198,6.983846276648305,0.038282474611428974,0.038282474611428974
317,300,284,266,393,128.00390619039715,5.286352380952381,16,127,0.1194761121702759,0.0332690113422472,0.1714985109646465,0.0425856340690027,0.2181080111502557,0.02,3.0,3.0,2.0,0.005,5.0,4.242640687119285,4.242640687119285,0.0331446188900567,0.0331446188900567,0.02,0.3314926190456982,0.6962542494336438,-0.6297162267491493,0.8288790383876896,1.000377549352336,-0.6573805274230431,0.1526207310603326,0.0863314932802192,0.4243267616627307,1.0625502025667797,0.00044273084627622917,0.047676828209251565,7.015645270991368,7.016088001837645,0.032241725189339654,0.032241725189339654
318,300,284,266,393,128.00390619039715,5.303028571428571,16,127,0.1199389144613866,0.0277522790214874,0.1377105543421475,0.035524001204362,0.1752890168010153,0.02,3.0,3.0,2.0,0.005,5.0,4.242640687119285,4.242640687119285,0.0331446188900567,0.0331446188900567,0.02,0.3314784981454696,0.6907092753124267,-0.6352047172694517,0.8288110047994771,0.9665215591416249,-0.6911004504573295,0.1530835333514433,0.0867942955713299,0.4243076947712954,1.0623491189895768,0.0003080755963545959,0.04786062432613851,7.042690869591282,7.0429989451876365,0.02691094334999189,0.02691094334999189
319,300,285,266,392,126.8897158953396,5.319704761904762,15,126,0.1203217728254889,0.0229583827702716,0.1062242824313172,0.0291318266713622,0.1341188705614432,0.02,3.0,3.0,2.0,0.005,5.0,4.242640687119285,4.242640687119285,0.0334356543962843,0.0334356543962843,0.02,0.334378463037728,0.6917153088457276,-0.6457985433051844,0.8360320642204035,0.9422563466517208,-0.7298077817890863,0.1537574272217733,0.0868861184292046,0.424293434605103,1.0621950496853614,0.00021083493577052158,0.048012663970387545,7.065063503242528,7.065274338178298,0.022275392990661835,0.022275392990661835
320,300,285,266,392,126.8897158953396,5.336380952380952,15,126,0.1206357705549698,0.0188291042806911,0.0778091313101516,0.0238921969274062,0.0982819169926421,0.02,3.0,3.0,2.0,0.005,5.0,4.242640687119285,4.242640687119285,0.0334356543962843,0.0334356543962843,0.02,0.3343712875654679,0.6875716794116271,-0.6499134708502448,0.835991959026197,0.9138010903363488,-0.7581828277160454,0.1540714249512541,0.0872001161586854,0.4242838213393234,1.0620857265470611,0.00014181406720525602,0.048137352619882084,7.083411438015649,7.083553252082854,0.01827891390455605,0.01827891390455605
321,300,285,266,392,126.8897158953396,5.353057142857143,15,126,0.1208911670661977,0.0153150392226917,0.0521007296833411,0.0194332097589334,0.0658128475049096,0.02,3.0,3.0,2.0,0.005,5.0,4.242640687119285,4.242640687119285,0.0334356543962843,0.0334356543962843,0.02,0.334366297985565,0.6840476351938218,-0.6534175567484384,0.8359619080803097,0.8880626377636509,-0.7838611783969684,0.1543268214624821,0.0874555126699134,0.4242771365937473,1.0620069638787994,9.382017055703409e-05,0.04823876719787112,7.098334593166735,7.098428413337292,0.01487516125443733,0.01487516125443733
322,300,285,266,392,126.8897158953396,5.3697333333333335,15,126,0.1210968412747651,0.0123334048541256,0.0284054078093988,0.015649822379622,0.0358505256729557,0.02,3.0,3.0,2.0,0.005,5.0,4.242640687119285,4.242640687119285,0.0334356543962843,0.0334356543962843,0.02,0.3343628697669403,0.6810591443880063,-0.6563923346797551,0.8359404091436922,0.864345816953091,-0.8075350013342933,0.1545324956710494,0.0876611868784807,0.4242725436649162,1.0619517677138008,6.084515011830757e-05,0.048320435419918914,7.110352072041069,7.110412917191187,0.01198450385389549,0.01198450385389549
323,300,285,266,391,125.89678312014172,5.386409523809524,15,125,0.1212601013768649,0.0097900118335115,0.0079847304860214,0.0123253099654721,0.0099318538923005,0.02,3.0,3.0,2.0,0.005,5.0,4.242640687119285,4.242640687119285,0.0336993573781038,0.0336993573781038,0.02,0.3369975284120193,0.6837850686575501,-0.6642050449905271,0.8425178151078878,0.8505025455939093,-0.8345330846218664,0.1549594587549687,0.0875607439987611,0.4242693298457805,1.0619131299430815,3.833773268011809e-05,0.048385260577605706,7.11989109399468,7.11992943172736,0.009516514536172416,0.009516514536172416
324,300,285,266,391,125.89678312014172,5.403085714285714,15,125,0.1213870777446881,0.0076142310802046,-0.0107295672745915,0.0095860719893116,-0.0135811706087003,0.02,3.0,3.0,2.0,0.005,5.0,4.242640687119285,4.242640687119285,0.0336993573781038,0.0336993573781038,0.02,0.3369959659543635,0.6816061629889317,-0.6663777008285224,0.8425074743414781,0.8317779070668866,-0.8532370416160696,0.1550864351227919,0.0876877203665843,0.42426725119489,1.0618872877723815,2.319060597710149e-05,0.04843567777946067,7.1273099852476385,7.127333175853615,0.0074037441262557735,0.0074037441262557735
325,300,285,266,391,125.89678312014172,5.419761904761905,15,125,0.1214821432830452,0.005700674772985,-0.0268456958228873,0.0071769661553296,-0.0338387809971416,0.02,3.0,3.0,2.0,0.005,5.0,4.242640687119285,4.242640687119285,0.0336993573781038,0.0336993573781038,0.02,0.3369949146728691,0.6796905041187232,-0.6682891545727531,0.842500868742561,0.8156551729196737,-0.8693465645654483,0.155181500661149,0.0877827859049414,0.4242658525984626,1.0618703428143856,1.2999077146939035e-05,0.0484734239649432,7.132864336441393,7.13287733551854,0.005544159664924386,0.005544159664924386
326,300,285,266,391,125.89678312014172,5.436438095238096,15,125,0.1215478955617437,0.0039428836455398,-0.0409325221089915,0.0049639636719048,-0.0515523009163401,0.02,3.0,3.0,2.0,0.005,5.0,4.242640687119285,4.242640687119285,0.0336993573781038,0.0336993573781038,0.02,0.3369942152410504,0.6779313141276406,-0.6700455468365609,0.8424969990138659,0.8015644769048743,-0.8834295211228574,0.1552472529398475,0.0878485381836399,0.4242649220931773,1.0618597293695775,6.21853257690609e-06,0.04849953093692144,7.13670597736799,7.136712195900567,0.003834860382027294,0.003834860382027294
327,300,285,266,391,125.89678312014172,5.453114285714285,15,125,0.1215855208464883,0.0022562278116411,-0.0527864036716852,0.0028405182347181,-0.0664627930037047,0.02,3.0,3.0,2.0,0.005,5.0,4.242640687119285,4.242640687119285,0.0336993573781038,0.0336993573781038,0.02,0.3369937838238581,0.6762437954593574,-0.6717313398360751,0.8424950116462979,0.7897086079746126,-0.8952814153179832,0.1552848782245921,0.0878861634683845,0.4242643481472901,1.0618536852971336,2.036225575209115e-06,0.048514469978921566,7.138904257398309,7.138906293623884,0.0021940977233168013,0.0021940977233168013
328,300,285,266,391,125.89678312014172,5.469790476190476,15,125,0.1215948246578072,0.0005579098734888,-0.0631907112893517,0.0007023905834321,-0.0795554646146716,0.02,3.0,3.0,2.0,0.005,5.0,4.242640687119285,4.242640687119285,0.0336993573781038,0.0336993573781038,0.02,0.3369935866241471,0.6745450831217831,-0.6734292633748055,0.8424946650781595,0.7793039537888078,-0.9056853763675112,0.155294182035911,0.0878954672797033,0.4242640857980581,1.061851629134534,1.2450537077451558e-07,0.04851816402749907,7.139447836646488,7.139447961151858,0.0005416675279743544,0.0005416675279743544
329,300,285,266,391,125.89678312014172,5.486466666666667,15,125,0.121574227016429,-0.001235152681158,-0.0714564346740349,-0.0015550174922002,-0.0899632732709802,0.02,3.0,3.0,2.0,0.005,5.0,4.242640687119285,4.242640687119285,0.0336993573781038,0.0336993573781038,0.02,0.3369936367292401,0.6727521207773222,-0.6752224261396382,0.8424960173100372,0.7710395826360023,-0.9139524519840722,0.1552735843945328,0.0878748696383252,0.4242641524565372,1.0618537413596305,6.102408583087185e-07,0.0485099857941144,7.138244409603934,7.138245019844793,-0.0012029413070653305,-0.0012029413070653305
330,300,285,267,391,124.90396310766124,5.503142857142857,15,124,0.121521451916175,-0.0031646976166039,-0.0783213403892926,-0.003952832743512,-0.09783896762563,0.02,3.0,3.0,2.0,0.005,5.0,4.242640687119285,4.242640687119285,0.0339672223487603,0.0339672223487603,0.02,0.3396726334724846,0.6761805693283653,-0.6825099645615733,0.849195284790956,0.7708739444016633,-0.9275166251802486,0.1554886742649353,0.0875542295674146,0.4242646103071499,1.061859797606992,4.006124401815363e-06,0.048489031500695876,7.135160985327398,7.1351649914518,-0.0030800283929925953,-0.0030800283929925953
331,300,285,267,391,124.90396310766124,5.519819047619047,15,124,0.1214335486131937,-0.0052711860725495,-0.083241244292916,-0.0065839203073934,-0.104006318131009,0.02,3.0,3.0,2.0,0.005,5.0,4.242640687119285,4.242640687119285,0.0339672223487603,0.0339672223487603,0.02,0.3396733609043837,0.674075535736218,-0.684617907881317,0.849199731371008,0.765958487078092,-0.932440975663924,0.155400770961954,0.0874663262644334,0.42426557125381,1.0618713699449476,1.1114161044575932e-05,0.04845412929463188,7.130025125705082,7.130036239866127,-0.005128751585673719,-0.005128751585673719
332,300,284,267,392,126.01983970788092,5.536495238095238,16,125,0.1213070757192872,-0.0075840398973036,-0.0871318733862674,-0.0095573949219637,-0.1098759308402504,0.02,3.0,3.0,2.0,0.005,5.0,4.242640687119285,4.242640687119285,0.0336664504331532,0.0336664504331532,0.02,0.3366668798918085,0.6657497198863135,-0.6809177996809207,0.8416870607183086,0.7545551873320411,-0.928818934104576,0.1549735261524404,0.087640625286134,0.4242672318509858,1.0618900059809029,2.3007064465557128e-05,0.04840391228811142,7.122635693195595,7.12265870026006,-0.007377539606066463,-0.007377539606066463
333,300,284,267,392,126.01983970788092,5.553171428571429,16,125,0.1211385604542978,-0.0101051415327769,-0.089893584302557,-0.01273448316186,-0.1134124346004485,0.02,3.0,3.0,2.0,0.005,5.0,4.242640687119285,4.242640687119285,0.0336664504331532,0.0336664504331532,0.02,0.3366687217670355,0.6632323020012941,-0.6834425850668481,0.8416954027798076,0.7518018184772506,-0.9315889870823646,0.154805010887451,0.0874721100211446,0.4242696843694343,1.0619156260452018,4.0845554158981086e-05,0.04833700084140671,7.1127896738129985,7.112830519367158,-0.00982818089290216,-0.00982818089290216
334,300,284,267,392,126.01983970788092,5.569847619047619,16,125,0.1209245399031392,-0.0128338994127084,-0.091351015874358,-0.0161732594681658,-0.1153279697615769,0.02,3.0,3.0,2.0,0.005,5.0,4.242640687119285,4.242640687119285,0.0336664504331532,0.0336664504331532,0.02,0.3366713069990193,0.6605087145853303,-0.6861765134107471,0.8417059131460172,0.7503548972716592,-0.9330569290203752,0.1545909903362924,0.087258089469986,0.4242731266909778,1.0619500773424315,6.588358965420682e-05,0.04825201887789724,7.100284577882579,7.1003504614722335,-0.012480057894924457,-0.012480057894924457
335,300,284,267,392,126.01983970788092,5.5865238095238094,16,125,0.1206620841130958,-0.0157383540574272,-0.0920953817922691,-0.0198334485558286,-0.1163705983485298,0.02,3.0,3.0,2.0,0.005,5.0,4.242640687119285,4.242640687119285,0.0336664504331532,0.0336664504331532,0.02,0.3366747343965223,0.6576111147356174,-0.689087822850472,0.8417181559084672,0.749622774116198,-0.9338135377007364,0.154328534546249,0.0869956336799426,0.4242776903813441,1.0619936222413262,9.907831537477411e-05,0.04814780153111814,7.0849489953040345,7.08504807361941,-0.015302387852823784,-0.015302387852823784
336,300,284,267,392,126.01983970788092,5.6032,16,125,0.1203486763987177,-0.0187937235920625,-0.0913224515095876,-0.0236838203458593,-0.1155295141828738,0.02,3.0,3.0,2.0,0.005,5.0,4.242640687119285,4.242640687119285,0.0336664504331532,0.0336664504331532,0.02,0.3366790918906894,0.6545644601893164,-0.6921519073734415,0.8417323884381711,0.7504099369285835,-0.9330548399477588,0.1540151268318709,0.0866822259655645,0.424283492521633,1.0620473065366438,0.0001412816185819387,0.048023347577860365,7.066635596082153,7.066776877700735,-0.018271195918674543,-0.018271195918674543
337,300,284,267,392,126.01983970788092,5.61987619047619,16,125,0.1199832424666497,-0.021913513916124,-0.0904762352352857,-0.0276153751114636,-0.1146231565240364,0.02,3.0,3.0,2.0,0.005,5.0,4.242640687119285,4.242640687119285,0.0336664504331532,0.0336664504331532,0.02,0.3366843368389252,0.6514551597617263,-0.6952821875939744,0.8417469771416354,0.7512707419063496,-0.9322232123769212,0.153649692899803,0.0863167920334966,0.424290476329239,1.0621087241901477,0.0001920808368608641,0.04787822809931435,7.045281264814107,7.045473345650968,-0.021303532049767426,-0.021303532049767426
338,300,284,267,392,126.01983970788092,5.636552380952381,16,125,0.1195656864210459,-0.0250390547049733,-0.0881890820606567,-0.031554176603576,-0.1119258266068384,0.02,3.0,3.0,2.0,0.005,5.0,4.242640687119285,4.242640687119285,0.0336664504331532,0.0336664504331532,0.02,0.3366903975196176,0.648341740334262,-0.6984198497442087,0.8417622615202174,0.7535731794595606,-0.9299513435808742,0.1532321368541991,0.0858992359878927,0.424298546301676,1.0621777140805606,0.0002507817042074583,0.047712402296026774,7.02087999786034,7.0211307795645475,-0.02434256608642027,-0.02434256608642027
339,300,284,267,392,126.01983970788092,5.653228571428572,16,125,0.1190966162655728,-0.0281281361077507,-0.0858684463938377,-0.035447032035802,-0.1092083374468807,0.02,3.0,3.0,2.0,0.005,5.0,4.242640687119285,4.242640687119285,0.0336664504331532,0.0336664504331532,0.02,0.3366971802048121,0.6452662243018734,-0.701522496517375,0.841778376347453,0.7559099299536153,-0.9276468227412908,0.152763066698726,0.0854301658324196,0.4243075776343363,1.0622536767349524,0.0003164768163584595,0.047526108555675683,6.9934668739676775,6.993783350784036,-0.02734742878051133,-0.02734742878051133
340,299,284,267,392,125.89678312014172,5.669904761904762,15,125,0.1185781475544637,-0.0310903567484008,-0.0820262065079034,-0.0391417590068125,-0.1044852865602165,0.02,3.0,3.0,2.0,0.005,5.0,4.242640687119285,4.242640687119285,0.0336993573781038,0.0336993573781038,0.02,0.3370334549420219,0.642976553135643,-0.7051572666324447,0.842616180792298,0.7605899742843946,-0.9246423873002017,0.1522775049325676,0.0848787901763599,0.4243171253669877,1.0623320284776023,0.0003866441130971325,0.04732018374751533,6.963165038446881,6.963551682559978,-0.030231668224057984,-0.030231668224057984
341,299,284,267,392,125.89678312014172,5.686580952380952,15,125,0.1180135442516682,-0.0338568513955057,-0.0790115184244371,-0.0426246867727085,-0.1009160976765879,0.02,3.0,3.0,2.0,0.005,5.0,4.242640687119285,4.242640687119285,0.0336993573781038,0.0336993573781038,0.02,0.3370408676387313,0.6402248838819569,-0.7079385866729684,0.842630553502324,0.7636190350778869,-0.9216420719267612,0.151712901629772,0.0843141868735644,0.4243269869486928,1.062411014455089,0.00045851455456694253,0.04709592078870953,6.930164744058607,6.930623258613174,-0.03292842394680395,-0.03292842394680395
342,299,284,267,392,125.89678312014172,5.703257142857143,15,125,0.1174072102271505,-0.0363592647483518,-0.0756209381491136,-0.0457751446843106,-0.096868679099477,0.02,3.0,3.0,2.0,0.005,5.0,4.242640687119285,4.242640687119285,0.0336993573781038,0.0336993573781038,0.02,0.3370481165422005,0.6377369683360493,-0.710455497832753,0.8426435149917837,0.7670225768426701,-0.9182644531408972,0.1511065676052543,0.0837078528490467,0.4243366306139439,1.0624868814834292,0.0005287984532162953,0.0468550654838671,6.894722885951044,6.89525168440426,-0.03537157420891379,-0.03537157420891379
343,299,284,267,392,125.89678312014172,5.7199333333333335,15,125,0.1167641383220967,-0.0385622787153903,-0.070449645956358,-0.0485486684004995,-0.0905659852607049,0.02,3.0,3.0,2.0,0.005,5.0,4.242640687119285,4.242640687119285,0.0336993573781038,0.0336993573781038,0.02,0.3370549256682402,0.6355475726210902,-0.7126721300518708,0.8426553127901777,0.7722056668338196,-0.9131049587465356,0.1504634957002005,0.0830647809439928,0.4243456892053314,1.0625576726192738,0.0005948197358893777,0.04659959789451012,6.857130830177164,6.8577256499130534,-0.03752603449120695,-0.03752603449120695
344,299,284,267,392,125.89678312014172,5.736609523809523,15,125,0.1160903450704927,-0.040404506806634,-0.0663115850494957,-0.0508679743051109,-0.0855394478273425,0.02,3.0,3.0,2.0,0.005,5.0,4.242640687119285,4.242640687119285,0.0336993573781038,0.0336993573781038,0.02,0.3370609269914071,0.6337173471761803,-0.7145263607894483,0.8426649034041012,0.7763533183546054,-0.9089764884535968,0.1497897024485965,0.0823909876923889,0.4243536731191941,1.06261905135101,0.0006530096681149336,0.04633190523069927,6.817739854697398,6.818392864365513,-0.039332785547540716,-0.039332785547540716
345,299,284,267,392,125.89678312014172,5.753285714285714,15,125,0.115392619442217,-0.041839629336923,-0.0598801474132362,-0.0526747474045772,-0.0775910712276867,0.02,3.0,3.0,2.0,0.005,5.0,4.242640687119285,4.242640687119285,0.0336993573781038,0.0336993573781038,0.02,0.3370657960620615,0.6322919627872,-0.7159712214610462,0.8426721280086795,0.7827919805954433,-0.9025522754219156,0.1490919768203208,0.0816932620641132,0.4243601507248947,1.062668151110856,0.0007002218332204432,0.04605468225826389,6.776946494303531,6.7776467161367515,-0.040746148228761214,-0.040746148228761214
346,299,284,267,392,125.89678312014172,5.769961904761905,15,125,0.1146779536917365,-0.0428554561967161,-0.0565305787606648,-0.053953640743127,-0.0734823880263955,0.02,3.0,3.0,2.0,0.005,5.0,4.242640687119285,4.242640687119285,0.0336993573781038,0.0336993573781038,0.02,0.3370693452143149,0.6312832342319137,-0.716994146625346,0.8426771897775271,0.7861466110168623,-0.899207768538192,0.1483773110698403,0.0809785963136327,0.4243648723636273,1.0627036843754711,0.0007346360503314612,0.04577070533033933,6.735159289359432,6.735893925409763,-0.041752790726988565,-0.041752790726988565
347,299,284,267,392,125.89678312014172,5.786638095238096,15,125,0.1139534424870382,-0.0434458460841347,-0.0523552942020077,-0.0546969226192537,-0.0682899852748058,0.02,3.0,3.0,2.0,0.005,5.0,4.242640687119285,4.242640687119285,0.0336993573781038,0.0336993573781038,0.02,0.3370714470528309,0.6306970480215269,-0.7175887401897966,0.842679910236193,0.7903246160341852,-0.8950352044382008,0.147652799865142,0.0802540851089344,0.4243676685574003,1.0627243793179992,0.0007550166167865292,0.04548279238742615,6.692792899809758,6.693547916426545,-0.04234600898321794,-0.04234600898321794
348,298,284,267,392,125.78155667664475,5.803314285714285,14,125,0.1132260524191668,-0.043618479227012,-0.0472639730394211,-0.0548640021704147,-0.0618424453751945,0.02,3.0,3.0,2.0,0.005,5.0,4.242640687119285,4.242640687119285,0.0337302288126877,0.0337302288126877,0.02,0.3373807095948301,0.631142939962648,-0.7183798984166723,0.8434518844046214,0.7961879113652002,-0.8907158574440426,0.1469562812318546,0.079495823606479,0.4243683126208443,1.0627294860046947,0.0007610286920309112,0.045193711398367094,6.650254632269718,6.651015660961749,-0.04253225546479644,-0.04253225546479644
349,297,284,267,392,125.67418191498204,5.819990476190476,13,125,0.1125023173511718,-0.0433993044771394,-0.0422584410451159,-0.0545417208584371,-0.0554750228237169,0.02,3.0,3.0,2.0,0.005,5.0,4.242640687119285,4.242640687119285,0.0337590475821788,0.0337590475821788,0.02,0.3376680449945574,0.6319367855119755,-0.7187353944662542,0.8441702903147619,0.8019118492696459,-0.8864287313598779,0.1462613649333507,0.0787432697689929,0.4243671011381678,1.0627202199147532,0.0007533998516397808,0.0449060592553884,6.607926619430404,6.608680019282043,-0.04233564167970538,-0.04233564167970538
350,297,284,267,392,125.67418191498204,5.836666666666667,13,125,0.1117883920338703,-0.042811055577758,-0.0381856682400194,-0.0538024438665157,-0.0502928655840021,0.02,3.0,3.0,2.0,0.005,5.0,4.242640687119285,4.242640687119285,0.0337590475821788,0.0337590475821788,0.02,0.33766595668123,0.632520857784702,-0.718142968940218,0.8441661726898693,0.8059805044498498,-0.8823518409298887,0.1455474396160493,0.0780293444516914,0.4243643273220663,1.0626978589179166,0.000733114591872754,0.04462228300110865,6.566168943613137,6.56690205820501,-0.0417779610770328,-0.0417779610770328
351,297,284,267,392,125.67418191498204,5.853342857142857,13,125,0.1110895930804867,-0.0419039920646962,-0.0330700905960733,-0.052662499217026,-0.0437673347644559,0.02,3.0,3.0,2.0,0.005,5.0,4.242640687119285,4.242640687119285,0.0337590475821788,0.0337590475821788,0.02,0.337662792388067,0.6334215927114378,-0.7172295768408304,0.8441600267704118,0.8110899361743384,-0.8772301173664852,0.1448486406626656,0.0773305454983078,0.4243601243267141,1.0626640938491372,0.000702377820383249,0.04434449725776463,6.525292771480066,6.525995149300449,-0.04090690890456106,-0.04090690890456106
352,297,284,267,392,125.67418191498204,5.870019047619048,13,125,0.1104103861737372,-0.0407291406103358,-0.0286220333517864,-0.0511860142630423,-0.038055268634493,0.02,3.0,3.0,2.0,0.005,5.0,4.242640687119285,4.242640687119285,0.0337590475821788,0.0337590475821788,0.02,0.337658794595668,0.6345884485810002,-0.7160467298016718,0.8441520962026754,0.815530062850889,-0.8727741295544618,0.1441694337559161,0.0766513385915583,0.4243548142267502,1.062621227108359,0.000663545157942602,0.0440744789685491,6.4855595802220005,6.486223125379943,-0.039772023920506605,-0.039772023920506605
353,297,284,267,392,125.67418191498204,5.886695238095238,13,125,0.109754304358078,-0.0393424275523796,-0.0244208409711575,-0.0494432739719475,-0.0326359105314548,0.02,3.0,3.0,2.0,0.005,5.0,4.242640687119285,4.242640687119285,0.0337590475821788,0.0337590475821788,0.02,0.337654222097793,0.6359660166432065,-0.7146508717479657,0.844142674084078,0.8197218331129204,-0.8685635150552355,0.1435133519402569,0.0759952567758991,0.4243487407652224,1.062571757391591,0.0006191306422856951,0.0438136347378578,6.447176351675775,6.447795482318061,-0.03842764306188151,-0.03842764306188151
354,296,284,267,392,125.5746789762968,5.903371428571429,12,125,0.1091237975952998,-0.037808800737697,-0.0198301825958724,-0.0474782801511508,-0.0266967849687837,0.02,3.0,3.0,2.0,0.005,5.0,4.242640687119285,4.242640687119285,0.0337857975963459,0.0337857975963459,0.02,0.3379168030742427,0.6380248054107884,-0.7136424068861826,0.8448007080486621,0.8249705254527897,-0.8646308906445346,0.1429095951916458,0.0753379999989539,0.4243421516340575,1.062518038529457,0.0005718021652891509,0.04356294083413401,6.41028674374282,6.410858545908109,-0.036936936409952104,-0.036936936409952104
355,297,284,267,392,125.67418191498204,5.920047619047619,13,125,0.1085205555564749,-0.0361738515571764,-0.0154141194576937,-0.0454611920116215,-0.0210160749392954,0.02,3.0,3.0,2.0,0.005,5.0,4.242640687119285,4.242640687119285,0.0337590475821788,0.0337590475821788,0.02,0.3376443683246064,0.6391148850920364,-0.7114625882063893,0.8441208167382845,0.8287066972805908,-0.8595349361959783,0.1422796031386538,0.074761507974296,0.4243356523862376,1.0624632027620076,0.0005234190145922535,0.04332307136337826,6.374989951121112,6.375513370135704,-0.035345175772405035,-0.035345175772405035
356,298,284,267,392,125.78155667664475,5.9367238095238095,14,125,0.1079452643300337,-0.0344977605804299,-0.0115710765176888,-0.0433918202766467,-0.0160512007952475,0.02,3.0,3.0,2.0,0.005,5.0,4.242640687119285,4.242640687119285,0.0337302288126877,0.0337302288126877,0.02,0.3373513444098738,0.6402049282393177,-0.7092004494001777,0.843388770289656,0.8318176937719671,-0.8549598468073448,0.1416754931427215,0.0742150355173459,0.4243292782964148,1.0624086567371591,0.00047603819402586533,0.04309430139474662,6.3413264502369655,6.341802488430991,-0.033710881704712925,-0.033710881704712925
357,298,284,267,392,125.78155667664475,5.9534,14,125,0.1073978042341956,-0.0328288464094776,-0.0085453512581438,-0.0412926340528257,-0.0121040653771436,0.02,3.0,3.0,2.0,0.005,5.0,4.242640687119285,4.242640687119285,0.0337302288126877,0.0337302288126877,0.02,0.337346713088005,0.6418645797665324,-0.7075222725854876,0.8433771031757932,0.8348317519176492,-0.8519224544339371,0.1411280330468834,0.0736675754215078,0.42432312199132,1.06235590691223,0.00043109326263082823,0.04287658549170087,6.309289555103783,6.309720648366414,-0.032081840064576816,-0.032081840064576816
358,298,284,267,392,125.78155667664475,5.97007619047619,14,125,0.1068773639510532,-0.0312085835122521,-0.005079141002565,-0.0392546421584415,-0.0076137043968733,0.02,3.0,3.0,2.0,0.005,5.0,4.242640687119285,4.242640687119285,0.0337302288126877,0.0337302288126877,0.02,0.3373424363824673,0.6434762892526824,-0.7058934562771868,0.8433658185965149,0.8382866775939499,-0.84844495959908,0.140607592763741,0.0731471351383654,0.4243174370649462,1.0623065546837496,0.0003895902739364855,0.04266960300916766,6.278832082799021,6.279221673072958,-0.030498975293456354,-0.030498975293456354
359,298,284,267,392,125.78155667664475,5.986752380952381,14,125,0.1063825817017745,-0.0296699806820473,-0.0015183907050195,-0.0373193635675389,-0.0030171202613222,0.02,3.0,3.0,2.0,0.005,5.0,4.242640687119285,4.242640687119285,0.0337302288126877,0.0337302288126877,0.02,0.3373385755039696,0.6450071703258918,-0.7043471316899866,0.8433552106827398,0.8418368199777202,-0.8448736013877594,0.1401128105144622,0.0726523528890867,0.4243123048843828,1.0622614728859765,0.00035212310146922406,0.042472814175807755,6.249874605970112,6.2502267290715805,-0.028994944001377476,-0.028994944001377476
360,298,284,267,392,125.78155667664475,6.003428571428572,14,125,0.1059117584371063,-0.0282332625871853,0.0013594472123937,-0.0355122371827665,0.0007073075485066,0.02,3.0,3.0,2.0,0.005,5.0,4.242640687119285,4.242640687119285,0.0337302288126877,0.0337302288126877,0.02,0.3373351464497622,0.6464370303123391,-0.7029035554867099,0.8433455148587035,0.8447049620710972,-0.8419860676463097,0.1396419872497941,0.0721815296244185,0.4243077467155186,1.0622210887430965,0.00031884684652678293,0.042285544849880646,6.222317924659937,6.2226367715064645,-0.027589957565115952,-0.027589957565115952
361,298,285,267,392,125.67418191498204,6.020104761904762,13,125,0.1054628076468585,-0.0269216636070888,0.0046931305071002,-0.0338335804961123,0.004987197098261,0.02,3.0,3.0,2.0,0.005,5.0,4.242640687119285,4.242640687119285,0.0337590475821788,0.0337590475821788,0.02,0.3376203267677885,0.6483189899284882,-0.7021623171426659,0.8440571860761008,0.8487503165832011,-0.8393640555690005,0.1392218552290374,0.0717037600646796,0.4243037188416169,1.0621854236377457,0.0002899103885492999,0.04210696654034569,6.1960401264118685,6.1963300368004175,-0.026306734706047052,-0.026306734706047052
362,298,285,267,392,125.67418191498204,6.036780952380952,13,125,0.1050336322790037,-0.0257358158907836,0.0072526037069446,-0.0323432760798883,0.0082822697777416,0.02,3.0,3.0,2.0,0.005,5.0,4.242640687119285,4.242640687119285,0.0337590475821788,0.0337590475821788,0.02,0.3376177550355124,0.6494996941802411,-0.7009713259618084,0.8440495940332297,0.8513021977401743,-0.836796990326285,0.1387926798611826,0.0712745846968248,0.4243003028934651,1.0621547239439486,0.0002649328878257239,0.04193624632837535,6.170918647220433,6.171183580108259,-0.025146456692158203,-0.025146456692158203
363,298,286,267,392,125.5746789762968,6.053457142857143,12,125,0.1046221636872116,-0.0246740160697664,0.0097084722553488,-0.0309843164701691,0.0114268753456615,0.02,3.0,3.0,2.0,0.005,5.0,4.242640687119285,4.242640687119285,0.0337857975963459,0.0337857975963459,0.02,0.337883030888396,0.6510920457070256,-0.7004400778465586,0.8447117481025285,0.8544202203578773,-0.8350032758471796,0.1384079612835576,0.0708363660908657,0.4242973249317143,1.0621282312242653,0.0002435228276044363,0.04177256238146734,6.14683255443292,6.147076077260524,-0.024107502847734885,-0.024107502847734885
364,298,286,267,392,125.5746789762968,6.070133333333334,12,125,0.1042264703060964,-0.0237280439846362,0.0124461033332372,-0.0297964150610614,0.0149221436586174,0.02,3.0,3.0,2.0,0.005,5.0,4.242640687119285,4.242640687119285,0.0337857975963459,0.0337857975963459,0.02,0.3378811466289759,0.6520342492733157,-0.6994903372425881,0.8447061771353449,0.8571522804685822,-0.8322600738021076,0.1380122679024424,0.0704406727097504,0.4242948238975628,1.0621057208285936,0.0002252080285347321,0.04161514720894289,6.123668911795947,6.123894119824481,-0.023181957436043454,-0.023181957436043454
365,299,286,267,391,124.67958934805648,6.0868095238095234,13,124,0.1038448395718906,-0.0228847670426136,0.0146459709742162,-0.02853263357199,0.0176075737942811,0.02,3.0,3.0,2.0,0.005,5.0,4.242640687119285,4.242640687119285,0.0340283498630677,0.0340283498630677,0.02,0.340304898057703,0.6577250290727923,-0.7034945631580196,0.8507648571949264,0.8654108281691427,-0.8361188862207102,0.1378731894349583,0.0698164897088228,0.4242922923327671,1.0620854625365168,0.0002094850250378775,0.04146332028109312,6.101327579362852,6.10153706438789,-0.022357055436590834,-0.022357055436590834
366,299,286,266,391,125.67418191498204,6.103485714285714,13,125,0.1034758156936508,-0.0221287876728567,0.0166904282143085,-0.0278101728755661,0.0203601537057307,0.02,3.0,3.0,2.0,0.005,5.0,4.242640687119285,4.242640687119285,0.0337590475821788,0.0337590475821788,0.02,0.3376106444232068,0.6530925011735569,-0.6973500765192704,0.8440287270461403,0.8607191552604488,-0.8273382988318317,0.1372348632758297,0.0697167681114719,0.4242908580912163,1.062069998095178,0.00019587329754814994,0.041316503087253646,6.079723429289374,6.079919302586922,-0.021617761800968083,-0.021617761800968083
367,299,286,266,391,125.67418191498204,6.120161904761905,13,125,0.1031182206343772,-0.0214434501563248,0.0185927053461584,-0.0269488805583081,0.0227883533626268,0.02,3.0,3.0,2.0,0.005,5.0,4.242640687119285,4.242640687119285,0.0337590475821788,0.0337590475821788,0.02,0.3376094145432315,0.6537753789301384,-0.6966622792427879,0.8440252753758888,0.8626179807220472,-0.8254325700297304,0.1368772682165561,0.0693591730521983,0.4242892244792541,1.062055541351289,0.00018392862184271448,0.0411742275134286,6.058787578601018,6.058971507222861,-0.020947795364061328,-0.020947795364061328
368,299,286,266,391,125.67418191498204,6.136838095238096,13,125,0.1027711380360066,-0.0208130627235374,0.0203670225327402,-0.0261566463092577,0.0250516890281894,0.02,3.0,3.0,2.0,0.005,5.0,4.242640687119285,4.242640687119285,0.0337590475821788,0.0337590475821788,0.02,0.3376083174310003,0.6544035721384631,-0.696029697585538,0.8440222649125824,0.8643892874453226,-0.8236552423798421,0.1365301856181855,0.0690120904538277,0.4242877672183403,1.062042731339394,0.00017327343197356086,0.04103612947432146,6.0384664521464035,6.038639725578377,-0.020331781644483904,-0.020331781644483904
369,299,286,266,390,124.67958934805648,6.1535142857142855,13,124,0.1024338694546189,-0.0202245579929821,0.0215683417033209,-0.0252158958531096,0.0263813395168599,0.02,3.0,3.0,2.0,0.005,5.0,4.242640687119285,4.242640687119285,0.0340283498630677,0.0340283498630677,0.02,0.340300212239037,0.6603758664850921,-0.7008249824710562,0.8507518027741388,0.8723201444774596,-0.8291834610708179,0.1364622193176867,0.0684055195915511,0.4242861122335809,1.0620303257082326,0.0001636130984045985,0.04090193152340466,6.018719223668996,6.018882836767401,-0.019756888810976037,-0.019756888810976037
370,299,286,266,390,124.67958934805648,6.170190476190476,13,124,0.1021058682523633,-0.0196688328023072,0.0232169290298874,-0.0245230199674724,0.0284644325941455,0.02,3.0,3.0,2.0,0.005,5.0,4.242640687119285,4.242640687119285,0.0340283498630677,0.0340283498630677,0.02,0.340299306374848,0.6609297799473888,-0.7002674455520033,0.8507494003439344,0.8739663293738219,-0.827532471314047,0.1361342181154311,0.0680775183892955,0.4242849174939642,1.062019817637821,0.00015474519352204634,0.04077141656646238,5.99951394775494,5.999668692948462,-0.019214143818938823,-0.019214143818938823
371,300,286,266,390,124.78781991845196,6.186866666666667,14,124,0.1017866495993257,-0.019142180793233,0.024613811085784,-0.0238871100967241,0.0302577868726968,0.02,3.0,3.0,2.0,0.005,5.0,4.242640687119285,4.242640687119285,0.0339988365041702,0.0339988365041702,0.02,0.340003350599041,0.660864520404849,-0.6991488819913151,0.8500093962014225,0.8746232072872065,-0.8253955851156384,0.1357854861034959,0.0677878130951554,0.4242838483976474,1.062010226889011,0.00014656923420832733,0.040644392061738255,5.980822291884785,5.980968861118993,-0.018699831829469105,-0.018699831829469105
372,300,286,266,390,124.78781991845196,6.203542857142857,14,124,0.1014757301887606,-0.0186445106278288,0.0261224231849363,-0.0232660783469316,0.032163817757347,0.02,3.0,3.0,2.0,0.005,5.0,4.242640687119285,4.242640687119285,0.0339988365041702,0.0339988365041702,0.02,0.3400025815368411,0.6613606524458535,-0.6986496737015111,0.8500073644067365,0.8761297875916729,-0.8238849412218001,0.1354745666929309,0.0674768936845904,0.4242828333009172,1.0620013188161497,0.00013904711062048844,0.04052066603637711,5.962616007252892,5.962755054363512,-0.018213806755480455,-0.018213806755480455
373,298,285,267,391,124.67958934805648,6.220219047619048,13,124,0.101172446924056,-0.0181866035373958,0.0278570330893162,-0.0226749826067842,0.0343196535414247,0.02,3.0,3.0,2.0,0.005,5.0,4.242640687119285,4.242640687119285,0.0340283498630677,0.0340283498630677,0.02,0.3402970136721736,0.6624074238069515,-0.698780630881743,0.850743304385579,0.8786003374748952,-0.8228862712962628,0.1352007967871238,0.0671440970609883,0.424281893659385,1.061993202873564,0.000132301019290567,0.04039997493418929,5.944856311565954,5.944988612585244,-0.01776644177826814,-0.01776644177826814
374,298,285,268,392,124.67958934805648,6.236895238095238,13,124,0.1008760989883982,-0.0177707214415031,0.0286815240311422,-0.0221564625174531,0.0353662700572654,0.02,3.0,3.0,2.0,0.005,5.0,4.242640687119285,4.242640687119285,0.0340283498630677,0.0340283498630677,0.02,0.340296402640744,0.662822083839985,-0.6983635267229913,0.8507416419224653,0.8794231659536075,-0.822060117891323,0.134904448851466,0.0668477491253304,0.4242810877727595,1.0619860626423274,0.00012631941622059925,0.040282040145770526,5.927502207450133,5.9276285268663536,-0.017360085718890694,-0.017360085718890694
375,297,285,269,394,125.5746789762968,6.253571428571428,12,125,0.1005856546041454,-0.0174167106490824,0.0303559273133686,-0.0218709784858157,0.0377384377701409,0.02,3.0,3.0,2.0,0.005,5.0,4.242640687119285,4.242640687119285,0.0337857975963459,0.0337857975963459,0.02,0.3378704599638152,0.6583242092785481,-0.693157630576713,0.844676613562112,0.8750325408754807,-0.8143206862487433,0.1343714522004914,0.0667998570077995,0.4242806391507128,1.061980601239576,0.00012133672393354414,0.040166451305223325,5.910493309563613,5.910614646287546,-0.017013880578807594,-0.017013880578807594
376,293,285,271,395,124.25779653607252,6.270247619047619,8,124,0.1002998087046476,-0.0171409591360791,0.0317938115668634,-0.0212989781276405,0.0391412047740893,0.02,3.0,3.0,2.0,0.005,5.0,4.242640687119285,4.242640687119285,0.0341438590204489,0.0341438590204489,0.02,0.3414505552326061,0.6657601513291331,-0.7000420696012915,0.8536266664486295,0.885420478015493,-0.821832854881766,0.1344436677250965,0.0661559496841987,0.4242798018143258,1.061975113498498,0.00011752499204189347,0.04005268922619757,5.893753219634973,5.893870744627015,-0.01674390166053108,-0.01674390166053108
377,294,284,271,395,124.4025723206719,6.28692380952381,10,124,0.1000169775517859,-0.0169601776416187,0.0327392442854572,-0.0210988972563291,0.0403706210039478,0.02,3.0,3.0,2.0,0.005,5.0,4.242640687119285,4.242640687119285,0.0341041234757031,0.0341041234757031,0.02,0.3410529623837088,0.665145747125799,-0.6990661024090364,0.8526325257425245,0.8853717700279817,-0.8198932814570672,0.1341211010274891,0.0659128540760828,0.4242795056411432,1.0619721325561482,0.00011505905025410514,0.03994012374687308,5.877189209352374,5.877304268402628,-0.016566476224387117,-0.016566476224387117
378,295,283,271,395,124.57929201917948,6.3036,12,124,0.0997353351740333,-0.0168888918698052,0.0343505226924905,-0.0210400619212881,0.0424382946444696,0.02,3.0,3.0,2.0,0.005,5.0,4.242640687119285,4.242640687119285,0.0340557456889874,0.0340557456889874,0.02,0.3405691026593481,0.6642493134488909,-0.6980270971885014,0.851422775299729,0.8857732979922195,-0.8170722526072385,0.1337910808630207,0.0656795894850458,0.4242794172802209,1.0619709859763076,0.00011409386743598889,0.0398280282196496,5.860694352521438,5.860808446388874,-0.01649582201375388,-0.01649582201375388
379,295,283,271,395,124.57929201917948,6.32027619047619,12,124,0.0994528356367362,-0.0169402920709265,0.0355093634502737,-0.0211040959279414,0.0438798040379561,0.02,3.0,3.0,2.0,0.005,5.0,4.242640687119285,4.242640687119285,0.0340557456889874,0.0340557456889874,0.02,0.3405691736522204,0.6641980552335143,-0.6980786393753673,0.8514229438274822,0.886932307277756,-0.8159135803772084,0.1335085813257237,0.0653970899477487,0.4242795108453448,1.0619717852045498,0.00011478939817931812,0.03971558836358,5.844148827700797,5.844263617098977,-0.016544829289896867,-0.016544829289896867
380,296,283,270,394,124.67958934805648,6.336952380952381,13,124,0.0991673465376724,-0.0171195633362069,0.0367909694348416,-0.0213446012657632,0.0455054193552741,0.02,3.0,3.0,2.0,0.005,5.0,4.242640687119285,4.242640687119285,0.0340283498630677,0.0340283498630677,0.02,0.3402954743203367,0.6634713853044665,-0.6977105119768805,0.8507388038533388,0.8875297732881804,-0.8139478344184972,0.1331956964007402,0.0651389966746046,0.4242798634149571,1.0619748257626958,0.00011723177952895983,0.039601955388589107,5.827427735430887,5.827544967210416,-0.016718649888560755,-0.016718649888560755
381,296,282,270,394,124.78781991845196,6.353628571428572,14,124,0.0988769078443499,-0.0174163693882732,0.038167616189878,-0.0217335076685708,0.0472500173605322,0.02,3.0,3.0,2.0,0.005,5.0,4.242640687119285,4.242640687119285,0.0339988365041702,0.0339988365041702,0.02,0.3400007703332267,0.6625851712781802,-0.6974179100547268,0.8500022497066558,0.8881698658965339,-0.8118346335167778,0.1328757443485201,0.0648780713401796,0.424280442665583,1.0619799287196807,0.00012133196906751194,0.03948634901886042,5.8104162581253105,5.810537590094378,-0.01700737711603839,-0.01700737711603839
382,297,282,270,394,124.90396310766124,6.3703047619047615,15,124,0.0985793505157207,-0.0178432435785639,0.0396354760826012,-0.0222869183765796,0.0491086095105492,0.02,3.0,3.0,2.0,0.005,5.0,4.242640687119285,4.242640687119285,0.0339672223487603,0.0339672223487603,0.02,0.3396852564439533,0.6615272693093428,-0.6972137564664707,0.8492138116626191,0.8888492877452203,-0.8095783355800179,0.132546572864481,0.0646121281669604,0.4242812853939156,1.0619874581745232,0.00012735253656158478,0.039367905689569854,5.792987322220204,5.793114674756766,-0.017422915337611755,-0.017422915337611755
383,295,282,271,394,123.68508398347798,6.386980952380952,13,123,0.0982733735662842,-0.0183481323191486,0.0409358691123776,-0.0226939028683386,0.0502151733583447,0.02,3.0,3.0,2.0,0.005,5.0,4.242640687119285,4.242640687119285,0.0343019590598816,0.0343019590598816,0.02,0.3430332370542805,0.6677183417894126,-0.7044146064277097,0.8575840215271132,0.8985198906394909,-0.8166481524147355,0.1325753326261659,0.0639714145064025,0.4242819391774527,1.0619954621626235,0.0001346615838403942,0.039246107277374896,5.775064685865717,5.775199347449557,-0.01791532730720924,-0.01791532730720924
384,294,282,271,394,123.58397954427588,6.403657142857143,12,123,0.0979574876490607,-0.0189423308443554,0.0421144141419278,-0.0234096862758972,0.0516032349359511,0.02,3.0,3.0,2.0,0.005,5.0,4.242640687119285,4.242640687119285,0.0343300215995981,0.0343300215995981,0.02,0.343314748727982,0.6676871666116087,-0.7055718283003194,0.8582881573444784,0.9004025714864062,-0.8161737432025505,0.1322875092486588,0.0636274660494626,0.4242830859540963,1.0620061142538677,0.0001435247591268072,0.03912036060712511,5.756561063338459,5.756704588097586,-0.01849475935197109,-0.01849475935197109
385,294,282,271,394,123.58397954427588,6.420333333333334,12,123,0.0976307650396978,-0.0195921610411767,0.0436006798131183,-0.0242127722934094,0.0534090746873835,0.02,3.0,3.0,2.0,0.005,5.0,4.242640687119285,4.242640687119285,0.0343300215995981,0.0343300215995981,0.02,0.3433157629198436,0.6670393647985106,-0.7062236868808641,0.8582909448014956,0.901891624614614,-0.8146902649883773,0.131960786639296,0.0633007434400997,0.4242844131034949,1.0620180446990342,0.00015354110970536088,0.03899029600088559,5.737422056530315,5.737575597640021,-0.01912899045756511,-0.01912899045756511
386,294,282,271,394,123.58397954427588,6.437009523809524,12,123,0.0972930352186592,-0.0202522165671373,0.0449298636163171,-0.0250284951795935,0.0550192309561337,0.02,3.0,3.0,2.0,0.005,5.0,4.242640687119285,4.242640687119285,0.0343300215995981,0.0343300215995981,0.02,0.343316828084627,0.6663814396021166,-0.7068858727363914,0.8582936564755483,0.9032235200918656,-0.8133637928592312,0.1316230568182573,0.062963013619061,0.4242858069547011,1.0620303083051132,0.00016406091035289222,0.03885584517248322,5.717637617130906,5.717801678041259,-0.019773919598761402,-0.019773919598761402
387,294,282,271,394,123.58397954427588,6.453685714285714,12,123,0.0969447735229502,-0.0208837681607342,0.046211640053057,-0.0258089917718357,0.056571194789619,0.02,3.0,3.0,2.0,0.005,5.0,4.242640687119285,4.242640687119285,0.0343300215995981,0.0343300215995981,0.02,0.3433178802855412,0.6657519924103482,-0.7075195287318167,0.8582961529287711,0.9045077929818282,-0.8120845128757141,0.1312747951225483,0.0626147519233521,0.4242871838414234,1.0620421977501011,0.00017445270903651826,0.0387171969452279,5.6972355304902855,5.697409983199322,-0.020391694841936925,-0.020391694841936925
388,294,282,271,394,123.58397954427588,6.470361904761905,12,123,0.0965873111637704,-0.0214354926978149,0.0474510378249926,-0.0264908349108824,0.0580740367808942,0.02,3.0,3.0,2.0,0.005,5.0,4.242640687119285,4.242640687119285,0.0343300215995981,0.0343300215995981,0.02,0.3433188259281894,0.665202159158564,-0.7080731445541939,0.8582981731188877,0.9057492109438804,-0.8108471352938951,0.1309173327633686,0.0622572895641723,0.4242884212881561,1.062052607346189,0.0001837921388792304,0.038574880911811174,5.676293726173014,5.676477518311894,-0.02093246488742828,-0.02093246488742828
389,294,282,271,394,123.58397954427588,6.487038095238095,12,123,0.0962227069245914,-0.0218637607731611,0.0484608135412053,-0.0270201056415129,0.0592990407679413,0.02,3.0,3.0,2.0,0.005,5.0,4.242640687119285,4.242640687119285,0.0343300215995981,0.0343300215995981,0.02,0.3433195769658499,0.6647753931585386,-0.708502914704861,0.8582996102088803,0.9067604237500856,-0.809838796667675,0.1305527285241895,0.0618926853249932,0.4242894040790292,1.0620606681750793,0.00019120961405840728,0.038429716413162326,5.654932770196837,5.655123979810895,-0.02135353850099886,-0.02135353850099886
390,294,282,271,394,123.58397954427588,6.503714285714286,12,123,0.0958535210324487,-0.0221385029554443,0.0497598057741968,-0.0273596429638652,0.0608894466526393,0.02,3.0,3.0,2.0,0.005,5.0,4.242640687119285,4.242640687119285,0.0343300215995981,0.0343300215995981,0.02,0.3433200665926522,0.6645016302298601,-0.7087786361407487,0.8583004413099249,0.9080602470841216,-0.8085406355357281,0.1301835426320468,0.0615234994328505,0.4242900447935055,1.0620657927375614,0.00019604532524328646,0.03828272255773477,5.633302624370672,5.633498669695915,-0.021625310114980145,-0.021625310114980145
391,294,282,271,394,123.58397954427588,6.520390476190476,12,123,0.0954830970247319,-0.0222127474644536,0.0507516845488987,-0.027451397282692,0.0621111804958996,0.02,3.0,3.0,2.0,0.005,5.0,4.242640687119285,4.242640687119285,0.0343300215995981,0.0343300215995981,0.02,0.3433201999554304,0.6644276524464071,-0.7088531473753145,0.8583005199582043,0.9090522045071032,-0.8075488354093056,0.12981311862433,0.0611530754251338,0.4242902193089888,1.0620670062163031,0.00019736245996783595,0.038135230494110474,5.6115991672083565,5.611796529668324,-0.021702140027590744,-0.021702140027590744
392,294,282,271,394,123.58397954427588,6.537066666666667,12,123,0.0951153816642392,-0.0220503214458755,0.0516210231201141,-0.0272506647451179,0.0631944287360641,0.02,3.0,3.0,2.0,0.005,5.0,4.242640687119285,4.242640687119285,0.0343300215995981,0.0343300215995981,0.02,0.3433199087753602,0.6645894961048449,-0.708690138996596,0.858299867993892,0.9099208911140062,-0.8066788448737778,0.1294454032638374,0.0607853600646411,0.4242898382773993,1.062063763989229,0.00019448667034657483,0.037988811759532067,5.590053650415144,5.59024813708549,-0.02154839258283392,-0.02154839258283392
393,294,282,271,394,123.58397954427588,6.553742857142857,12,123,0.0947546998040915,-0.0216285524360474,0.0523449311240195,-0.0267294258182879,0.0641118301848772,0.02,3.0,3.0,2.0,0.005,5.0,4.242640687119285,4.242640687119285,0.0343300215995981,0.0343300215995981,0.02,0.3433191626508945,0.6650097728657417,-0.7082668777378366,0.858298554308206,0.9106434854322256,-0.8059536231841865,0.1290847214036896,0.0604246782044933,0.4242888619158776,1.0620558965980924,0.00018711771219154079,0.03784518866884267,5.568919512620199,5.56910663033239,-0.021141506753100003,-0.021141506753100003
394,294,283,271,394,123.4908903522847,6.570419047619048,11,123,0.0944059230988098,-0.0209146510877072,0.0528640085083247,-0.0258276888422834,0.0647420576822995,0.02,3.0,3.0,2.0,0.005,5.0,4.242640687119285,4.242640687119285,0.034355900058832,0.034355900058832,0.02,0.3435767038148259,0.6662387565419448,-0.7080680587173591,0.8589436137612433,0.911807622269568,-0.8060796052529186,0.1287618231576419,0.0600500230399777,0.4242872192843814,1.0620432088546925,0.0001749690520482128,0.037706301514307275,5.548482267830316,5.548657236882364,-0.0204493934500265,-0.0204493934500265
395,294,283,271,393,122.494897852931,6.587095238095238,11,122,0.0940741930819183,-0.0198924339083986,0.0532639171954124,-0.0243672165965546,0.0647608577153116,0.02,3.0,3.0,2.0,0.005,5.0,4.242640687119285,4.242640687119285,0.0346352440916605,0.0346352440916605,0.02,0.3463683267986567,0.6728442196889148,-0.712629087505712,0.8659245880028422,0.9191885051982548,-0.8126606708074298,0.1287094371735788,0.0594389489902578,0.4242846939204538,1.0620253939625568,0.0001582835707200026,0.037574198303561374,5.529043280369057,5.529201563939776,-0.019455672942587654,-0.019455672942587654
396,294,283,271,393,122.494897852931,6.603771428571428,11,122,0.093764580203834,-0.0185661634488031,0.053412666812271,-0.0227426029518195,0.0650055487685631,0.02,3.0,3.0,2.0,0.005,5.0,4.242640687119285,4.242640687119285,0.0346352440916605,0.0346352440916605,0.02,0.3463662791645831,0.6741663948803631,-0.7112987217779694,0.8659220459128015,0.9193347127250726,-0.8125093791005304,0.1283998242954945,0.0591293361121735,0.4242820354071228,1.0620049907934557,0.00013788097008306892,0.03745089896125985,5.510899782149387,5.51103766311947,-0.018163900820305834,-0.018163900820305834
397,294,283,271,393,122.494897852931,6.620447619047619,11,122,0.0934824176781679,-0.0169200829211501,0.0533263917665839,-0.020726238290894,0.0649714194526053,0.02,3.0,3.0,2.0,0.005,5.0,4.242640687119285,4.242640687119285,0.0346352440916605,0.0346352440916605,0.02,0.3463639341761486,0.6758077854311472,-0.7096479512734474,0.8659196140487109,0.9192460058152948,-0.8125932222821269,0.1281176617698284,0.0588471735865074,0.4242789908273013,1.0619822113807689,0.00011451568242343815,0.037338528241353454,5.494364430715161,5.494478946397585,-0.016558716721885247,-0.016558716721885247
398,294,283,271,393,122.494897852931,6.63712380952381,11,122,0.0932330733694973,-0.0149521144548372,0.0530025586682957,-0.0183155773283062,0.0646515734916494,0.02,3.0,3.0,2.0,0.005,5.0,4.242640687119285,4.242640687119285,0.0346352440916605,0.0346352440916605,0.02,0.346361416135396,0.6777707178159549,-0.7076749467256294,0.8659175173161753,0.918920075984471,-0.8129149586478795,0.1278683174611578,0.0585978292778368,0.4242757215662779,1.0619583807436563,8.942629066822063e-05,0.037239224843027094,5.4797519356514375,5.479841361942106,-0.014637584455479136,-0.014637584455479136
399,294,283,271,393,122.494897852931,6.6538,11,122,0.0930217065364329,-0.0126747672597128,0.0523929879966353,-0.015525943207882,0.0639819494119293,0.02,3.0,3.0,2.0,0.005,5.0,4.242640687119285,4.242640687119285,0.0346352440916605,0.0346352440916605,0.02,0.346358890347429,0.6800430134351452,-0.7053925479545708,0.8659159429216756,0.9183089309183108,-0.8135229549250403,0.1276569506280934,0.0583864624447724,0.4242724422453426,1.0619351240206767,6.425989003515502e-05,0.03715504446974693,5.46736479372326,5.467429053613295,-0.012412308328810795,-0.012412308328810795
400,294,283,271,393,122.494897852931,6.67047619047619,11,122,0.0928532989103875,-0.0100986868845058,0.0516129040727663,-0.0123703761836627,0.0630982495671439,0.02,3.0,3.0,2.0,0.005,5.0,4.242640687119285,4.242640687119285,0.0346352440916605,0.0346352440916605,0.02,0.3463565351509068,0.682614383417308,-0.7028117571863195,0.8659152875420354,0.9175281916148016,-0.8143023834692691,0.127488543002048,0.058218054818727,0.4242693844080962,1.06191443265472,4.079339071651579e-05,0.037087972130181786,5.45749509895625,5.457535892346967,-0.009893161266328221,-0.009893161266328221
401,294,283,271,393,122.494897852931,6.687152380952381,11,122,0.0927325954503894,-0.0072380715589963,0.050252921927127,-0.0088662683627146,0.0614930906978768,0.02,3.0,3.0,2.0,0.005,5.0,4.242640687119285,4.242640687119285,0.0346352440916605,0.0346352440916605,0.02,0.3463545441616378,0.6854710167642792,-0.699947159882272,0.8659158929330856,0.9161688148602126,-0.8156629710059585,0.1273678395420499,0.0580973513587289,0.4242667994333923,1.0618983598469378,2.0955871957260456e-05,0.037039898461280724,5.450421058577459,5.450442014449416,-0.007093877897551337,-0.007093877897551337
402,294,283,271,393,122.494897852931,6.703828571428572,11,122,0.092664078710582,-0.0041086565846796,0.0489613839296948,-0.005032894686531,0.0599545187961672,0.02,3.0,3.0,2.0,0.005,5.0,4.242640687119285,4.242640687119285,0.0346352440916605,0.0346352440916605,0.02,0.3463531186278734,0.6885975806710672,-0.6968148938404265,0.8659181399724487,0.9148795239021436,-0.8169567560427539,0.1272993228022425,0.0580288346189215,0.4242649486098511,1.0618890710533655,6.752423572332416e-06,0.03701260943368498,5.446405478166745,5.446412230590317,-0.004029783859098579,-0.004029783859098579
403,294,283,271,393,122.494897852931,6.7205047619047615,11,122,0.0926516824131909,-0.0007433530702827,0.0469320226395266,-0.0009105695841294,0.0574886563179065,0.02,3.0,3.0,2.0,0.005,5.0,4.242640687119285,4.242640687119285,0.0346352440916605,0.0346352440916605,0.02,0.3463524631003932,0.6919615731305038,-0.6934482792710692,0.8659220301341124,0.9128540527736392,-0.8189900074945857,0.1272869265048514,0.0580164383215304,0.4242640975139732,1.061888295321917,2.2102951483948673e-07,0.03700767218514365,5.445678962043888,5.445679183073403,-0.0007330475169142758,-0.0007330475169142758
404,294,283,272,393,121.49897118905989,6.737180952380952,11,121,0.0926990384596,0.0028397400759301,0.0450248388821279,0.0034502549766985,0.0546949181939877,0.02,3.0,3.0,2.0,0.005,5.0,4.242640687119285,4.242640687119285,0.0349191490726079,0.0349191490726079,0.02,0.3491918118384438,0.7012233637528178,-0.6955438836009575,0.8730254864962048,0.9180503253783328,-0.8280006476140769,0.127618187532208,0.057779889386992,0.4242644826192768,1.0618975124680972,3.2256494795373968e-06,0.03702653331632246,5.448454377496851,5.4484576031463305,0.002778420072927723,0.002778420072927723
405,294,283,272,393,121.49897118905989,6.753857142857143,11,121,0.0928090378818697,0.0065961960812794,0.0424083883113967,0.0080143103763675,0.0514728915335097,0.02,3.0,3.0,2.0,0.005,5.0,4.242640687119285,4.242640687119285,0.0349191490726079,0.0349191490726079,0.02,0.3491932232773024,0.7049826426358843,-0.6917902504733253,0.873033569459503,0.9154419577708997,-0.8306251811481062,0.1277281869544777,0.0578898888092617,0.4242663019351694,1.061919338874025,1.740392109707429e-05,0.03707034394900536,5.454901112096139,5.454918516017236,0.006460912870905666,0.006460912870905666
406,294,283,272,393,121.49897118905989,6.770533333333334,11,121,0.0929839073056775,0.0104861733294234,0.0396930978017423,0.012740592712351,0.048093105398683,0.02,3.0,3.0,2.0,0.005,5.0,4.242640687119285,4.242640687119285,0.0349191490726079,0.0349191490726079,0.02,0.3491958692869093,0.7088779119032421,-0.6879055652443952,0.8730438385686574,0.9127369363703998,-0.8333507407669151,0.1279030563782855,0.0580647582330695,0.4242697125863625,1.0619543291541436,4.398393243788426e-05,0.03713999011938357,5.465149546067293,5.4651935299997305,0.010275013982494308,0.010275013982494308
407,294,283,272,393,121.49897118905989,6.787209523809524,11,121,0.09322524275546,0.0144718573541749,0.0366049462706311,0.0175831577972708,0.0442201721716468,0.02,3.0,3.0,2.0,0.005,5.0,4.242640687119285,4.242640687119285,0.0349191490726079,0.0349191490726079,0.02,0.3491998302912448,0.7128715179366646,-0.6839278032283146,0.8730564384411932,0.9096613847118245,-0.836451492170562,0.128144391828068,0.058306093682852,0.4242748182353911,1.0620033435192175,8.377386211183449e-05,0.0372361061997875,5.479293027298731,5.479376801160843,0.014183271161112287,0.014183271161112287
408,294,283,272,393,121.49897118905989,6.803885714285714,11,121,0.0935335473436873,0.0184877108874152,0.0335703384056744,0.0224623785246173,0.0403723378275735,0.02,3.0,3.0,2.0,0.005,5.0,4.242640687119285,4.242640687119285,0.0349191490726079,0.0349191490726079,0.02,0.3492051007179222,0.7168979123232596,-0.6799224905484292,0.8730704777071789,0.9066408161128534,-0.8395001393015045,0.1284526964162953,0.0586143982710793,0.4242816116960662,1.0620652529251464,0.00013671818154266025,0.03735889075976144,5.497360775298896,5.497497493480439,0.01812069231959601,0.01812069231959601
409,294,283,272,393,121.49897118905989,6.820561904761905,11,121,0.0939082272026585,0.022467952708157,0.0269292811254472,0.0272983313876552,0.0321054618973987,0.02,3.0,3.0,2.0,0.005,5.0,4.242640687119285,4.242640687119285,0.0349191490726079,0.0349191490726079,0.02,0.3492115915819145,0.720891135871986,-0.675955230455672,0.8730856845841558,0.900014965709603,-0.8461564034587086,0.1288273762752665,0.0589890781300505,0.4242899782642325,1.0621389702912165,0.00020192355955839185,0.03750810497616772,5.51931764724308,5.519519570802638,0.022022077322199074,0.022022077322199074
410,294,283,272,393,121.49897118905989,6.837238095238095,11,121,0.094347426798422,0.0263369260737644,0.0264881016756747,0.031999094222447,0.0313400132444928,0.02,3.0,3.0,2.0,0.005,5.0,4.242640687119285,4.242640687119285,0.0349191490726079,0.0349191490726079,0.02,0.349219110049828,0.7247751461734203,-0.6721012940258916,0.8731013535770691,0.8995894552527438,-0.8466132519013944,0.12926657587103,0.059428277725814,0.4242996693773957,1.062221998222081,0.0002774534700059725,0.0376830071216366,5.545054497948826,5.545331951418832,0.025812380616193842,0.025812380616193842
411,294,283,272,393,121.49897118905989,6.853914285714286,11,121,0.094847922190933,0.030012573508657,0.0219615559976688,0.0364649680403786,0.0255886570604742,0.02,3.0,3.0,2.0,0.005,5.0,4.242640687119285,4.242640687119285,0.0349191490726079,0.0349191490726079,0.02,0.349227356831183,0.7284672871710232,-0.6684421401537091,0.8731167488635185,0.8950783048611873,-0.8511551928658497,0.129767071263541,0.059928773118325,0.424310299253379,1.0623108962263992,0.00036030182744501603,0.03788231018572493,5.574381943829424,5.57474224565687,0.02941029423803787,0.02941029423803787
412,294,283,272,393,121.49897118905989,6.870590476190476,11,121,0.095404918499096,0.0334006923798505,0.017589322098877,0.0405814976115411,0.0200153952712287,0.02,3.0,3.0,2.0,0.005,5.0,4.242640687119285,4.242640687119285,0.0349191490726079,0.0349191490726079,0.02,0.3492359112179512,0.731872514815753,-0.6650711300560519,0.8731308644531688,0.8907201865520458,-0.8555415423542918,0.1303240675717041,0.0604857694264881,0.4243213256081916,1.0624008621561314,0.0004462425005813614,0.03810410141014307,5.607018522502552,5.607464765003134,0.032722519346264356,0.032722519346264356
413,294,283,272,393,121.49897118905989,6.887266666666666,11,121,0.0960122373931857,0.0364183231749935,0.0126598293664199,0.0442478879819241,0.013770128550154,0.02,3.0,3.0,2.0,0.005,5.0,4.242640687119285,4.242640687119285,0.0349191490726079,0.0349191490726079,0.02,0.3492442996233637,0.7349069224217208,-0.6620702760717339,0.8731433405913003,0.8858031699577202,-0.8604835112248803,0.1309313864657937,0.0610930883205777,0.4243321380019146,1.06248742739538,0.0005305177051513076,0.03834591718888466,5.642601714344377,5.6431322320495285,0.03566746704639456,0.03566746704639456
414,294,283,272,393,121.49897118905989,6.903942857142857,11,121,0.0966620042234929,0.0389637448213927,0.0084720077876064,0.0473405490947227,0.0084488372263675,0.02,3.0,3.0,2.0,0.005,5.0,4.242640687119285,4.242640687119285,0.0349191490726079,0.0349191490726079,0.02,0.3492519389908648,0.7374676228031224,-0.6595401331603369,0.8731530366301657,0.8816250444177722,-0.8646810288425593,0.1315811532961009,0.0617428551508849,0.4243419848953071,1.062564243344939,0.0006072693642026427,0.03860461877244396,5.680669652365129,5.6812769217293315,0.038144689679803,0.038144689679803
415,294,283,272,393,121.49897118905989,6.920619047619048,11,121,0.0973448508919281,0.0409474015909138,0.0036137968807324,0.0497506716616131,0.0023535652990064,0.02,3.0,3.0,2.0,0.005,5.0,4.242640687119285,4.242640687119285,0.0349191490726079,0.0349191490726079,0.02,0.3492582499423045,0.739463901475523,-0.6575690982936951,0.8731597077816741,0.8767735046624064,-0.8695459109009417,0.1322639999645361,0.0624257018193201,0.4243501194942082,1.0626260789811524,0.0006706758788190281,0.03887647337022132,5.720673056428067,5.721343732306886,0.04006681057755479,0.04006681057755479
416,294,283,272,393,121.49897118905989,6.937295238095238,11,121,0.0980501548929632,0.0422940720209542,-0.0010808808729942,0.0513868623794194,-0.0034866187988733,0.02,3.0,3.0,2.0,0.005,5.0,4.242640687119285,4.242640687119285,0.0349191490726079,0.0349191490726079,0.02,0.3492627128235844,0.7408194976681232,-0.6562313536262147,0.8731632725689707,0.8720823916959766,-0.8742441534419649,0.1329693039655712,0.0631310058203552,0.4243558719889653,1.062668409441211,0.0007155154112454644,0.03915724963798171,5.761989284229008,5.762704799640254,0.04136106733336753,0.04136106733336753
417,294,283,272,393,121.49897118905989,6.953971428571428,11,121,0.0987662356552424,0.0429403084176548,-0.0057974231261996,0.0521720329528599,-0.009284092639581,0.02,3.0,3.0,2.0,0.005,5.0,4.242640687119285,4.242640687119285,0.0349191490726079,0.0349191490726079,0.02,0.3492649057109984,0.7414701198396517,-0.655589503004342,0.87316375892066,0.8673663357944603,-0.8789611820468597,0.1336853847278504,0.0638470865826344,0.4243586985409716,1.0626876746172742,0.0007375480348013265,0.03944229612573242,5.803933874901526,5.804671422936328,0.04196662329607381,0.04196662329607381
418,294,283,272,392,120.50311199301038,6.970647619047619,11,120,0.0994798523628681,0.0427925495720704,-0.0104784091500086,0.0515663539354965,-0.0148334648701564,0.02,3.0,3.0,2.0,0.005,5.0,4.242640687119285,4.242640687119285,0.0352077271445518,0.0352077271445518,0.02,0.3521495846214528,0.747091718814976,-0.6615066196708351,0.8803740390515066,0.8698956299014979,-0.8908524482015152,0.1346875795074199,0.0642721252183162,0.4243566024286411,1.0626765173722714,0.000732480919551241,0.03972634163980672,5.845731172297559,5.846463653217111,0.04179223028078294,0.04179223028078294
419,294,283,271,392,121.49897118905989,6.98732380952381,11,121,0.1001778604306425,0.0418565660287374,-0.0151010534198264,0.0508552970999855,-0.020476252644776,0.02,3.0,3.0,2.0,0.005,5.0,4.242640687119285,4.242640687119285,0.0349191490726079,0.0349191490726079,0.02,0.3492612470941627,0.7403790602170629,-0.656665928159588,0.873156253152046,0.8580551997322197,-0.8882573065718724,0.1350970095032505,0.0652587113580346,0.4243539827165239,1.0626474127060193,0.0007007888478872216,0.040004154774456305,5.886611375061245,5.887312163909133,0.040848510692022444,0.040848510692022444
420,294,283,271,392,121.49897118905989,7.004,11,121,0.1008471172809868,0.0401324781759868,-0.0195708285658818,0.0487605480964979,-0.0257352369930529,0.02,3.0,3.0,2.0,0.005,5.0,4.242640687119285,4.242640687119285,0.0349191490726079,0.0349191490726079,0.02,0.3492556193802403,0.7386437169364675,-0.6583787605844937,0.8731496870081874,0.8535788584423055,-0.8927205155740693,0.1357662663535948,0.0659279682083788,0.4243467287914564,1.0625915218416595,0.0006442463218184228,0.04027050637938695,5.92580501372679,5.926449260048608,0.03913709613947525,0.03913709613947525
421,295,283,271,392,121.59358535712316,7.02067619047619,12,121,0.1014745336052433,0.0376234803237718,-0.0237416929078013,0.0457477386618059,-0.030589564776473,0.02,3.0,3.0,2.0,0.005,5.0,4.242640687119285,4.242640687119285,0.0348919778511222,0.0348919778511222,0.02,0.3489761839448574,0.7355758482134866,-0.660328887565943,0.8724630079226044,0.8487213150148031,-0.8962047008304058,0.1363665114563655,0.066582555754121,0.4243368239407183,1.0625165585502978,0.0005662105086692977,0.040520189865148847,5.962545938656653,5.9631121491653225,0.036662889116714226,0.036662889116714226
422,295,283,271,392,121.59358535712316,7.037352380952381,12,121,0.1020479059145662,0.0343826913072031,-0.02805252034288,0.0418071471027001,-0.0355475075012112,0.02,3.0,3.0,2.0,0.005,5.0,4.242640687119285,4.242640687119285,0.0348919778511222,0.0348919778511222,0.02,0.348966885845678,0.732316462998559,-0.6635510803841529,0.8724548345411653,0.8444023141982853,-0.9005073548840454,0.1369398837656885,0.067155928063444,0.424324830724573,1.0624275196005688,0.000472867784610568,0.04074835231642885,5.996120043362506,5.996592911147117,0.03348076198179406,0.03348076198179406
423,299,283,271,392,122.05326705991938,7.054028571428572,16,121,0.1025562505878929,0.0304832613930883,-0.0319388191969172,0.0372058164366793,-0.0401165269179807,0.02,3.0,3.0,2.0,0.005,5.0,4.242640687119285,4.242640687119285,0.0347605663438443,0.0347605663438443,0.02,0.3476428320635573,0.7257689255202029,-0.6648024027340262,0.8691617522030415,0.8372229330061243,-0.9011005713999588,0.1373168169317373,0.0677956842440485,0.4243121716995184,1.062332980381899,0.0003716916900637391,0.04095062707313487,6.025884773811796,6.02625646550186,0.02966355435474366,0.02966355435474366
424,300,283,270,392,123.17873193047572,7.070704761904762,17,122,0.1029904096360066,0.0260346659348583,-0.035536201656106,0.032069171360894,-0.0446079527394367,0.02,3.0,3.0,2.0,0.005,5.0,4.242640687119285,4.242640687119285,0.0344429644681998,0.0344429644681998,0.02,0.3444570068146,0.7149486795640584,-0.6628793476943416,0.8612143299769532,0.8256781283208472,-0.8967505316330593,0.1374333741042064,0.0685474451678068,0.4242997698752516,1.0622403299860956,0.00027112153213586855,0.041123374349404995,6.051304535514945,6.051575657047081,0.02531919154522111,0.02531919154522111
425,299,283,270,392,123.0447073221762,7.087380952380952,16,122,0.1033428422417747,0.0211338798433206,-0.0388847428544236,0.0260041205990343,-0.0483951859983776,0.02,3.0,3.0,2.0,0.005,5.0,4.242640687119285,4.242640687119285,0.0344804809524272,0.0344804809524272,0.02,0.3448228205111008,0.7107795208655223,-0.6685117611788809,0.8621441122629451,0.8232593694085214,-0.9010288551173689,0.137823323194202,0.0688623612893474,0.4242875461354864,1.0621517853287847,0.0001786563508927651,0.041263597843243106,6.071938422633223,6.072117078984116,0.020541421937034343,0.020541421937034343
426,298,283,270,391,121.92620719107111,7.104057142857143,15,121,0.103608247944653,0.0159152477454167,-0.0416595439612432,0.0194048579410491,-0.0511027350066372,0.02,3.0,3.0,2.0,0.005,5.0,4.242640687119285,4.242640687119285,0.0347967904920606,0.0347967904920606,0.02,0.3479780264234346,0.7118713005922861,-0.6800408051014526,0.8700428904460756,0.8283833464848324,-0.9117024344073188,0.1384050384367137,0.0688114574525924,0.4242771557319512,1.0620738532958929,0.00010131804431919658,0.04136919228124821,6.087476644185674,6.087577962229993,0.015460883245877355,0.015460883245877355
427,297,283,269,391,122.80065146407,7.120733333333333,14,122,0.1037837850785961,0.010526213057691,-0.0444392223539028,0.0129262582093406,-0.0547077191041095,0.02,3.0,3.0,2.0,0.005,5.0,4.242640687119285,4.242640687119285,0.0345490079778659,0.0345490079778659,0.02,0.345494539108802,0.7015152912752951,-0.6804628651599129,0.8638414142974575,0.8194021919435547,-0.9082806366513604,0.138332793056462,0.0692347771007302,0.4242698712451081,1.0620181440969672,4.432046453436182e-05,0.04143902996750652,6.097753259718585,6.097797580183119,0.010219617953126203,0.010219617953126203
428,297,283,269,391,122.80065146407,7.137409523809524,14,122,0.1038690021761277,0.0051101057914473,-0.0464895456750274,0.0062752432024005,-0.0571215321082513,0.02,3.0,3.0,2.0,0.005,5.0,4.242640687119285,4.242640687119285,0.0345490079778659,0.0345490079778659,0.02,0.3454911307412035,0.6960923672738544,-0.6858721556909597,0.8638339526449615,0.8173444069699342,-0.9103234983199888,0.1384180101539937,0.0693199941982618,0.4242654362372366,1.061980282773703,1.0445272479913298e-05,0.04147293324479716,6.102742126971902,6.102752572244382,0.004954992061263042,0.004954992061263042
429,297,283,269,391,122.80065146407,7.154085714285714,14,122,0.1038657650033438,-0.0001941194416396,-0.0483339848065974,-0.0002383799389519,-0.0593544944952269,0.02,3.0,3.0,2.0,0.005,5.0,4.242640687119285,4.242640687119285,0.0345490079778659,0.0345490079778659,0.02,0.345490081295242,0.6907860431488444,-0.6911742820321238,0.8638269903412239,0.8154930055346264,-0.9121609751478214,0.1384147729812097,0.0693167570254779,0.424264070685325,1.0619629030941706,1.5072943048988032e-08,0.04147164535421084,6.102552613872126,6.102552628945069,-0.00019994329931360966,-0.00019994329931360966
430,296,283,268,391,123.68508398347798,7.170761904761905,13,123,0.1037780771803354,-0.0052582646578448,-0.0499680646675353,-0.0065036890581289,-0.0618372408672796,0.02,3.0,3.0,2.0,0.005,5.0,4.242640687119285,4.242640687119285,0.0343019590598816,0.0343019590598816,0.02,0.3430207114009445,0.6807831581440441,-0.6912996874597338,0.857645228287828,0.8076771636202926,-0.9076132929553632,0.138080036240217,0.0694761181204537,0.4242655364393782,1.0619663192060438,1.1059738884775877e-05,0.04143675909253333,6.09741910046628,6.097430160205165,-0.0051224687399038515,-0.0051224687399038515
431,296,283,268,391,123.68508398347798,7.187438095238095,13,123,0.1036118070247481,-0.0099705118998655,-0.0510285288654783,-0.0123320360169313,-0.0632376354946566,0.02,3.0,3.0,2.0,0.005,5.0,4.242640687119285,4.242640687119285,0.0343019590598816,0.0343019590598816,0.02,0.3430236203398296,0.6760767287797936,-0.6960177525795247,0.8576399644704993,0.8066114356050209,-0.9086684933359775,0.1379137660846297,0.0693098479648665,0.4242693457897273,1.0619841433197514,3.976444301814382e-05,0.041370608278747806,6.08768500821774,6.087724772660758,-0.00970538754440664,-0.00970538754440664
432,296,283,268,391,123.68508398347798,7.204114285714286,13,123,0.1033743392053989,-0.014239932056917,-0.0516217838540588,-0.017612671923788,-0.0640992499651976,0.02,3.0,3.0,2.0,0.005,5.0,4.242640687119285,4.242640687119285,0.0343019590598816,0.0343019590598816,0.02,0.3430278102881781,0.6718156885194391,-0.7002955526332733,0.8576359461463666,0.8060141622923078,-0.9092577300004254,0.1376762982652806,0.0690723801455173,0.4242748326604145,1.062014220366153,8.111026599424498e-05,0.04127612939217993,6.073782440059277,6.073863550325271,-0.013861222335487255,-0.013861222335487255
433,295,283,268,391,123.58397954427588,7.220790476190476,12,123,0.1030741742348336,-0.0179996127409262,-0.0513836828515438,-0.0222446377277951,-0.06390239496901,0.02,3.0,3.0,2.0,0.005,5.0,4.242640687119285,4.242640687119285,0.0343300215995981,0.0343300215995981,0.02,0.3433133382259461,0.668627063710966,-0.7046262891928184,0.8583348101217866,0.8069511272702428,-0.9097184929733304,0.1374041958344317,0.0687441526352354,0.4242812402014449,1.0620518924416542,0.00012959442352932516,0.04115670250301118,6.056208773318095,6.056338367741624,-0.01752518258364688,-0.01752518258364688
434,295,283,268,391,123.58397954427588,7.237466666666666,12,123,0.1027204918639829,-0.0212088229236548,-0.0512463756997371,-0.0262107073835512,-0.0638882087135473,0.02,3.0,3.0,2.0,0.005,5.0,4.242640687119285,4.242640687119285,0.0343300215995981,0.0343300215995981,0.02,0.3433184344378153,0.6654280459519757,-0.7078456917992855,0.8583335833711063,0.8070872076713692,-0.9095799590708434,0.1370505134635811,0.0683904702643848,0.4242879089926687,1.0620930367170136,0.00017992566792277817,0.041015977842791124,6.035501139566714,6.035681065234637,-0.020657302506987385,-0.020657302506987385
435,295,283,268,391,123.58397954427588,7.254142857142857,12,123,0.1023228198368419,-0.0238466949456343,-0.0506020372476275,-0.0294706946035986,-0.0632387900251428,0.02,3.0,3.0,2.0,0.005,5.0,4.242640687119285,4.242640687119285,0.0343300215995981,0.0343300215995981,0.02,0.3433232479850505,0.6627998010244666,-0.7104931909157354,0.8583334541999426,0.807731416952315,-0.90893549144757,0.13665284143644,0.0679927982372438,0.4242942078897937,1.0621331710455644,0.00022746594393205626,0.040857744262496165,6.0122170682263105,6.012444534170243,-0.02323653106439405,-0.02323653106439405
436,295,283,268,391,123.58397954427588,7.270819047619048,12,123,0.1018903630514397,-0.0259325885021295,-0.0498752636916525,-0.0320485248697729,-0.0624689368858935,0.02,3.0,3.0,2.0,0.005,5.0,4.242640687119285,4.242640687119285,0.0343300215995981,0.0343300215995981,0.02,0.3433274533007977,0.6607223180994659,-0.712587495103725,0.858334474221517,0.8084592105298645,-0.9082097379131696,0.1362203846510379,0.0675603414518416,0.4242997108649385,1.062169633334354,0.0002689996585683117,0.04068566250429337,5.986895237506769,5.987164237165338,-0.02528029700490464,-0.02528029700490464
437,295,283,268,391,123.58397954427588,7.2874952380952385,12,123,0.1014319480937802,-0.0274891893513694,-0.0485889819322564,-0.0339722341448837,-0.0609820666690295,0.02,3.0,3.0,2.0,0.005,5.0,4.242640687119285,4.242640687119285,0.0343300215995981,0.0343300215995981,0.02,0.3433308211189727,0.6591724528865759,-0.7141508315893148,0.8583358744411765,0.8097468925089201,-0.906924856373433,0.1357619696933784,0.0671019264941821,0.4243041179080226,1.062199554672335,0.00030226221247817636,0.040503243249888674,5.960052244221118,5.960354506433596,-0.026809730731741865,-0.026809730731741865
438,295,283,268,391,123.58397954427588,7.304171428571428,12,123,0.1009556090044514,-0.0285640230608405,-0.0464381379953639,-0.0353005564165314,-0.0583984248684754,0.02,3.0,3.0,2.0,0.005,5.0,4.242640687119285,4.242640687119285,0.0343300215995981,0.0343300215995981,0.02,0.3433332611264013,0.6581024991919622,-0.7152305453136432,0.8583373588775886,0.8118992208822247,-0.9047754968729524,0.1352856306040495,0.0666255874048532,0.4243073108394556,1.0622218132358987,0.00032636136536809125,0.04031368234342209,5.932158356834561,5.932484718199929,-0.027869788233666704,-0.027869788233666704
439,295,283,268,391,123.58397954427588,7.320847619047619,12,123,0.1004683667481726,-0.0292178394684583,-0.0445166217768425,-0.0361085687519789,-0.0560704271157268,0.02,3.0,3.0,2.0,0.005,5.0,4.242640687119285,4.242640687119285,0.0343300215995981,0.0343300215995981,0.02,0.3433347911361704,0.6574517428038825,-0.7158874217407992,0.8583385341766845,0.813821912399842,-0.9028551559535268,0.1347983883477707,0.0661383451485745,0.4243093129705003,1.0622360723529232,0.0003414728572818399,0.0401197730180001,5.903624599598714,5.903966072455996,-0.028518645743933035,-0.028518645743933035
440,295,283,268,391,123.58397954427588,7.33752380952381,12,123,0.0999760918829872,-0.0295196235548029,-0.0419059615919906,-0.0364815255355149,-0.0528659759021911,0.02,3.0,3.0,2.0,0.005,5.0,4.242640687119285,4.242640687119285,0.0343300215995981,0.0343300215995981,0.02,0.3433355090245935,0.6571513944943841,-0.71619064160399,0.8583391041380859,0.8164331425460953,-0.9002450657300765,0.1343061134825854,0.0656460702833891,0.424310252380464,1.0622427856743089,0.00034856326992690974,0.039923851176914577,5.874794700682981,5.875143263952907,-0.02882280850308927,-0.02882280850308927
441,295,283,268,390,122.58874336577564,7.3542,12,122,0.099483467511146,-0.0295405819779189,-0.0393384379917483,-0.0362134282296676,-0.0492942625391291,0.02,3.0,3.0,2.0,0.005,5.0,4.242640687119285,4.242640687119285,0.0346087297302677,0.0346087297302677,0.02,0.3461223558677555,0.6627041297575921,-0.72178529371343,0.8653058912557337,0.8259674532639854,-0.904644329247482,0.1340921972414137,0.0648747377808782,0.424309617355976,1.0622412026329155,0.00034905839343765877,0.03972778054948145,5.8459429078561955,5.846291966249633,-0.028851297703273993,-0.028851297703273993
442,295,283,268,390,122.58874336577564,7.37087619047619,12,122,0.0989941262862761,-0.0293437056603878,-0.0360223737357573,-0.0359720800260214,-0.0452149294214636,0.02,3.0,3.0,2.0,0.005,5.0,4.242640687119285,4.242640687119285,0.0346087297302677,0.0346087297302677,0.02,0.3461218901452315,0.6629000746300752,-0.721587485950851,0.8653048653436839,0.8292824916079264,-0.9013272390794412,0.1336028560165438,0.0643853965560083,0.4243090122836915,1.0622360162198483,0.0003444212247533901,0.039533007110353395,5.817281996288503,5.817626417513256,-0.02866554873637739,-0.02866554873637739
443,295,283,268,390,122.58874336577564,7.387552380952381,12,122,0.0985104187024266,-0.0290058802422561,-0.0326051435618356,-0.0355579440911636,-0.0410016252330305,0.02,3.0,3.0,2.0,0.005,5.0,4.242640687119285,4.242640687119285,0.0346087297302677,0.0346087297302677,0.02,0.346121098254555,0.663236316266854,-0.7212480767513663,0.8653031577969961,0.8326980142351604,-0.8979083013588317,0.1331191484326944,0.0639016889721589,0.4243079834497226,1.0622272426410646,0.00033653643545124116,0.03934046673661633,5.788949680293093,5.789286216728544,-0.028340200784711556,-0.028340200784711556
444,295,283,268,390,122.58874336577564,7.404228571428572,12,122,0.0980339973244271,-0.0285689575613612,-0.0288766758866436,-0.0350223260671744,-0.0364001054423576,0.02,3.0,3.0,2.0,0.005,5.0,4.242640687119285,4.242640687119285,0.0346087297302677,0.0346087297302677,0.02,0.3461200876678693,0.6636712177743773,-0.7208091328970998,0.865300908602907,0.8364242327162633,-0.8941775844895506,0.1326427270546949,0.0634252675941594,0.424306670483042,1.062215960292998,0.00032647413445714295,0.0391508176478073,5.761042816874844,5.761369291009301,-0.02791692571924287,-0.02791692571924287
445,295,283,268,390,122.58874336577564,7.420904761904762,12,122,0.0975655540705407,-0.0280905434940487,-0.0257712283345248,-0.034435844273971,-0.0325599465465509,0.02,3.0,3.0,2.0,0.005,5.0,4.242640687119285,4.242640687119285,0.0346087297302677,0.0346087297302677,0.02,0.3461189987020117,0.6641474539099746,-0.7203285408980721,0.8652983233490308,0.839527095014506,-0.8910695516835556,0.1321742838008085,0.0629568243402729,0.4243052556849186,1.062203605066626,0.0003156314535164168,0.03896433574676814,5.733602005136932,5.733917636590449,-0.027451654418852556,-0.027451654418852556
446,295,283,268,390,122.58874336577564,7.437580952380952,12,122,0.0971053677885309,-0.0275954081159518,-0.0221124867390824,-0.0338288640360026,-0.0280409409295374,0.02,3.0,3.0,2.0,0.005,5.0,4.242640687119285,4.242640687119285,0.0346087297302677,0.0346087297302677,0.02,0.3461178910366914,0.664640373957431,-0.7198311901893347,0.8652956129797842,0.8431831262407018,-0.8874080997188666,0.1317140975187986,0.0624966380582631,0.4243038165919452,1.0621909388674893,0.0003046026196343754,0.038781132525991184,5.706643651199603,5.706948253819237,-0.026969382771211414,-0.026969382771211414
447,295,283,268,390,122.58874336577564,7.454257142857143,12,122,0.0966533449411812,-0.0271058817656827,-0.0179866010584616,-0.0332287598347634,-0.0229502430470848,0.02,3.0,3.0,2.0,0.005,5.0,4.242640687119285,4.242640687119285,0.0346087297302677,0.0346087297302677,0.02,0.3461168152802238,0.665127748794765,-0.7193395123261305,0.8652929036451047,0.847306302586643,-0.8832795047035664,0.131262074671449,0.0620446152109135,0.4243024189550984,1.062178543235712,0.000293891530518068,0.038601171227151815,5.68016234607539,5.680456237605908,-0.026492016213329528,-0.026492016213329528
448,295,283,268,390,122.58874336577564,7.470933333333333,12,122,0.0962094518502925,-0.0266183749533505,-0.0139628700787487,-0.0326311313597027,-0.0179854946570185,0.02,3.0,3.0,2.0,0.005,5.0,4.242640687119285,4.242640687119285,0.0346087297302677,0.0346087297302677,0.02,0.3461157630936301,0.6656131512339097,-0.7188499011406108,0.8652902660551904,0.8513273959764417,-0.8792531361339392,0.1308181815805603,0.0616007221200247,0.424301051940288,1.0621664343594155,0.0002834151540628629,0.038424438906375584,5.654156185073167,5.65443960022723,-0.026016637378678098,-0.026016637378678098
449,295,283,268,390,122.58874336577564,7.487609523809524,12,122,0.0957718978526906,-0.0262382465723611,-0.0098694894998939,-0.0321651367542712,-0.0129428399437294,0.02,3.0,3.0,2.0,0.005,5.0,4.242640687119285,4.242640687119285,0.0346087297302677,0.0346087297302677,0.02,0.3461149559096714,0.6659916652469817,-0.7184681583917039,0.8652879116294898,0.8554184221295958,-0.8751574011293838,0.1303806275829583,0.0611631681224228,0.4243000032359896,1.062156739819943,0.00027537823327680765,0.03825022303261786,5.628520319249718,5.628795697482995,-0.02564390274423456,-0.02564390274423456
450,295,283,268,390,122.58874336577564,7.504285714285714,12,122,0.0953422548408687,-0.025763858504456,-0.0057191068874637,-0.0315835903831491,-0.0078246964187815,0.02,3.0,3.0,2.0,0.005,5.0,4.242640687119285,4.242640687119285,0.0346087297302677,0.0346087297302677,0.02,0.3461139648526663,0.6664640712008767,-0.7179917882097886,0.865285724883953,0.8595666179964891,-0.8710048317714167,0.1299509845711364,0.0607335251106009,0.4242987156411466,1.062145698799294,0.0002655105620150519,0.03807914985971378,5.603346901856883,5.603612412418897,-0.025183285064097838,-0.025183285064097838
451,295,283,268,390,122.58874336577564,7.520961904761904,12,122,0.0949206161210916,-0.025283875257906,-0.0017475537093133,-0.0309951849528372,-0.0029259825218324,0.02,3.0,3.0,2.0,0.005,5.0,4.242640687119285,4.242640687119285,0.0346087297302677,0.0346087297302677,0.02,0.346112980506761,0.6669420857556161,-0.7175098362714281,0.8652832833066525,0.8635357295973392,-0.8670308370159658,0.1295293458513594,0.0603118863908238,0.424297436765238,1.0621344024423882,0.0002557097392229405,0.03791125696290798,5.57864146209191,5.578897171831133,-0.02471524058776442,-0.02471524058776442
452,295,283,268,390,122.58874336577564,7.537638095238095,12,122,0.0945075659369156,-0.0247688574177473,0.0023903079504181,-0.0303638310544771,0.0021781710769449,0.02,3.0,3.0,2.0,0.005,5.0,4.242640687119285,4.242640687119285,0.0346087297302677,0.0346087297302677,0.02,0.3461119448960651,0.6674550323743829,-0.7169927472098776,0.8652808201788903,0.8676711281293085,-0.8628905122284721,0.1291162956671834,0.0598988362066478,0.4242960912851648,1.0621226470708995,0.0002453985191122782,0.03774677741130691,5.554438296073812,5.554683694592924,-0.024213477238208547,-0.024213477238208547
453,295,283,268,390,122.58874336577564,7.554314285714286,12,122,0.0941039323707882,-0.0242041830059265,0.0065511907452336,-0.0296716037889179,0.0073128454818906,0.02,3.0,3.0,2.0,0.005,5.0,4.242640687119285,4.242640687119285,0.0346087297302677,0.0346087297302677,0.02,0.3461108339243984,0.6680174848428703,-0.7164258508547233,0.8652782363820677,0.8718294271273014,-0.858727045636834,0.128712662101056,0.0594952026405204,0.424294647894784,1.062110107985359,0.00023433698999375253,0.037586041403034336,5.530785992456503,5.531020329446497,-0.02366336514642775,-0.02366336514642775
454,294,283,268,390,122.494897852931,7.5709904761904765,11,122,0.0937111868989136,-0.023551270443652,0.0109657128511776,-0.0288491046730191,0.0127530056896842,0.02,3.0,3.0,2.0,0.005,5.0,4.242640687119285,4.242640687119285,0.0346352440916605,0.0346352440916605,0.02,0.3463747078374201,0.6691981452311883,-0.7163006861184923,0.8659383080085444,0.8769040208597221,-0.8549725951573668,0.1283464309905741,0.0590759428072531,0.4242929786352241,1.0620960703848388,0.00022186493580401452,0.03742963540176834,5.507770849370211,5.507992714306015,-0.023027615140481572,-0.023027615140481572
455,294,283,268,390,122.494897852931,7.587666666666666,11,122,0.0933309172478341,-0.0228031486940884,0.0148343164229262,-0.0279326937000755,0.0175343273815747,0.02,3.0,3.0,2.0,0.005,5.0,4.242640687119285,4.242640687119285,0.0346352440916605,0.0346352440916605,0.02,0.3463733157009119,0.6699434827077354,-0.7155497800959122,0.865935309058202,0.8807696254811282,-0.8511009926352758,0.1279661613394946,0.0586956731561736,0.4242911711788923,1.0620806440688777,0.00020799343614588223,0.03727819223948272,5.4854859880398825,5.485693981476029,-0.02229873282998618,-0.02229873282998618
456,294,283,268,390,122.494897852931,7.604342857142857,11,122,0.092965055134341,-0.0219391901295107,0.0190061811640789,-0.0268743885389044,0.0226919998829121,0.02,3.0,3.0,2.0,0.005,5.0,4.242640687119285,4.242640687119285,0.0346352440916605,0.0346352440916605,0.02,0.3463717639148713,0.6708043377002318,-0.7146827179592533,0.8659321035086291,0.8849382846727081,-0.8469259223445502,0.1276002992260015,0.0583298110426805,0.4242891564438414,1.062063616696204,0.00019253122541552798,0.03713248181996972,5.464044699808545,5.464237231033961,-0.021456750442068184,-0.021456750442068184
457,294,283,268,390,122.494897852931,7.621019047619048,11,122,0.0926156808678739,-0.0209504842827194,0.0233463657005168,-0.0256632743218115,0.0280604487918976,0.02,3.0,3.0,2.0,0.005,5.0,4.242640687119285,4.242640687119285,0.0346352440916605,0.0346352440916605,0.02,0.3463700615912081,0.6717896388996968,-0.7136906074651358,0.8659286817701445,0.8892750474706613,-0.8425823160696276,0.1272509249595344,0.0579804367762134,0.4242869462602031,1.0620450535055126,0.00017556911667218904,0.03699333330869292,5.443568996374164,5.443744565490836,-0.020492665543124566,-0.020492665543124566
458,294,283,267,390,123.4908903522847,7.637695238095238,11,123,0.0922849268207744,-0.0198339091635953,0.0261564396022422,-0.0244930710177872,0.0318150268035622,0.02,3.0,3.0,2.0,0.005,5.0,4.242640687119285,4.242640687119285,0.034355900058832,0.034355900058832,0.02,0.3435749215370836,0.667315933910572,-0.7069837522377626,0.8589418397409463,0.8850982793431885,-0.8327854001387041,0.1266408268796064,0.0579290267619423,0.424284888596603,1.0620260900210476,0.0001573535810838999,0.03686159668271298,5.424183951861215,5.424341305442299,-0.019403260048536985,-0.019403260048536985
459,294,283,267,390,123.4908903522847,7.654371428571428,11,123,0.0919748514181424,-0.0185938990727313,0.0300030938023942,-0.0229617715161211,0.0366241388077058,0.02,3.0,3.0,2.0,0.005,5.0,4.242640687119285,4.242640687119285,0.034355900058832,0.034355900058832,0.02,0.3435729930608307,0.6685520870489301,-0.7057398851943928,0.8589380768782283,0.8889411706806225,-0.8289349830758341,0.1263307514769745,0.0576189513593103,0.4242823667239692,1.0620052935185065,0.0001382932330907672,0.036738092528762,5.406010315607328,5.406148608840419,-0.018192696601880165,-0.018192696601880165
460,294,283,267,390,123.4908903522847,7.671047619047619,11,123,0.0916873875674582,-0.0172379807663292,0.0338670125886334,-0.0212873359270956,0.0414557246941461,0.02,3.0,3.0,2.0,0.005,5.0,4.242640687119285,4.242640687119285,0.034355900058832,0.034355900058832,0.02,0.3435710267641771,0.669904072762025,-0.7043800342946837,0.8589342558741203,0.8928012684627538,-0.8250672432854869,0.1260432876262903,0.0573314875086261,0.4242797953926552,1.0619841085410218,0.00011885919236013423,0.03662359148217818,5.38916148660252,5.38928034579488,-0.01686826304553879,-0.01686826304553879
461,294,283,267,390,123.4908903522847,7.68772380952381,11,123,0.0914241704811442,-0.0157840057469831,0.0374571870806755,-0.0194918092302052,0.0459485549979384,0.02,3.0,3.0,2.0,0.005,5.0,4.242640687119285,4.242640687119285,0.034355900058832,0.034355900058832,0.02,0.3435690836043003,0.6713541614616174,-0.7029221729555837,0.8589304004547442,0.8963875875354197,-0.8214732133740688,0.1257800705399763,0.0570682704223121,0.424277254316513,1.0619630750034232,9.965393496831824e-05,0.03651874562116427,5.373733418154322,5.37383307208929,-0.015447273705589737,-0.015447273705589737
462,294,283,267,390,123.4908903522847,7.7044,11,123,0.0911864173832928,-0.0142570389916616,0.0407678595961542,-0.0176061443886753,0.050093581305818,0.02,3.0,3.0,2.0,0.005,5.0,4.242640687119285,4.242640687119285,0.034355900058832,0.034355900058832,0.02,0.3435672271023529,0.6728774152130441,-0.7013914931963674,0.8589265508698619,0.8996944104660162,-0.8181586912737077,0.1255423174421249,0.0568305173244607,0.42427482656242,1.0619427746649364,8.130526432390369e-05,0.036424040520117794,5.359797562535333,5.359878867799657,-0.013954204289633232,-0.013954204289633232
463,294,283,267,390,123.4908903522847,7.72107619047619,11,123,0.0909750865315806,-0.0126726096115258,0.0442789976172947,-0.0156495184401424,0.0544822081588639,0.02,3.0,3.0,2.0,0.005,5.0,4.242640687119285,4.242640687119285,0.034355900058832,0.034355900058832,0.02,0.3435655002443267,0.6744583908771277,-0.6998036101001793,0.8589228842516768,0.9032018818689715,-0.814643886634382,0.1253309865904127,0.0566191864727485,0.4242725683434424,1.0619237860901087,6.423801374645445e-05,0.036339858564876745,5.347410187821613,5.34747442583536,-0.012404441964297241,-0.012404441964297241
464,294,283,267,390,123.4908903522847,7.737752380952381,11,123,0.090790261501425,-0.0110831685701495,0.0480333623410068,-0.0136867035465222,0.0591651347784726,0.02,3.0,3.0,2.0,0.005,5.0,4.242640687119285,4.242640687119285,0.034355900058832,0.034355900058832,0.02,0.3435639720844186,0.6760447755986876,-0.6982111127389867,0.8589191217645551,0.906952484105562,-0.8108857594235482,0.1251461615602571,0.056434361442593,0.4242705699622107,1.061906343785813,4.913465022173989e-05,0.0362662336612228,5.336576283248935,5.336625417899157,-0.010849007936203137,-0.010849007936203137
465,294,283,267,390,123.4908903522847,7.754428571428571,11,123,0.0906320935661434,-0.0094846563132889,0.0509903678008425,-0.0117126865281346,0.0628573683849404,0.02,3.0,3.0,2.0,0.005,5.0,4.242640687119285,4.242640687119285,0.034355900058832,0.034355900058832,0.02,0.3435626414423155,0.677640626571342,-0.69660993919792,0.8589159004096981,0.9099062682105408,-0.8079255326088556,0.1249879936249755,0.0562761935073113,0.4242688298754288,1.061891223574713,3.598348215248439e-05,0.036203226606268166,5.327304795112361,5.327340778594513,-0.00928463930464396,-0.00928463930464396
466,294,283,267,390,123.4908903522847,7.771104761904762,11,123,0.0905001169896562,-0.0079140722622297,0.0538626598343059,-0.0097731582997506,0.0664381327157924,0.02,3.0,3.0,2.0,0.005,5.0,4.242640687119285,4.242640687119285,0.034355900058832,0.034355900058832,0.02,0.3435615354880695,0.6792089987139093,-0.6950371432383687,0.8589128135366153,0.9127754733709212,-0.8050501537023094,0.1248560170484883,0.0561442169308241,0.4242673836136859,1.0618781514428148,2.505301590871741e-05,0.03615065232793793,5.319568490056067,5.319593543071976,-0.007747235522536755,-0.007747235522536755
467,294,283,267,390,123.4908903522847,7.787780952380952,11,123,0.0903929693935643,-0.0064251842316642,0.0568251920792068,-0.0079345172144567,0.0701229549081162,0.02,3.0,3.0,2.0,0.005,5.0,4.242640687119285,4.242640687119285,0.034355900058832,0.034355900058832,0.02,0.3435606714191552,0.6806961586066462,-0.6935465270699748,0.858909743997981,0.9157349360771878,-0.8020845519187743,0.1247488694523964,0.0560370693347322,0.424266253666376,1.0618671269297446,1.6513196964330516e-05,0.036107968475881394,5.313287561225947,5.313304074422912,-0.0062894686490642115,-0.0062894686490642115
468,294,283,267,390,123.4908903522847,7.804457142857143,11,123,0.090309005989279,-0.0050349271558844,0.0596834529592328,-0.0062176763733906,0.0736723219047247,0.02,3.0,3.0,2.0,0.005,5.0,4.242640687119285,4.242640687119285,0.034355900058832,0.034355900058832,0.02,0.3435600265900733,0.6820851260242622,-0.692154980336031,0.8589070987500215,0.9185905517092544,-0.7992236457907886,0.1246649060481111,0.0559531059304469,0.4242654104199996,1.061858462317234,1.0140196586024871e-05,0.03607452010465589,5.308365633400114,5.3083757735967,-0.00492830082621154,-0.00492830082621154
469,294,283,267,390,123.4908903522847,7.821133333333333,11,123,0.0902458674939971,-0.0037861462048006,0.0624358728124209,-0.0046755456583475,0.0770849129358289,0.02,3.0,3.0,2.0,0.005,5.0,4.242640687119285,4.242640687119285,0.034355900058832,0.034355900058832,0.02,0.3435595807603167,0.6833330153158327,-0.690905307725434,0.8589046257664045,0.9213404985788254,-0.7964687529539836,0.1246017675528292,0.055889967435165,0.4242648274060314,1.061851677172261,5.733961233650396e-06,0.03604936755261318,5.30466443536703,5.304670169328264,-0.0037056042684362467,-0.0037056042684362467
470,294,283,267,390,123.4908903522847,7.837809523809524,11,123,0.0902009137700257,-0.0026956830479723,0.0650799505307637,-0.0033289229970166,0.0803588366299755,0.02,3.0,3.0,2.0,0.005,5.0,4.242640687119285,4.242640687119285,0.034355900058832,0.034355900058832,0.02,0.3435592946915798,0.6844229063351874,-0.689814272431132,0.8589025631542564,0.9239825136850202,-0.7938226126234926,0.1245568138288578,0.0558450137111936,0.4242644533123837,1.061846736517242,2.9066828380500925e-06,0.036031459200395,5.302029221338125,5.302032128020963,-0.0026380413073008313,-0.0026380413073008313
471,294,283,267,390,123.4908903522847,7.854485714285714,11,123,0.0901714557059702,-0.0017664744293658,0.0676120397278784,-0.0021814350006693,0.0834908563961495,0.02,3.0,3.0,2.0,0.005,5.0,4.242640687119285,4.242640687119285,0.034355900058832,0.034355900058832,0.02,0.3435591268806575,0.6853517793319491,-0.6888847281906808,0.8589009586808329,0.9265129984087114,-0.7912889189529545,0.1245273557648023,0.0558155556471381,0.4242642338651166,1.0618433516142949,1.2481727638412915e-06,0.03601972386201737,5.300302366295856,5.30030361446862,-0.0017285135523428252,-0.0017285135523428252
472,294,283,267,390,123.4908903522847,7.871161904761904,11,123,0.090154399924004,-0.0010227624822687,0.0700271635966957,-0.0012630184955428,0.0864758760460788,0.02,3.0,3.0,2.0,0.005,5.0,4.242640687119285,4.242640687119285,0.034355900058832,0.034355900058832,0.02,0.3435590429245252,0.6860953233667817,-0.6881408483313192,0.8588996197267321,0.9289267833234278,-0.7888724561300364,0.1245102999828361,0.0557984998651719,0.4242641240752178,1.0618409966753355,4.184172380545732e-07,0.03601292926094648,5.299302540748275,5.299302959165512,-0.0010006553031081111,-0.0010006553031081111
473,294,283,267,390,123.4908903522847,7.887838095238095,11,123,0.0901469919746136,-0.0004442231216418,0.0721252271955043,-0.0005485750880662,0.0890678415425983,0.02,3.0,3.0,2.0,0.005,5.0,4.242640687119285,4.242640687119285,0.034355900058832,0.034355900058832,0.02,0.3435590085749715,0.6866737940283011,-0.687562240271585,0.8588987392324295,0.9310239664279338,-0.7867735120369252,0.1245028920334457,0.0557910919157815,0.4242640791561158,1.0618396228101397,7.893367272047418e-08,0.03600997811413774,5.298868279495369,5.298868358429042,-0.0004346007364706139,-0.0004346007364706139
474,294,283,267,391,124.4869471069156,7.904514285714286,11,124,0.0901464768744984,-3.088835642263888e-05,0.0744365052641406,-3.845197192204603e-05,0.0926637317486889,0.02,3.0,3.0,2.0,0.005,5.0,4.242640687119285,4.242640687119285,0.0340810083765287,0.0340810083765287,0.02,0.3408100838042138,0.6815892792520051,-0.6816510559648503,0.8520258361262565,0.9264623413903972,-0.7775893308621159,0.1242274852510272,0.0560654684979696,0.4242640687631974,1.061838808713742,3.8163622499679067e-10,0.03600977291071026,5.298838083811015,5.298838084192651,-3.0274236390681608e-05,-3.0274236390681608e-05
475,294,283,267,391,124.4869471069156,7.921190476190477,11,124,0.0901502385066553,0.0002255690328255,0.0766054591423157,0.0002808040025831,0.0953637340628171,0.02,3.0,3.0,2.0,0.005,5.0,4.242640687119285,4.242640687119285,0.0340810083765287,0.0340810083765287,0.02,0.3408100858412058,0.6818457407152373,-0.6813946026495862,0.8520254558311428,0.9286309149734584,-0.775419996688827,0.1242312468831841,0.0560692301301265,0.4242640714460862,1.061838352748194,2.0352555427932603e-08,0.036011271453761366,5.299058594420985,5.29905861477354,0.00022053058088911115,0.00022053058088911115
476,294,283,267,391,124.4869471069156,7.937866666666666,11,124,0.090156375457242,0.0003680067456345,0.0782594688187218,0.0004581203627879,0.0974226549631315,0.02,3.0,3.0,2.0,0.005,5.0,4.242640687119285,4.242640687119285,0.0340810083765287,0.0340810083765287,0.02,0.3408100892906762,0.681988185326987,-0.681252171835718,0.8520252976394712,0.930284766458193,-0.7737658288207494,0.1242373838337708,0.0560753670807133,0.4242640759893273,1.061838184703224,5.417158593299824e-08,0.03601371626499186,5.299418348393552,5.299418402565139,0.0003597877915986203,0.0003597877915986203
477,294,283,267,391,124.4869471069156,7.954542857142857,11,124,0.0901635785902246,0.0004319411554349,0.0799700709156273,0.0005377103576992,0.0995520676228667,0.02,3.0,3.0,2.0,0.005,5.0,4.242640687119285,4.242640687119285,0.0340810083765287,0.0340810083765287,0.02,0.3408100913773166,0.6820521239100683,-0.6811882415991983,0.852025243435544,0.9319953143511712,-0.7720551725199166,0.1242445869667534,0.0560825702136958,0.4242640787376073,1.0618381346409225,7.462926470337459e-08,0.036016585815519135,5.299840602753641,5.299840677382906,0.00042227481776713205,0.00042227481776713205
478,294,283,268,391,123.4908903522847,7.971219047619048,11,123,0.0901715672800737,0.00047904764943,0.0814797729841527,0.0005915802074928,0.1006198137200427,0.02,3.0,3.0,2.0,0.005,5.0,4.242640687119285,4.242640687119285,0.034355900058832,0.034355900058832,0.02,0.3435590098762692,0.6875970674019686,-0.6866389721031084,0.858897532764329,0.9403773057484818,-0.7774177597801762,0.1245274673389058,0.0558156672212416,0.4242640808578301,1.0618381454855024,9.179466016976328e-08,0.03601976831034206,5.300308906866834,5.300308998661494,0.00046832127858831285,0.00046832127858831285
479,294,283,270,392,122.494897852931,7.987895238095238,11,122,0.0901808528307792,0.000556814862409,0.0827895919519192,0.0006820697969379,0.1014126463077617,0.02,3.0,3.0,2.0,0.005,5.0,4.242640687119285,4.242640687119285,0.0346352440916605,0.0346352440916605,0.02,0.3463524533636734,0.6932617215897557,-0.6921480918649378,0.865881155235719,0.9486707471876382,-0.7830915632837997,0.1248160969224397,0.0555456087391187,0.4242640848724244,1.0618381989770551,1.2401711639982148e-07,0.0360234674393017,5.300853233693246,5.300853357710363,0.0005443590488685146,0.0005443590488685146
480,294,283,270,392,122.494897852931,8.00457142857143,11,122,0.0901931988528499,0.0007403382738041,0.0838816226106604,0.0009068766122624,0.1027500365388439,0.02,3.0,3.0,2.0,0.005,5.0,4.242640687119285,4.242640687119285,0.0346352440916605,0.0346352440916605,0.02,0.3463524629208178,0.6934452641154397,-0.6919645875678314,0.8658812788575543,0.9497629014682148,-0.7819996562468938,0.1248284429445104,0.0555579547611894,0.4242640972808237,1.0618384309494198,2.1924030386369388e-07,0.03602838577797218,5.301576967228607,5.301577186468911,0.0007238287585487058,0.0007238287585487058
481,294,283,270,392,122.494897852931,8.02124761904762,11,122,0.0902113117110752,0.0010861508358981,0.0847367333091124,0.0013304793569622,0.1037967298096421,0.02,3.0,3.0,2.0,0.005,5.0,4.242640687119285,4.242640687119285,0.0346352440916605,0.0346352440916605,0.02,0.3463524882781321,0.6937911273921624,-0.6916188257203661,0.8658816522870698,0.9506183855961824,-0.7811449189779573,0.1248465558027357,0.0555760676194147,0.4242641302031764,1.0618391020160327,4.7188945532885663e-07,0.03603560146638016,5.30263875577784,5.302639227667296,0.001062041198384378,0.001062041198384378
482,294,282,271,392,121.59358535712316,8.037923809523809,12,121,0.0902391441227727,0.0016689909927089,0.0853348060373048,0.0020293859873222,0.1037582631913721,0.02,3.0,3.0,2.0,0.005,5.0,4.242640687119285,4.242640687119285,0.0348919778511222,0.0348919778511222,0.02,0.3489198895171135,0.6995087700269359,-0.6961707880415181,0.8723009407713139,0.9576357468086188,-0.7869661347340091,0.125131121973895,0.0553471662716504,0.4242642118949178,1.061840788662317,1.114212373497376e-06,0.03604668914733078,5.304270308029724,5.304271422242098,0.001632194574802348,0.001632194574802348
483,294,282,270,393,123.58397954427588,8.0546,12,123,0.0902818114141025,0.0025585754366805,0.0856550161435834,0.0031619893442921,0.1058477874412649,0.02,3.0,3.0,2.0,0.005,5.0,4.242640687119285,4.242640687119285,0.0343300215995981,0.0343300215995981,0.02,0.3433004811424859,0.6891595377216525,-0.6840423868482913,0.8582540842938986,0.943909100437482,-0.7725990681503152,0.1246118330137006,0.0559517898145044,0.4242644156777608,1.0618446238308712,2.618523306073925e-06,0.036063686589357116,5.3067714816239,5.306774100147206,0.0025026779051078307,0.0025026779051078307
484,295,282,271,393,122.6906679417795,8.07127619047619,13,122,0.0903452161922164,0.0038021140502362,0.0856761478383085,0.0046648391241431,0.1050989017992312,0.02,3.0,3.0,2.0,0.005,5.0,4.242640687119285,4.242640687119285,0.0345799787244825,0.0345799787244825,0.02,0.3458003685295248,0.6954028511092858,-0.6877986230088133,0.8645065111938086,0.9501826590321172,-0.7788303633555,0.1249251949166989,0.0557652374677339,0.4242648244855436,1.0618515617744702,5.782428500401409e-06,0.0360889451382788,5.3104882770977255,5.310494059526226,0.0037199593790200325,0.0037199593790200325
485,295,282,270,393,123.68508398347798,8.08795238095238,13,123,0.0904357303463389,0.0054277476772459,0.0853623978142904,0.0067133142730129,0.1055441152509637,0.02,3.0,3.0,2.0,0.005,5.0,4.242640687119285,4.242640687119285,0.0343019590598816,0.0343019590598816,0.02,0.3430207848160068,0.6914693173092596,-0.6806138219547677,0.8575615921774896,0.94292398999178,-0.7721991943631992,0.1247376894062205,0.0561337712864572,0.4242656325788203,1.0618636034771305,1.1784177939139308e-05,0.0361250029925435,5.315794190352777,5.315805974530716,0.005311915004489798,0.005311915004489798
486,295,282,271,393,122.6906679417795,8.104628571428572,13,122,0.0905603727386625,0.0074742725265464,0.08473914380822,0.0091702348866087,0.1038984807117752,0.02,3.0,3.0,2.0,0.005,5.0,4.242640687119285,4.242640687119285,0.0345799787244825,0.0345799787244825,0.02,0.3458020335844814,0.6990783396955093,-0.6841297946424164,0.864520223502325,0.949259367310545,-0.779781079694105,0.1251403514631451,0.05598039401418,0.4242669893530533,1.0618824054755205,2.2345899920434525e-05,0.03617465592706209,5.323100619667186,5.323122965567107,0.007316991036391052,0.007316991036391052
487,295,282,270,393,123.68508398347798,8.121304761904762,13,123,0.0907263412991394,0.0099524265277415,0.0839303491414558,0.0123096671092311,0.1036868117657503,0.02,3.0,3.0,2.0,0.005,5.0,4.242640687119285,4.242640687119285,0.0343019590598816,0.0343019590598816,0.02,0.3430236057341918,0.6959996379961253,-0.676094784940642,0.8575813931420004,0.9415117422834562,-0.7736510440005446,0.1250283003590211,0.0564243822392578,0.4242693266631731,1.061911659811157,3.96203175160371e-05,0.03624077081107721,5.332829424850011,5.332869045167527,0.009746079600420288,0.009746079600420288
488,268,282,274,393,119.82069938036582,8.137980952380952,14,119,0.0909407740617064,0.0128586179723209,0.0824169830544878,0.0154072859850843,0.0985544890996124,0.02,3.0,3.0,2.0,0.005,5.0,4.242640687119285,4.242640687119285,0.0354082450616583,0.0354082450616583,0.02,0.3540889435941361,0.7210365051605931,-0.6953192692159513,0.8852521742571571,0.9676691573116448,-0.8028351912026692,0.1263490191233647,0.0555325290000481,0.4242723357834275,1.0619491976237567,6.613762246323765e-05,0.036326190313575514,5.345398904642637,5.3454650422651,0.012595997097572642,0.012595997097572642
489,282,282,273,393,120.0,8.154657142857143,0,120,0.0912104290424756,0.0161700588125443,0.0806285738479584,0.0194040705750531,0.0964405236551487,0.02,3.0,3.0,2.0,0.005,5.0,4.242640687119285,4.242640687119285,0.0353553390593273,0.0353553390593273,0.02,0.3535636737291677,0.7232974062708798,-0.6909572886457912,0.8839479517387594,0.9645765255867178,-0.803319377890801,0.126565768101803,0.0558550899831482,0.4242771788176347,1.0620039562640036,0.00010458832080045666,0.036433605269740724,5.361205015442348,5.361309603763148,0.01584456149804847,0.01584456149804847
490,288,282,272,393,121.1486689980538,8.171333333333333,6,121,0.0915414363118042,0.0198490938203913,0.0782308518201286,0.024046912971579,0.0942983262942619,0.02,3.0,3.0,2.0,0.005,5.0,4.242640687119285,4.242640687119285,0.0350201180269462,0.0350201180269462,0.02,0.3502168231872353,0.720282740194862,-0.6805845525540793,0.875590367059378,0.9538212188795068,-0.7973595152392493,0.1265615543387505,0.056521318284858,0.4242841806390996,1.062077380757264,0.0001575946101962785,0.03656545580828485,5.380606822189116,5.3807644167993125,0.019454813036164254,0.019454813036164254
491,291,282,272,393,121.33424908079334,8.188009523809523,9,121,0.0919389126269091,0.0238349589297616,0.0757896336936401,0.0289199684361417,0.0912694766633367,0.02,3.0,3.0,2.0,0.005,5.0,4.242640687119285,4.242640687119285,0.0349665549443852,0.0349665549443852,0.02,0.3496881399332527,0.723211238796267,-0.6755413209367438,0.8742771383071569,0.950066772000797,-0.7984875046135168,0.1269054675712944,0.0569723576825239,0.4242931523973698,1.0621678954813507,0.00022724210687336894,0.036723777749625,5.403903895857319,5.404131137964192,0.023366721164879145,0.023366721164879145
492,293,282,272,393,121.49897118905989,8.204685714285715,11,121,0.0924070513249009,0.028072280576321,0.0727366386801109,0.0341075320895363,0.0874167914632552,0.02,3.0,3.0,2.0,0.005,5.0,4.242640687119285,4.242640687119285,0.0349191490726079,0.0349191490726079,0.02,0.3492228694967695,0.7265180195698602,-0.6703734584172181,0.8731214386981563,0.9458580773782672,-0.8003848000180454,0.1273262003975089,0.0574879022522929,0.4243045152037449,1.0622783784173138,0.0003152211747022757,0.03691023834209019,5.431341572038571,5.431656793213273,0.02752565524908146,0.02752565524908146
493,293,282,271,393,122.494897852931,8.221361904761904,11,122,0.0929486564379876,0.0324777480720196,0.0692397771101414,0.0397835843257527,0.0835231130155311,0.02,3.0,3.0,2.0,0.005,5.0,4.242640687119285,4.242640687119285,0.0346352440916605,0.0346352440916605,0.02,0.3463947848030373,0.7252673176780943,-0.660311821534055,0.8660569953913188,0.9352967725014604,-0.7968172182811772,0.1275839005296482,0.0583134123463271,0.424319045167528,1.0624108202265383,0.0004219216479318292,0.03712595066117882,5.463083639792464,5.463505561440395,0.031848768227122015,0.031848768227122015
494,294,282,271,392,121.59358535712316,8.238038095238096,12,121,0.0935653615742509,0.0369811760751803,0.0652952231426855,0.0449667378970423,0.0777318800344283,0.02,3.0,3.0,2.0,0.005,5.0,4.242640687119285,4.242640687119285,0.0348919778511222,0.0348919778511222,0.02,0.3489742746375869,0.7349297253503542,-0.6609673731999934,0.8725083281214627,0.9378035512641484,-0.8072131049787772,0.1284573394253732,0.0586733837231287,0.4243343612094002,1.062555333646099,0.0005470429535613952,0.03737156080813422,5.49922517291695,5.499772215870512,0.036266654430116674,0.036266654430116674
495,294,282,271,393,122.58874336577564,8.254714285714286,12,122,0.0942574426005136,0.0415011466348309,0.0609029095041817,0.050875734142027,0.072548710131589,0.02,3.0,3.0,2.0,0.005,5.0,4.242640687119285,4.242640687119285,0.0346087297302677,0.0346087297302677,0.02,0.3461564891331135,0.7338141249010579,-0.650811831631396,0.8654649946084743,0.926367904112656,-0.8045620851042925,0.1288661723307814,0.0596487128702459,0.4243539635708473,1.0627240247606258,0.0006889380688022945,0.037647173368894477,5.5397815612328225,5.540470499301625,0.04069828343111315,0.04069828343111315
496,294,282,271,393,122.58874336577564,8.271390476190476,12,122,0.095023668514892,0.0459472992631227,0.0558728456220775,0.0563262167771744,0.0659057817921842,0.02,3.0,3.0,2.0,0.005,5.0,4.242640687119285,4.242640687119285,0.0346087297302677,0.0346087297302677,0.02,0.3461721068622637,0.7382915129876502,-0.6463969144614046,0.865501645877452,0.9213744914995295,-0.8096288002553745,0.1296323982451598,0.0604149387846242,0.4243742541638879,1.062900694030797,0.0008444617238299826,0.03795229215960228,5.584679791285476,5.585524253009305,0.0450537537076805,0.0450537537076805
497,294,282,271,393,122.58874336577564,8.288066666666667,12,122,0.095861646188063,0.0502499461353242,0.0507523863477783,0.0616007775092731,0.0591212769001498,0.02,3.0,3.0,2.0,0.005,5.0,4.242640687119285,4.242640687119285,0.0346087297302677,0.0346087297302677,0.02,0.3461887317813006,0.7426274096979256,-0.642127517427277,0.8655386718052096,0.916291058152988,-0.8147862854574313,0.1304703759183308,0.0612529164577952,0.4243958532404258,1.0630863256008156,0.0010100228346411936,0.038285957699525655,5.633778675485201,5.634788698319841,0.049264445310535976,0.049264445310535976
498,294,282,271,393,122.58874336577564,8.304742857142857,12,122,0.0967678207916606,0.0543394251157901,0.0450489036723046,0.0666140184016337,0.0516051174473395,0.02,3.0,3.0,2.0,0.005,5.0,4.242640687119285,4.242640687119285,0.0346087297302677,0.0346087297302677,0.02,0.3462059106882673,0.7467512464923248,-0.6380723962607445,0.8655751571708845,0.9106240608431893,-0.8205262534985799,0.1313765505219284,0.0621590910613928,0.4244181719923299,1.063275975569924,0.0011811092487658242,0.038646747597087736,5.68686890891146,5.688050018160226,0.0532613198403844,0.0532613198403844
499,294,282,270,393,123.58397954427588,8.321419047619047,12,123,0.0977376187905395,0.0581546487049026,0.0389230228259087,0.0718698291595123,0.043923055899932,0.02,3.0,3.0,2.0,0.005,5.0,4.242640687119285,4.242640687119285,0.0343300215995981,0.0343300215995981,0.02,0.3434371690990222,0.745028986902947,-0.6287196894931418,0.8586458999850626,0.8975689228109712,-0.8197228771591539,0.1320676403901376,0.0634075971909413,0.4244432809209994,1.0634724613031508,0.0013527852663962519,0.03903283373930635,5.7436814847389295,5.745034270005326,0.05698425184510025,0.05698425184510025
500,294,282,270,393,123.58397954427588,8.338095238095239,12,123,0.0987654727612758,0.0616360176626542,0.0324579208554519,0.0761722434601209,0.0354178365271869,0.02,3.0,3.0,2.0,0.005,5.0,4.242640687119285,4.242640687119285,0.0343300215995981,0.0343300215995981,0.02,0.3434540532318745,0.7485441241264033,-0.6252720888010947,0.8586792423950551,0.8911371632505071,-0.8262213215396031,0.1330954943608739,0.0644354511616777,0.4244653746363659,1.0636549737248635,0.0015195994693244085,0.039441992455295734,5.8038891897967675,5.8054087892660915,0.060374519260765425,0.060374519260765425
501,294,282,270,393,123.58397954427588,8.354771428571429,12,123,0.099845285322817,0.0647517526909393,0.0257759745991173,0.0800227928001306,0.0266733590868785,0.02,3.0,3.0,2.0,0.005,5.0,4.242640687119285,4.242640687119285,0.0343300215995981,0.0343300215995981,0.02,0.3434699955159018,0.751691743722743,-0.6221882383408643,0.8587103179494678,0.8844862925485851,-0.8329343433503505,0.1341753069224152,0.0655152637232189,0.4244862358377588,1.063826807990078,0.0016771157906194263,0.039871789481751095,5.867133822239674,5.868810938030293,0.0634021487642018,0.0634021487642018
502,294,282,270,393,123.58397954427588,8.371447619047618,12,123,0.1009702111486667,0.0674570026923028,0.0182753632886127,0.0833660484084371,0.0169617974763066,0.02,3.0,3.0,2.0,0.005,5.0,4.242640687119285,4.242640687119285,0.0343300215995981,0.0343300215995981,0.02,0.3434844743423693,0.7544259513770415,-0.6195119459924359,0.8587378182972366,0.8770131815858493,-0.8404624550086239,0.1353002327482649,0.0666401895490686,0.4245051819892548,1.0639819816440774,0.001820178884891739,0.04031949345696916,5.933013462193013,5.934833641077905,0.06602270304761149,0.06602270304761149
503,294,282,270,393,123.58397954427588,8.38812380952381,12,123,0.1021331315226958,0.0697353736567909,0.0110098592651464,0.0861817499151329,0.0075965056893642,0.02,3.0,3.0,2.0,0.005,5.0,4.242640687119285,4.242640687119285,0.0343300215995981,0.0343300215995981,0.02,0.3434971276190248,0.7567296288948405,-0.6172588815812586,0.8587617090059546,0.869771568271101,-0.8477518497408082,0.1364631531222939,0.0678031099230976,0.4245217392938332,1.0641174182655446,0.0019452089356208988,0.04078226506157773,6.001110303811163,6.0030555127467835,0.06822187166887872,0.06822187166887872
504,294,282,271,393,122.58874336577564,8.4048,12,122,0.1033265921611866,0.0715667430277236,0.0026166122625139,0.0877327709455002,-0.003071076581996,0.02,3.0,3.0,2.0,0.005,5.0,4.242640687119285,4.242640687119285,0.0346087297302677,0.0346087297302677,0.02,0.3462930149220956,0.7641527728719147,-0.6210192868164676,0.8657446437085516,0.8683612559710656,-0.8631280314460377,0.1379353218914544,0.0687178624309188,0.4245313363682778,1.0642186810740808,0.0020487194830384903,0.04125713248401747,6.070987045023171,6.073035764506209,0.0699802517594259,0.0699802517594259
505,294,282,271,394,123.58397954427588,8.42147619047619,12,123,0.1045429558557834,0.072940141594899,-0.0047090026673418,0.0901423296682059,-0.0123945671828401,0.02,3.0,3.0,2.0,0.005,5.0,4.242640687119285,4.242640687119285,0.0343300215995981,0.0343300215995981,0.02,0.3435156362767796,0.7599714141484584,-0.6140911309586601,0.8587959543390715,0.8540869516717297,-0.8635049570064134,0.1388729774553815,0.0702129342561853,0.4245459585277076,1.0643146707356013,0.002128105702353567,0.04174105235835406,6.142195854531801,6.144323960234154,0.07128819572794498,0.07128819572794498
506,295,282,271,394,123.68508398347798,8.438152380952381,13,123,0.1057745065917402,0.0738508436753023,-0.0123284559457381,0.0913424780223047,-0.0219941801556923,0.02,3.0,3.0,2.0,0.005,5.0,4.242640687119285,4.242640687119285,0.0343019590598816,0.0343019590598816,0.02,0.3432406025750788,0.76033204882546,-0.6126303614748553,0.8581045268292729,0.8457760708835347,-0.870432982775011,0.1400764656516218,0.0714725475318586,0.4245534857557591,1.0643730572132457,0.0021815788446215754,0.04223095134492996,6.2142844904064445,6.216466069251066,0.07214210901691143,0.07214210901691143
507,295,282,271,394,123.68508398347798,8.454828571428571,13,123,0.1070135286941604,0.0742988696482756,-0.0205890993541222,0.0918966193232445,-0.0322934597678027,0.02,3.0,3.0,2.0,0.005,5.0,4.242640687119285,4.242640687119285,0.0343019590598816,0.0343019590598816,0.02,0.3432432914298664,0.7607854525080086,-0.6121877132114572,0.8581089595692405,0.8375198602151183,-0.8786980589233627,0.1413154877540421,0.0727115696342788,0.4245570067663655,1.0644010319499435,0.0022081288124045804,0.04272375773094391,6.286800950108397,6.2890090789208015,0.0725430096697357,0.0725430096697357
508,295,281,271,394,123.79418403139948,8.471504761904761,14,123,0.1082523697097478,0.0742880106434453,-0.0288361162159056,0.0919642366092124,-0.0425292749638679,0.02,3.0,3.0,2.0,0.005,5.0,4.242640687119285,4.242640687119285,0.0342717286786523,0.0342717286786523,0.02,0.3429411193900588,0.760170249423563,-0.6115942281366723,0.8573527989049512,0.8285166826890455,-0.8861889151208568,0.1425240983884002,0.0739806410310954,0.4245574091846116,1.0644006031399595,0.002207483410144257,0.04321642651775778,6.359297162088058,6.3615046454982025,0.07249556657740097,0.07249556657740097
509,295,281,271,394,123.79418403139948,8.488180952380953,14,123,0.1094834884138129,0.073824936565865,-0.0373046761106325,0.0913909778334108,-0.0529279525379579,0.02,3.0,3.0,2.0,0.005,5.0,4.242640687119285,4.242640687119285,0.0342717286786523,0.0342717286786523,0.02,0.3429383384643168,0.7597016134944987,-0.6120517403627688,0.8573466277790875,0.820041951668455,-0.8946513038897201,0.1437552170924653,0.0752117597351605,0.4245537647528032,1.064369727369634,0.002180048503581597,0.04370595855027499,6.4313318006729645,6.433511849176546,0.07200720367834368,0.07200720367834368
510,294,281,272,394,122.6906679417795,8.504857142857142,13,122,0.1106994893928599,0.0729183910907695,-0.0456937069739997,0.0894640610816641,-0.062585489688281,0.02,3.0,3.0,2.0,0.005,5.0,4.242640687119285,4.242640687119285,0.0345799787244825,0.0345799787244825,0.02,0.3460135238638379,0.7649454388184453,-0.6191086566369062,0.8650367785583205,0.8193430715843207,-0.9107304855323204,0.1452794681173424,0.0761195106683773,0.4245419592637417,1.0642987889448323,0.0021268367037065657,0.044189414268603046,6.502472309624938,6.504599146328645,0.07108729715209883,0.07108729715209883
511,294,281,272,394,122.6906679417795,8.521533333333334,13,122,0.1118931456159144,0.0715784713996102,-0.053641841338245,0.0878201046626973,-0.0720995622840721,0.02,3.0,3.0,2.0,0.005,5.0,4.242640687119285,4.242640687119285,0.0345799787244825,0.0345799787244825,0.02,0.346005743270903,0.7635899579414164,-0.6204330151421958,0.8650208442619637,0.8113790029237187,-0.9186626856002088,0.1464731243403969,0.0773131668914319,0.4245318434732429,1.064213641363864,0.002049391027161926,0.04466392264790186,6.572296217638759,6.574345608665921,0.06974646233727633,0.06974646233727633
512,294,281,272,394,122.6906679417795,8.538209523809524,13,122,0.1130574104380317,0.0698159944730545,-0.0620049251109768,0.0856577099491864,-0.0820545349798446,0.02,3.0,3.0,2.0,0.005,5.0,4.242640687119285,4.242640687119285,0.0345799787244825,0.0345799787244825,0.02,0.3459957284652057,0.761807451403466,-0.6221754624573569,0.865000543500859,0.8029956183898821,-0.927005468611836,0.1476373891625142,0.0784774317135492,0.4245188228933775,1.0641043007052522,0.0019497092337046312,0.045126685904541705,6.6403918308533125,6.642341540087017,0.06799593142109561,0.06799593142109561
513,296,281,272,393,121.92620719107111,8.554885714285714,15,121,0.1141853130035238,0.0676355050694903,-0.0695859930835199,0.0824654060457542,-0.0904211514916421,0.02,3.0,3.0,2.0,0.005,5.0,4.242640687119285,4.242640687119285,0.0347967904920606,0.0347967904920606,0.02,0.3481506560019109,0.7639368170733122,-0.6286658069343315,0.8703937105148163,0.8008077174312963,-0.9399797035983364,0.1489821034955845,0.0793885225114631,0.4245003608166043,1.063965845316619,0.0018298246184020196,0.04557493783619962,6.7063521025967745,6.708181927215176,0.06584038712815943,0.06584038712815943
514,297,281,272,392,121.06196760337244,8.571561904761905,16,120,0.1152702255062357,0.0650575744059041,-0.0768900321388722,0.0787599796508155,-0.0982085190345246,0.02,3.0,3.0,2.0,0.005,5.0,4.242640687119285,4.242640687119285,0.0350451985136998,0.0350451985136998,0.02,0.3506198759344896,0.7662973262748833,-0.6361821774630751,0.8765733822918904,0.7996833501530182,-0.9534634144307628,0.1503154240199355,0.0802250269925358,0.4244797845479491,1.0638088883420826,0.0016929951950318991,0.046006049923749515,6.769790246279741,6.7714832414747725,0.06330131425959618,0.06330131425959618
515,297,281,272,392,121.06196760337244,8.588238095238095,16,120,0.1163056203093202,0.0620882092083816,-0.0843780732956837,0.0751652077173651,-0.1068166288995177,0.02,3.0,3.0,2.0,0.005,5.0,4.242640687119285,4.242640687119285,0.0350451985136998,0.0350451985136998,0.02,0.350604903169206,0.7632980155467937,-0.6391215971300304,0.8765436927785052,0.7921656194828215,-0.9609217660741888,0.15135081882302,0.0812604217956203,0.4244605469277385,1.0636450250899794,0.001541978289081505,0.046417434651846175,6.830325509019165,6.831867487308246,0.06038424583347357,0.06038424583347357
516,297,281,272,392,121.06196760337244,8.604914285714285,16,120,0.1172851102569833,0.0587358335263471,-0.0909788355405207,0.0711067557552371,-0.1143172829766289,0.02,3.0,3.0,2.0,0.005,5.0,4.242640687119285,4.242640687119285,0.0350451985136998,0.0350451985136998,0.02,0.3505888388728599,0.7599135112720671,-0.6424418442193728,0.8765121660769092,0.7855333305363884,-0.96749100161743,0.1523303087706831,0.0822399117432835,0.4244399068078636,1.063469614930684,0.0013799592560139041,0.046806561376419024,6.887585506540059,6.8889654657960735,0.05709797848782738,0.05709797848782738
517,297,282,272,392,120.93386622447824,8.621590476190477,15,120,0.118202466208129,0.0550099228271201,-0.0974778130399071,0.0665256264819381,-0.1215432575990255,0.02,3.0,3.0,2.0,0.005,5.0,4.242640687119285,4.242640687119285,0.0350823207722811,0.0350823207722811,0.02,0.3509431254078548,0.7568961736428297,-0.6468763279885894,0.8774072589224597,0.7799294458825526,-0.9748850719623668,0.1532847869804101,0.0831201454358478,0.4244180023725545,1.0632856584893955,0.0012104366437782836,0.04717096311019802,6.941207221665639,6.9424176583094175,0.05345219251334399,0.05345219251334399
518,297,282,272,392,120.93386622447824,8.638266666666667,15,120,0.1190516092650524,0.0509194865659409,-0.1031598013016008,0.0615789037658461,-0.1278907022665659,0.02,3.0,3.0,2.0,0.005,5.0,4.242640687119285,4.242640687119285,0.0350823207722811,0.0350823207722811,0.02,0.3509259572474444,0.7527714010608297,-0.6509324279289479,0.8773744893816793,0.7742146880800784,-0.98053429068328,0.1541339300373335,0.0839692884927712,0.4243959644721033,1.0630992063572977,0.0010371176448556146,0.047508233232391915,6.990836520146471,6.991873637791326,0.04945597948190894,0.04945597948190894
519,297,283,271,392,121.80722474467596,8.654942857142856,14,121,0.1198266195880415,0.0464740627720478,-0.108627369605337,0.05660876608873,-0.1349468235780585,0.02,3.0,3.0,2.0,0.005,5.0,4.242640687119285,4.242640687119285,0.0348307803253248,0.0348307803253248,0.02,0.3483940153148125,0.7432620934016729,-0.6503139678575773,0.8710559385735698,0.7624285689682327,-0.9796833081789068,0.1546573999133663,0.0849958392627166,0.4243754430943856,1.0629186653379508,0.0008639354042160957,0.047816028768072436,7.0361286332218596,7.036992568626076,0.04511893083474927,0.04511893083474927
520,297,283,270,392,122.80065146407,8.671619047619048,14,122,0.1205217844599485,0.0416860717020161,-0.1133854207955122,0.0511907676198551,-0.1413719774116487,0.02,3.0,3.0,2.0,0.005,5.0,4.242640687119285,4.242640687119285,0.0345490079778659,0.0345490079778659,0.02,0.3455600101941449,0.7328060920903061,-0.6494339486862737,0.8639829479793868,0.7505975271838745,-0.9773683687748992,0.1550707924378144,0.0859727764820826,0.4243550624826622,1.0627432450941223,0.0006950914295782512,0.04809208923477608,7.0767509308973,7.077446022326878,0.040453453700802555,0.040453453700802555
521,297,284,270,392,122.6906679417795,8.688295238095238,13,122,0.1211316505885125,0.0365710699595833,-0.1177360815584125,0.0448692900068683,-0.1460921028163726,0.02,3.0,3.0,2.0,0.005,5.0,4.242640687119285,4.242640687119285,0.0345799787244825,0.0345799787244825,0.02,0.3458535622601614,0.7282781944799063,-0.6551360545607395,0.8647284608869585,0.746992379328546,-0.9824645424453712,0.1557116293129951,0.08655167186403,0.4243339854861482,1.06257203442656,0.0005349772631954945,0.048334257148986336,7.11238593947334,7.1129209167365355,0.03547489440965723,0.03547489440965723
522,297,284,268,390,122.6906679417795,8.704971428571428,13,122,0.121651087367934,0.0311484076751876,-0.1209227204686388,0.0382161894299161,-0.1495512668844991,0.02,3.0,3.0,2.0,0.005,5.0,4.242640687119285,4.242640687119285,0.0345799787244825,0.0345799787244825,0.02,0.3458387981637514,0.7228260040026904,-0.6605291886523152,0.8647032712931015,0.7437805508244627,-0.9856259917617404,0.1562310660924165,0.0870711086434515,0.4243147896846692,1.0624166846102965,0.0003880893202798744,0.048540502867408505,7.142734996939162,7.143123086259442,0.030202169522906885,0.030202169522906885
523,299,284,267,390,123.9112585683803,8.72164761904762,15,123,0.1220753184396129,0.0254393275421356,-0.1239256941781867,0.0315221909287929,-0.1543597906856765,0.02,3.0,3.0,2.0,0.005,5.0,4.242640687119285,4.242640687119285,0.034239347869895,0.034239347869895,0.02,0.3424197591491856,0.7102788458405068,-0.6594001907562356,0.8561683722104253,0.7322426780322385,-0.980094066388612,0.1563146663095079,0.0878359705697178,0.4242985397095761,1.0622859823123023,0.00025886375431842366,0.04870893683278474,7.167520054944275,7.167778918698593,0.024655832439150593,0.024655832439150593
524,301,284,267,389,123.17873193047572,8.73832380952381,17,122,0.1224003243518435,0.0194892180378184,-0.1261071935712797,0.0240065716421503,-0.1558051112232872,0.02,3.0,3.0,2.0,0.005,5.0,4.242640687119285,4.242640687119285,0.0344429644681998,0.0344429644681998,0.02,0.3444449782186786,0.7083791744751756,-0.6694007383995387,0.8612409173076201,0.7351337237363403,-0.9873481108788998,0.1568432888200433,0.0879573598836437,0.4242840754004272,1.0621720244475374,0.00015193184789025048,0.04883796915269398,7.186507160818919,7.186659092666809,0.018880173968216063,0.018880173968216063
525,301,284,266,389,124.16923934694935,8.755,17,123,0.1226225509499092,0.0133259810376313,-0.1272140320373085,0.0165467692899455,-0.1581811978571023,0.02,3.0,3.0,2.0,0.005,5.0,4.242640687119285,4.242640687119285,0.0341682103348047,0.0341682103348047,0.02,0.3416893299686644,0.6967046409749603,-0.6700526788996976,0.8543622757090348,0.7271482436717263,-0.9815763077463432,0.156790761284714,0.0884543406151044,0.4242735651456995,1.0620929762776474,7.103270824612361e-05,0.04892619354354826,7.199489379933127,7.1995604126413735,0.012901319974564451,0.012901319974564451
526,301,284,266,389,124.16923934694935,8.77167619047619,17,123,0.12273950038641,0.0070129587850315,-0.1284985171921047,0.0087079375790886,-0.1596166997768901,0.02,3.0,3.0,2.0,0.005,5.0,4.242640687119285,4.242640687119285,0.0341682103348047,0.0341682103348047,0.02,0.3416841047889349,0.6903811683629013,-0.6763552507928383,0.854356050321592,0.7258575331294873,-0.9828545675136968,0.1569077107212148,0.0885712900516052,0.4242666987876321,1.0620417300370626,1.9672636368220198e-05,0.04897262172679243,7.206321287097507,7.206340959733875,0.006780547092501088,0.006780547092501088
527,301,284,265,389,125.15989773086264,8.78835238095238,17,124,0.1227496264308197,0.00060721568419,-0.1284016258422775,0.000759990529338,-0.1607078050671286,0.02,3.0,3.0,2.0,0.005,5.0,4.242640687119285,4.242640687119285,0.0338977640924766,0.0338977640924766,0.02,0.3389776560491818,0.6785625277825538,-0.6773480964141736,0.8475954402207142,0.7191938143784367,-0.9759970660629916,0.1566473905232964,0.0888518623383431,0.4242640887279561,1.0620273583623434,1.4748435485053197e-07,0.04897664167058733,7.206912821826926,7.20691296931128,0.0005720095774055522,0.0005720095774055522
528,301,284,265,389,125.15989773086264,8.805028571428572,17,124,0.1226523870180174,-0.0058310327494214,-0.1279663624885019,-0.007298114625829,-0.1602051239659062,0.02,3.0,3.0,2.0,0.005,5.0,4.242640687119285,4.242640687119285,0.0338977640924766,0.0338977640924766,0.02,0.3389790356309075,0.6721270385123936,-0.6837891040112365,0.8476004278260814,0.7196340653375795,-0.9755667903145832,0.1565501511104941,0.0887546229255408,0.4242659145005231,1.0620449943509822,1.3600377169929959e-05,0.04893803833662939,7.2012323412350145,7.201245941612185,-0.005667027699095328,-0.005667027699095328
529,301,284,265,389,125.15989773086264,8.821704761904762,17,124,0.1224483945407797,-0.0122325586007809,-0.1264963014987886,-0.0153102578346052,-0.1585099252153623,0.02,3.0,3.0,2.0,0.005,5.0,4.242640687119285,4.242640687119285,0.0338977640924766,0.0338977640924766,0.02,0.3389837788744423,0.6657349991481037,-0.6902001163496657,0.8476105454202657,0.721114243921477,-0.9741068469190544,0.1563461586332563,0.088550630448303,0.424272191823044,1.0620968403855444,5.9854195968615514e-05,0.04885705331560218,7.189315395390861,7.1893752495868295,-0.01187069202535529,-0.01187069202535529
530,301,284,265,388,124.16923934694935,8.838380952380952,17,123,0.122140767776421,-0.0184470646817049,-0.1247077157908103,-0.0229055798971128,-0.1552711628183385,0.02,3.0,3.0,2.0,0.005,5.0,4.242640687119285,4.242640687119285,0.0341682103348047,0.0341682103348047,0.02,0.3416959513528965,0.6649448380240881,-0.7018389673874981,0.8543811475886761,0.7296734317978658,-0.9790888633794864,0.1563089781112258,0.0879725574416162,0.4242822662337845,1.062171538118701,0.00013611767814840174,0.04873492163507315,7.171343718601014,7.171479836279162,-0.017895413307667418,-0.017895413307667418
531,300,284,265,388,124.03628501370072,8.855057142857143,16,123,0.1217311200274761,-0.0245648278921778,-0.1215398095419281,-0.0304692999374667,-0.1515019376774939,0.02,3.0,3.0,2.0,0.005,5.0,4.242640687119285,4.242640687119285,0.0342048351952064,0.0342048351952064,0.02,0.3420728814170229,0.6595809349418681,-0.7087105907262238,0.855318958151154,0.7337791486092259,-0.976858767693082,0.1559359552226826,0.0875262848322697,0.4242962718927386,1.062287991910244,0.00024137230774892664,0.048572279187264915,7.1474108824060325,7.1476522547137815,-0.023827581565380562,-0.023827581565380562
532,300,284,264,388,125.02799686470227,8.871733333333333,16,124,0.1212246632775871,-0.0303700506786693,-0.118411543829388,-0.0379710660103351,-0.1492007645055097,0.02,3.0,3.0,2.0,0.005,5.0,4.242640687119285,4.242640687119285,0.0339335252384345,0.0339335252384345,0.02,0.3393730445316745,0.6483760383846798,-0.7091161397420184,0.8485567304484523,0.7301451866190642,-0.9669682742778404,0.1551581885160216,0.0872911380391526,0.4243140366356143,1.0624236851007376,0.00036893599128997673,0.048371189396326314,7.117820519669418,7.1181894556607075,-0.02946279905307403,-0.02946279905307403
533,299,284,264,388,124.90396310766124,8.888409523809523,15,124,0.1206275936441866,-0.0358037187361815,-0.114151417698225,-0.0447202636414109,-0.1441807963898882,0.02,3.0,3.0,2.0,0.005,5.0,4.242640687119285,4.242640687119285,0.0339672223487603,0.0339672223487603,0.02,0.3397246953398076,0.6436456719434338,-0.7152531094157968,0.849420366236163,0.735268948537938,-0.963571783934388,0.154594815992947,0.0866603712954263,0.4243333843872786,1.0625717597290147,0.0005127625101358379,0.04813410562480926,7.0829336426906835,7.083446405200819,-0.03474305045988846,-0.03474305045988846
534,299,284,264,388,124.90396310766124,8.905085714285715,15,124,0.119947318330097,-0.0407932084405514,-0.1092713995319926,-0.0509523340210177,-0.1385628177409171,0.02,3.0,3.0,2.0,0.005,5.0,4.242640687119285,4.242640687119285,0.0339672223487603,0.0339672223487603,0.02,0.3397403374038888,0.6386874663672262,-0.7202738832483291,0.8494424342871117,0.7401710347551191,-0.9587138338191044,0.1539145406788573,0.0859800959813367,0.4243540475414885,1.0627288451589745,0.0006656343419497097,0.04786396172239621,7.043181967450602,7.043847601792551,-0.03959880340826771,-0.03959880340826771
535,299,284,264,388,124.90396310766124,8.921761904761905,15,124,0.1191919853963381,-0.0452940936862889,-0.1041805157546865,-0.0565741180678718,-0.1326880663675902,0.02,3.0,3.0,2.0,0.005,5.0,4.242640687119285,4.242640687119285,0.0339672223487603,0.0339672223487603,0.02,0.3397561952240081,0.6342182967617273,-0.7248064841343053,0.8494650160582307,0.7452845003035441,-0.9536455318129172,0.1531592077450984,0.0852247630475777,0.4243749956533179,1.0628883657826136,0.0008206219691449266,0.047563985768197425,6.999040505790251,6.999861127759396,-0.043986474033155254,-0.043986474033155254
536,299,284,264,388,124.90396310766124,8.938438095238094,15,124,0.1183707122681316,-0.0492482458376224,-0.0991927012176453,-0.0615130108121942,-0.1269250228130716,0.02,3.0,3.0,2.0,0.005,5.0,4.242640687119285,4.242640687119285,0.0339672223487603,0.0339672223487603,0.02,0.3397714943371848,0.6302947428367472,-0.7287912345119921,0.8494862553455452,0.7502935541278999,-0.9486789565631906,0.152337934616892,0.0844034899193713,0.4243952056623218,1.0630415914095868,0.000970155887233157,0.04723779127255984,6.951040985757181,6.952011141644414,-0.047849986114981924,-0.047849986114981924
537,299,284,264,388,124.90396310766124,8.955114285714286,15,124,0.1174933128320837,-0.052613901076543,-0.0930693374365413,-0.0657168475901466,-0.1197049106144526,0.02,3.0,3.0,2.0,0.005,5.0,4.242640687119285,4.242640687119285,0.0339672223487603,0.0339672223487603,0.02,0.3397855240972605,0.6269571471179779,-0.732184949271064,0.8495054812258322,0.7564361437892909,-0.9425748186623736,0.151460535180844,0.0835260904833234,0.4244137388197309,1.063181797150601,0.0011072890345969013,0.04688926924920096,6.899755970019922,6.900863259054519,-0.05114788258989478,-0.05114788258989478
538,299,284,264,388,124.90396310766124,8.971790476190476,15,124,0.1165699764873946,-0.0553685415147661,-0.0867132054560302,-0.0691575026668536,-0.1121373802097377,0.02,3.0,3.0,2.0,0.005,5.0,4.242640687119285,4.242640687119285,0.0339672223487603,0.0339672223487603,0.02,0.3397976962981865,0.6242268510816069,-0.7349639341111394,0.8495221541162806,0.7628089486602504,-0.9362353595723109,0.150537198836155,0.0826027541386343,0.4244298181264128,1.0633034350588495,0.001226270155788951,0.04652246111670131,6.845780153322598,6.847006423478387,-0.05385683557613241,-0.05385683557613241
539,299,284,264,388,124.90396310766124,8.988466666666667,15,124,0.1156110963420073,-0.0574999516080308,-0.0800590541325509,-0.0718197183434178,-0.1041265617673128,0.02,3.0,3.0,2.0,0.005,5.0,4.242640687119285,4.242640687119285,0.0339672223487603,0.0339672223487603,0.02,0.3398075404141792,0.6221151292203276,-0.7371150324363892,0.8495355622019294,0.7694765080693784,-0.9295946163344804,0.1495783186907676,0.081643873993247,0.4244428220412976,1.063401716922488,0.0013224977739703537,0.04614149073972617,6.789720362350706,6.791042860124676,-0.055963563353710555,-0.055963563353710555
540,299,285,265,389,124.78781991845196,9.005142857142857,14,124,0.1146270480732883,-0.059009176593663,-0.0729750186728935,-0.0736362650230615,-0.0954091502534307,0.02,3.0,3.0,2.0,0.005,5.0,4.242640687119285,4.242640687119285,0.0339988365041702,0.0339988365041702,0.02,0.3401307446604122,0.6212523127271615,-0.7392706659144875,0.8503352325087141,0.7773602138358205,-0.9233102511816076,0.1486258845774585,0.0806282115691181,0.4244519959009183,1.0634725270948422,0.0013928331689048422,0.04575047676928749,6.732182656600655,6.733575489769559,-0.057467370355117176,-0.057467370355117176
541,299,285,266,389,123.79418403139948,9.021819047619047,14,123,0.1136280601181394,-0.0599050458541614,-0.0659983468197118,-0.0741589627087948,-0.0861446109812427,0.02,3.0,3.0,2.0,0.005,5.0,4.242640687119285,4.242640687119285,0.0342717286786523,0.0342717286786523,0.02,0.3428628535665095,0.6258206612788575,-0.7456307529871804,0.8571600599417739,0.7911617131220621,-0.9231584067614858,0.1478997887967918,0.079356331439487,0.4244548403558547,1.0635081381139522,0.001435445807515672,0.045353481163594424,6.67376475322292,6.675200199030436,-0.05837529073912329,-0.05837529073912329
542,299,286,267,389,122.6906679417795,9.03849523809524,13,122,0.1126237768827019,-0.0602225812226818,-0.0577840494676804,-0.073887487153889,-0.0753453314521703,0.02,3.0,3.0,2.0,0.005,5.0,4.242640687119285,4.242640687119285,0.0345799787244825,0.0345799787244825,0.02,0.345945590144266,0.6316685990658502,-0.7521137615112139,0.8648643396834512,0.8070802902157708,-0.9226483891511316,0.1472037556071845,0.0780437981582194,0.4244536360672657,1.0635146012122974,0.001450703715649003,0.0449543356036878,6.61503048408266,6.616481187798309,-0.058719011232127194,-0.058719011232127194
543,299,286,267,390,123.68508398347798,9.055171428571429,13,123,0.1116233360151542,-0.0599921708124067,-0.0505838256281174,-0.0742013668528368,-0.0670161482849426,0.02,3.0,3.0,2.0,0.005,5.0,4.242640687119285,4.242640687119285,0.0343019590598816,0.0343019590598816,0.02,0.3431654524096585,0.6263387340069102,-0.7463230756317238,0.8579138244037202,0.8073299987756027,-0.9084976500318376,0.1459252950750359,0.0773213769552726,0.4244550772095506,1.0635088169419962,0.0014396242235139934,0.04455667208594382,6.5565142974466335,6.557953921670148,-0.05852726612816106,-0.05852726612816106
544,299,286,267,390,123.68508398347798,9.071847619047618,13,123,0.1106351378622784,-0.0592580274425858,-0.0432632307493933,-0.0732933410093147,-0.0578533820992417,0.02,3.0,3.0,2.0,0.005,5.0,4.242640687119285,4.242640687119285,0.0343019590598816,0.0343019590598816,0.02,0.3431619050732676,0.6270657827039494,-0.7455818375891212,0.8579067259178071,0.8146434951684138,-0.9011699566672003,0.14493709692216,0.0763331788023967,0.424450431969387,1.0634703717440877,0.001404605526554501,0.0441638311214788,6.498707749525606,6.50011235505216,-0.057841566617987894,-0.057841566617987894
545,299,286,267,390,123.68508398347798,9.08852380952381,13,123,0.109666762317009,-0.0580693502303111,-0.0357704131250978,-0.0718231246010203,-0.0484133876921062,0.02,3.0,3.0,2.0,0.005,5.0,4.242640687119285,4.242640687119285,0.0343019590598816,0.0343019590598816,0.02,0.3431562539926195,0.6282431577549279,-0.7443818582155501,0.8578957818689363,0.8221253687438385,-0.8936661949940342,0.1439687213768907,0.0753648032571274,0.4244430318684213,1.0634095765684757,0.001348819774468213,0.04377882844837295,6.44205460617808,6.443403425952548,-0.05670892909961189,-0.05670892909961189
546,299,286,267,390,123.68508398347798,9.1052,13,123,0.1087250323284595,-0.0564715298673341,-0.0285084224767113,-0.0698468591431671,-0.039205025274928,0.02,3.0,3.0,2.0,0.005,5.0,4.242640687119285,4.242640687119285,0.0343019590598816,0.0343019590598816,0.02,0.3431488380742574,0.6298261462811807,-0.7427692060158491,0.8578813951445492,0.8293729726678378,-0.8863898176212606,0.1430269913883411,0.0744230732685779,0.4244333206982227,1.0633297652384424,0.0012756134742228833,0.04340438002561705,6.3869545207695495,6.388230134243773,-0.055173291708775274,-0.055173291708775274
547,299,286,267,390,123.68508398347798,9.12187619047619,13,123,0.1078156865514836,-0.0545295868546394,-0.0215547974747446,-0.0674449652970044,-0.0303378154521776,0.02,3.0,3.0,2.0,0.005,5.0,4.242640687119285,4.242640687119285,0.0343019590598816,0.0343019590598816,0.02,0.3431401033233947,0.63175061979215,-0.740809793501429,0.8578639958184461,0.8363091983437014,-0.8794187932931907,0.1421176456113652,0.073513727491602,0.4244218824965948,1.0632352012175537,0.001189390337015065,0.043042771601301606,6.333743841131532,6.334933231468547,-0.053296902775225696,-0.053296902775225696
548,299,286,267,390,123.68508398347798,9.13855238095238,13,123,0.1069437197125257,-0.0522881314052455,-0.0140962044682953,-0.0646726192419692,-0.0208165127483393,0.02,3.0,3.0,2.0,0.005,5.0,4.242640687119285,4.242640687119285,0.0343019590598816,0.0343019590598816,0.02,0.3431304010888628,0.63397267077248,-0.7385489335829711,0.8578443050531352,0.84374810058484,-0.8719405095214305,0.1412456787724073,0.072641760652644,0.4244091773500335,1.063129714965751,0.0010936194743408885,0.04269599377071212,6.282715483360289,6.28380910283463,-0.05112412863391658,-0.05112412863391658
549,299,286,267,390,123.68508398347798,9.155228571428571,13,123,0.1061130409573039,-0.0498122611640648,-0.0072350559542387,-0.0616103370548429,-0.0120176352330337,0.02,3.0,3.0,2.0,0.005,5.0,4.242640687119285,4.242640687119285,0.0343019590598816,0.0343019590598816,0.02,0.3431201571665781,0.6364280531690915,-0.736052575497221,0.8578227242103568,0.850587668256118,-0.8650577801645956,0.1404150000171856,0.0718110818974223,0.4243957628365313,1.0630173648391847,0.0009925045449107994,0.04236560585347898,6.234098901339433,6.235091405884344,-0.048717696950286715,-0.048717696950286715
550,299,286,267,390,123.68508398347798,9.17190476190476,13,123,0.1053267436804975,-0.0471508932408281,-0.0005134284442225,-0.0583186219038782,-0.0033848095177736,0.02,3.0,3.0,2.0,0.005,5.0,4.242640687119285,4.242640687119285,0.0343019590598816,0.0343019590598816,0.02,0.3431096994771948,0.6390685057135616,-0.7333702921952178,0.857800052294217,0.8572866238499944,-0.8583134807384395,0.1396287027403791,0.0710247846206158,0.4243820683687222,1.0629018808094752,0.0008892826933631877,0.042052842955439484,6.18807584089292,6.188965123586283,-0.046126282298060595,-0.046126282298060595
551,299,286,267,390,123.68508398347798,9.188580952380953,13,123,0.1045871072305314,-0.0443528425165181,0.0060117052865488,-0.0548578505156152,0.0050024811277933,0.02,3.0,3.0,2.0,0.005,5.0,4.242640687119285,4.242640687119285,0.0343019590598816,0.0343019590598816,0.02,0.3430993234362193,0.6418458043559205,-0.7305514893889569,0.8577768315179919,0.8637885368045407,-0.8517651262314431,0.1388890662904131,0.0702851481706498,0.4243684807962399,1.062786403687913,0.0007868698557180225,0.041758616447325786,6.14478041022399,6.145567280079708,-0.043397843506575384,-0.043397843506575384
552,299,286,267,390,123.68508398347798,9.205257142857144,13,123,0.1038953622108908,-0.0414809977511469,0.0123001140566881,-0.0513058069056906,0.0130851903402026,0.02,3.0,3.0,2.0,0.005,5.0,4.242640687119285,4.242640687119285,0.0343019590598816,0.0343019590598816,0.02,0.3430893333401658,0.6446976689291847,-0.7276596644314784,0.8577533814570327,0.8700534955137209,-0.8454532674003445,0.1381973212707725,0.0695934031510092,0.4243553986012889,1.0626738734662058,0.0006882692697722619,0.041483420416943015,6.104285314353165,6.104973583622937,-0.0405936964567708,-0.0405936964567708
553,298,286,267,390,123.58397954427588,9.221933333333332,12,123,0.1032522669352497,-0.0385636801498164,0.018409537743017,-0.047658530587869,0.020913351028525,0.02,3.0,3.0,2.0,0.005,5.0,4.242640687119285,4.242640687119285,0.0343300215995981,0.0343300215995981,0.02,0.3433604453868304,0.6481572106238446,-0.7252845709234773,0.8584320961723968,0.8768416339154138,-0.8400225584293798,0.1375822885348478,0.0689222453356515,0.4243428833783901,1.06256630349338,0.0005948629706789374,0.04122756084350368,6.066635578121566,6.067230441092246,-0.03774314253069111,-0.03774314253069111
554,298,286,267,390,123.58397954427588,9.238609523809524,12,123,0.1026576886627386,-0.0356543224521158,0.023740735109977,-0.044063030565873,0.0277687077219617,0.02,3.0,3.0,2.0,0.005,5.0,4.242640687119285,4.242640687119285,0.0343300215995981,0.0343300215995981,0.02,0.3433517010808329,0.65104907970955,-0.7223577246137817,0.8584100673531371,0.8821508024631142,-0.83466933224316,0.1369877102623368,0.0683276670631405,0.4243314408499145,1.062465913993467,0.0005084922838077796,0.040990988898515324,6.03182401641653,6.032332508700337,-0.034897932391908526,-0.034897932391908526
555,298,286,267,390,123.58397954427588,9.255285714285714,12,123,0.1021110908435617,-0.0327771393566989,0.0287284688088439,-0.0405072931977816,0.034176071821999,0.02,3.0,3.0,2.0,0.005,5.0,4.242640687119285,4.242640687119285,0.0343300215995981,0.0343300215995981,0.02,0.3433437275100279,0.653910315663357,-0.7194645943767548,0.858389456347776,0.8871179251566199,-0.829660987538932,0.1364411124431598,0.0677810692439636,0.4243210068667359,1.0623737269875304,0.0004297363457633842,0.04077349472210537,5.9998197483578055,6.000249484703569,-0.03208302399676821,-0.03208302399676821
556,298,286,267,390,123.58397954427588,9.271961904761906,12,123,0.1016115590806709,-0.0299547887513017,0.0332575414178545,-0.0370193200029397,0.0399920872723655,0.02,3.0,3.0,2.0,0.005,5.0,4.242640687119285,4.242640687119285,0.0343300215995981,0.0343300215995981,0.02,0.343336557187115,0.6567183256229282,-0.7166279031255317,0.8583703934055831,0.8916279348234376,-0.8251128519877285,0.1359415806802691,0.0672815374810728,0.4243116239782437,1.0622901751575349,0.00035891574765404443,0.04057471772432647,5.9705697131346405,5.9709286288822945,-0.029320855821274527,-0.029320855821274527
557,298,286,267,390,123.58397954427588,9.288638095238095,12,123,0.1011574977528268,-0.0272281207445059,0.0384495985744756,-0.0336495951711809,0.0466013287968114,0.02,3.0,3.0,2.0,0.005,5.0,4.242640687119285,4.242640687119285,0.0343300215995981,0.0343300215995981,0.02,0.343330242582607,0.6594323644207081,-0.71388860590972,0.8583526744229723,0.8968022729974479,-0.8199030758484966,0.135487519352425,0.0668274761532287,0.4243033608499075,1.0622154456506856,0.00029654822371095703,0.04039402583862479,5.943980902153638,5.944277450377349,-0.02665117850494525,-0.02665117850494525
558,298,286,267,390,123.58397954427588,9.305314285714283,12,123,0.1007472666494448,-0.0245998091691139,0.042651087113504,-0.0304014231314887,0.05196204156626,0.02,3.0,3.0,2.0,0.005,5.0,4.242640687119285,4.242640687119285,0.0343300215995981,0.0343300215995981,0.02,0.3433247256733858,0.6620496421776576,-0.7112492605158856,0.8583369650101109,0.900988052123615,-0.8156858778966068,0.135077288249043,0.0664172450498467,0.4242961415576966,1.0621498740492448,0.00024206024446272816,0.04023076885301589,5.919957636721288,5.920199696965751,-0.024077753411598124,-0.024077753411598124
559,298,286,267,390,123.58397954427588,9.321990476190477,12,123,0.1003787392037985,-0.0220990187280726,0.0467475367003873,-0.027310846784387,0.0571689232786918,0.02,3.0,3.0,2.0,0.005,5.0,4.242640687119285,4.242640687119285,0.0343300215995981,0.0343300215995981,0.02,0.3433199958503828,0.664540972972693,-0.7087390104288382,0.8583227594542193,0.9050702961546068,-0.811575222753832,0.1347087608033967,0.0660487176042004,0.4242899522217871,1.0620927473059718,0.00019534665149748145,0.040084102625172355,5.898375701294112,5.89857104794561,-0.02162864902014139,-0.02162864902014139
560,298,286,267,390,123.58397954427588,9.338666666666668,12,123,0.1000500095830957,-0.0197125129490525,0.0503949428051341,-0.0243615079706198,0.0617998492663171,0.02,3.0,3.0,2.0,0.005,5.0,4.242640687119285,4.242640687119285,0.0343300215995981,0.0343300215995981,0.02,0.3433159545072733,0.666919396065494,-0.7063444219635993,0.8583106227827481,0.9087055655878822,-0.8079156799776139,0.1343800311826939,0.0657199879834976,0.42428466381061,1.0620439373319537,0.00015543326670662506,0.03995327050618074,5.879123754984496,5.8792791882512025,-0.019291859694407165,-0.019291859694407165
561,298,286,267,390,123.58397954427588,9.355342857142857,12,123,0.0997589837589556,-0.017451577118625,0.0542700767230565,-0.021567353496435,0.0666927361832973,0.02,3.0,3.0,2.0,0.005,5.0,4.242640687119285,4.242640687119285,0.0343300215995981,0.0343300215995981,0.02,0.3433125513375808,0.6691735255565366,-0.7040766797937866,0.8582999903033189,0.9125700670263754,-0.8040299135802624,0.1340890053585538,0.0654289621593575,0.424280210496047,1.0620023260166591,0.00012182301757092632,0.039837440634323186,5.862079389340657,5.862201212358228,-0.017077975892974884,-0.017077975892974884
562,298,286,267,390,123.58397954427588,9.372019047619048,12,123,0.0995042566415629,-0.0152748985301178,0.0581519675252528,-0.0188773274748697,0.071578166389304,0.02,3.0,3.0,2.0,0.005,5.0,4.242640687119285,4.242640687119285,0.0343300215995981,0.0343300215995981,0.02,0.3433096661810164,0.671344433831915,-0.7018942308921508,0.858291416212315,0.9164433837375678,-0.8001394486870621,0.133834278241161,0.0651742350419648,0.4242764350402715,1.061967591604395,9.3329010042158e-05,0.039736055077149966,5.847160504602618,5.84725383361266,-0.014947378745567619,-0.014947378745567619
563,298,286,267,390,123.58397954427588,9.388695238095238,12,123,0.0992843933381472,-0.0131842643396061,0.062048855611914,-0.0162936385445221,0.0764676253892602,0.02,3.0,3.0,2.0,0.005,5.0,4.242640687119285,4.242640687119285,0.0343300215995981,0.0343300215995981,0.02,0.3433072563901123,0.6734302484406184,-0.6997987771198307,0.8582840549660148,0.9203329105779288,-0.7962351993541007,0.1336144149377453,0.0649543717385491,0.4242732816366648,1.0619383334217232,6.952993047064364e-05,0.03964854381454577,5.834283222310411,5.834352752240882,-0.012901081371778034,-0.012901081371778034
564,298,286,267,390,123.58397954427588,9.405371428571428,12,123,0.0990984849204575,-0.0111481346986941,0.0661187504345258,-0.0137773085056025,0.0815585917209293,0.02,3.0,3.0,2.0,0.005,5.0,4.242640687119285,4.242640687119285,0.0343300215995981,0.0343300215995981,0.02,0.3433052497368256,0.6754623647749571,-0.6977586341723454,0.8582782194631691,0.9243969698976948,-0.7921594690286432,0.1334285065200557,0.0647684633208594,0.4242706557697914,1.061914333121745,4.971236290409097e-05,0.03957454597614057,5.823394440389085,5.823444152751989,-0.01090859948889289,-0.01090859948889289
565,298,286,267,390,123.58397954427588,9.42204761904762,12,123,0.0989465656565852,-0.0091099501465443,0.070081277542124,-0.011258438925599,0.0865066678846856,0.02,3.0,3.0,2.0,0.005,5.0,4.242640687119285,4.242640687119285,0.0343300215995981,0.0343300215995981,0.02,0.3433035773905669,0.6774972046345896,-0.6957171049276781,0.8582740691550312,0.9283553466971552,-0.7881927916129072,0.1332765872561833,0.064616544056987,0.4242684673698043,1.0618952114109752,3.319647666900901e-05,0.03951407595495485,5.814496276771606,5.814529473248275,-0.008914679503714495,-0.008914679503714495
566,298,286,267,390,123.58397954427588,9.43872380952381,12,123,0.0988290194686171,-0.0070487434246954,0.0750918789495257,-0.0087111176321041,0.0927401298872632,0.02,3.0,3.0,2.0,0.005,5.0,4.242640687119285,4.242640687119285,0.0343300215995981,0.0343300215995981,0.02,0.3433022283841426,0.6795557133435898,-0.6936532001929806,0.8582710403285644,0.93336291927809,-0.7831791613790386,0.1331590410682153,0.064498997869019,0.4242667020856169,1.0618801806425222,1.9873913546874657e-05,0.03946728718454387,5.8076113092056305,5.807631183119177,-0.006898290129097262,-0.006898290129097262
567,299,286,267,390,123.68508398347798,9.4554,13,123,0.0987469240025709,-0.0049229148685627,0.0794465407883324,-0.0060889113896169,0.0982335455036037,0.02,3.0,3.0,2.0,0.005,5.0,4.242640687119285,4.242640687119285,0.0343019590598816,0.0343019590598816,0.02,0.3430205729998336,0.6811182311311044,-0.6909640608682299,0.8575679005484939,0.9370144413368264,-0.7781213597601614,0.1330488830624526,0.0644449649426893,0.424265355198562,1.061869625718138,9.694036321246282e-06,0.03943460910283596,5.802802729482312,5.802812423518633,-0.004818759600544453,-0.004818759600544453
568,299,286,268,390,122.6906679417795,9.47207619047619,13,122,0.0987017565898881,-0.0027084970483714,0.085385051655849,-0.0033230731198303,0.1047504896652581,0.02,3.0,3.0,2.0,0.005,5.0,4.242640687119285,4.242640687119285,0.0345799787244825,0.0345799787244825,0.02,0.3458000822268312,0.6888916674052911,-0.6943086615020339,0.8645179311123541,0.9499029827682032,-0.779132879456505,0.1332817353143706,0.0641217778654056,0.4242644522410714,1.061863143423735,2.934382504414635e-06,0.039416630111072604,5.800157120844334,5.800160055226838,-0.0026523682917947156,-0.0026523682917947156
569,300,287,268,390,122.6906679417795,9.48875238095238,13,122,0.0986955610107925,-0.0003715224471925,0.0909274082382316,-0.0004558233720142,0.1115592751610203,0.02,3.0,3.0,2.0,0.005,5.0,4.242640687119285,4.242640687119285,0.0345799787244825,0.0345799787244825,0.02,0.3457997927950311,0.6912280631428696,-0.6919711080372548,0.8645192238586029,0.9554466320968346,-0.7735918156203713,0.1332755397352751,0.06411558228631,0.4242640759281847,1.061862287446487,5.521157150716159e-08,0.039414163940392814,5.799794223828803,5.799794279040374,-0.0003657761864639397,-0.0003657761864639397
570,300,288,267,390,123.58397954427588,9.505428571428572,12,123,0.0987304317507551,0.0020910495123209,0.1014814882607219,0.0025842022015673,0.1254094579986039,0.02,3.0,3.0,2.0,0.005,5.0,4.242640687119285,4.242640687119285,0.0343300215995981,0.0343300215995981,0.02,0.3433003930958105,0.688691835703942,-0.6845097366793,0.8582730631928638,0.9597545514535856,-0.7567915749321419,0.1330604533503533,0.064400410151157,0.4242643004615047,1.0618673156617604,1.7489952251909899e-06,0.03942804433366146,5.801836723698284,5.801838472693509,0.002044193653135018,0.002044193653135018
571,300,288,267,390,123.58397954427588,9.522104761904762,12,123,0.0988087744870789,0.004697879676755,0.1057537678560804,0.0058058266587356,0.1306674397594926,0.02,3.0,3.0,2.0,0.005,5.0,4.242640687119285,4.242640687119285,0.0343300215995981,0.0343300215995981,0.02,0.3433011099040037,0.6913000994847626,-0.6819043401312525,0.8582775178549007,0.9640312857109812,-0.7525237499988202,0.133138796086677,0.0644787528874808,0.4242652384634392,1.0618788147168123,8.828029382907068e-06,0.03945922869891873,5.806425503045891,5.806434331075274,0.004595858381764906,0.004595858381764906
572,300,288,267,390,123.58397954427588,9.538780952380952,12,123,0.0989323965866986,0.0074130899257964,0.1158918326543825,0.009161391537495,0.1431558245417656,0.02,3.0,3.0,2.0,0.005,5.0,4.242640687119285,4.242640687119285,0.0343300215995981,0.0343300215995981,0.02,0.343302441799121,0.6940179735240384,-0.6791917936724456,0.8582829476341681,0.9741747802885506,-0.7423911149797856,0.1332624181862968,0.0646023749871005,0.4242669813564318,1.0618966659703428,2.1981560899177634e-05,0.03950843604464278,5.813666363969186,5.813688345530085,0.0072540144548112195,0.0072540144548112195
573,300,288,267,390,123.58397954427588,9.555457142857144,12,123,0.0991024560597822,0.0101977411043842,0.1270881263830751,0.0126027742804204,0.1569320442831542,0.02,3.0,3.0,2.0,0.005,5.0,4.242640687119285,4.242640687119285,0.0343300215995981,0.0343300215995981,0.02,0.3433044280595955,0.6968065972235752,-0.6764111150148068,0.8582893036715258,0.9853774300546008,-0.7312011772884507,0.1334324776593804,0.0647724344601841,0.4242695805389297,1.0619211378882896,4.1597569452818845e-05,0.03957612663821694,5.823627034813623,5.823668632383076,0.009980286852990794,0.009980286852990794
574,300,288,267,390,123.58397954427588,9.572133333333332,12,123,0.0993191798608437,0.0129960017769603,0.1395703358945096,0.0160609761776123,0.1722778468868039,0.02,3.0,3.0,2.0,0.005,5.0,4.242640687119285,4.242640687119285,0.0343300215995981,0.0343300215995981,0.02,0.3433070567633035,0.6996101153035673,-0.6736181117496466,0.858296151855064,0.9978664877495736,-0.7187258159605544,0.1336492014604418,0.0649891582612456,0.4242730204090046,1.0619515948507552,6.755842487470213e-05,0.03966238987507989,5.836320670118006,5.836388228542881,0.01271959615980478,0.01271959615980478
575,300,288,267,390,123.58397954427588,9.588809523809523,12,123,0.0995808688434257,0.0156923718852684,0.1538902681914694,0.0193932576607018,0.1898793913510983,0.02,3.0,3.0,2.0,0.005,5.0,4.242640687119285,4.242640687119285,0.0343300215995981,0.0343300215995981,0.02,0.3433101897923333,0.702312751469935,-0.6709280076993982,0.858301945802761,1.0121922139942303,-0.7044116776112915,0.1339108904430238,0.0652508472438275,0.4242771202272715,1.0619849720332917,9.850021415422487e-05,0.03976654825741395,5.851647576078463,5.851746076292617,0.015357847749736031,0.015357847749736031
576,300,289,267,390,123.4908903522847,9.605485714285717,11,123,0.0998838406471838,0.0181679265531717,0.1701750839746577,0.0224357342590609,0.2097431155858679,0.02,3.0,3.0,2.0,0.005,5.0,4.242640687119285,4.242640687119285,0.034355900058832,0.034355900058832,0.02,0.3435723593024229,0.7053126451580176,-0.668976792051674,0.8589531944740462,1.029128278448704,-0.6887781104993884,0.134239740706016,0.0655279405883517,0.4242815379565245,1.0620186305544674,0.00013202942209657656,0.03988713477346962,5.869391881916055,5.869523911338152,0.01777783504553465,0.01777783504553465
577,300,289,267,390,123.4908903522847,9.622161904761905,11,123,0.1002223509217667,0.0202990170366668,0.1881121555311786,0.0250674368713418,0.2317925313982101,0.02,3.0,3.0,2.0,0.005,5.0,4.242640687119285,4.242640687119285,0.034355900058832,0.034355900058832,0.02,0.3435756769706577,0.7074503709779822,-0.6668523369046486,0.8589557153620266,1.0470678708932053,-0.670843559830848,0.1345782509805988,0.0658664508629346,0.4242858764785205,1.0620495324240935,0.00016482003706195565,0.0400218617081751,5.889216950357966,5.889381770395028,0.019857859056876315,0.019857859056876315
578,300,289,267,390,123.4908903522847,9.638838095238096,11,123,0.1005880104025125,0.0219270391081146,0.2084218751424127,0.0270778958225044,0.2567882912216271,0.02,3.0,3.0,2.0,0.005,5.0,4.242640687119285,4.242640687119285,0.034355900058832,0.034355900058832,0.02,0.3435784591193572,0.7090839573468292,-0.6652298791305998,0.8589557905776387,1.0673776657200515,-0.650533915435226,0.1349439104613446,0.0662321103436804,0.4242895146985471,1.0620729321239588,0.00019231801761951487,0.04016738886153077,5.910631270974253,5.910823588991873,0.021441818596844797,0.021441818596844797
579,300,289,267,390,123.4908903522847,9.655514285714286,11,123,0.1009696552778021,0.0228856150230791,0.2308910502335041,0.0282616497545966,0.2844826284408943,0.02,3.0,3.0,2.0,0.005,5.0,4.242640687119285,4.242640687119285,0.034355900058832,0.034355900058832,0.02,0.3435801975759508,0.7100460101749807,-0.6642747801288226,0.8589538369221092,1.0898448871556132,-0.6280627866886052,0.1353255553366342,0.06661375521897,0.4242917880799601,1.0620850864305853,0.00020950054999383357,0.04031927224107335,5.932980910273944,5.933190410823938,0.022366821832065398,0.022366821832065398
580,300,289,267,390,123.4908903522847,9.672190476190476,11,123,0.1013534254261835,0.0230130585836939,0.2558457174189713,0.0284190309422965,0.3152921455449111,0.02,3.0,3.0,2.0,0.005,5.0,4.242640687119285,4.242640687119285,0.034355900058832,0.034355900058832,0.02,0.3435804343060367,0.7101739271957673,-0.6641478100283794,0.8589511448555511,1.1147968622745223,-0.6031054274365799,0.1357093254850156,0.0669975253673514,0.4242920976520759,1.0620837494316977,0.00021184034615061108,0.0404719954946846,5.95545413704284,5.95566597738899,0.022475566565051786,0.022475566565051786
581,301,289,267,390,123.58397954427588,9.688866666666666,12,123,0.1017226701226728,0.0221420292012414,0.2836336981573695,0.0273640008387498,0.3499199170058422,0.02,3.0,3.0,2.0,0.005,5.0,4.242640687119285,4.242640687119285,0.0343300215995981,0.0343300215995981,0.02,0.3433200729166239,0.7087821750344893,-0.6644981166320064,0.8583029446226326,1.141936642780002,-0.5746692464652631,0.1360526917222709,0.0673926485230747,0.4242900530689105,1.0620689354552328,0.00019610778285945074,0.04061893264564348,5.977075938806438,5.977272046589298,0.021606069200307942,0.021606069200307942
582,301,289,267,390,123.58397954427588,9.705542857142856,12,123,0.1020587179747279,0.0201513560627002,0.3133185623360488,0.0249038477544217,0.3867097016823712,0.02,3.0,3.0,2.0,0.005,5.0,4.242640687119285,4.242640687119285,0.0343300215995981,0.0343300215995981,0.02,0.343316663036874,0.7067846821364483,-0.6664819700110478,0.8583060857668979,1.1716246481029469,-0.5449875234308491,0.136388739574326,0.0677286963751298,0.4242855909768586,1.0620442682662865,0.0001624308604662897,0.04075265463877454,5.996753130095674,5.99691556095614,0.019643514366841863,0.019643514366841863
583,301,289,267,389,122.58874336577564,9.722219047619047,12,122,0.1023406046305498,0.0169035401834932,0.346282450097174,0.0207218374952732,0.4241530316575676,0.02,3.0,3.0,2.0,0.005,5.0,4.242640687119285,4.242640687119285,0.0346087297302677,0.0346087297302677,0.02,0.3460987768873866,0.7091010939582665,-0.6752940135912802,0.8652850385527963,1.2115674886499703,-0.5190025884556222,0.1369493343608176,0.067731874900282,0.4242789832009248,1.06201668860712,0.00011429186829398777,0.04086482096478499,6.013258404968112,6.013372696836406,0.016457135880266094,0.016457135880266094
584,301,289,267,389,122.58874336577564,9.738895238095235,12,122,0.1025458913943154,0.0123101714422551,0.381783581726162,0.0150908844772331,0.4678379238398211,0.02,3.0,3.0,2.0,0.005,5.0,4.242640687119285,4.242640687119285,0.0346087297302677,0.0346087297302677,0.02,0.3460933856920842,0.7044969428264235,-0.6798765999419133,0.8653096651495735,1.2470932468757356,-0.4835260834234114,0.1371546211245831,0.0679371616640476,0.4242719788638561,1.062001350309122,6.061612837508522e-05,0.04094650516556701,6.025278235113186,6.025338851241561,0.011966154405155471,0.011966154405155471
585,301,289,267,389,122.58874336577564,9.755571428571429,12,122,0.1026517412482625,0.006347364171588,0.4204248176137429,0.0077811539747992,0.5153441108925884,0.02,3.0,3.0,2.0,0.005,5.0,4.242640687119285,4.242640687119285,0.0346087297302677,0.0346087297302677,0.02,0.3460889159933182,0.6985251961582246,-0.6858304678150484,0.8653506978531061,1.285775515466849,-0.4449258802393632,0.1372604709785303,0.0680430115179948,0.4242661717465706,1.062013880752692,1.611561277070361e-05,0.040988622456480606,6.031475794471121,6.031491910083892,0.006153058842330417,0.006153058842330417
586,303,290,267,389,122.6906679417795,9.77224761904762,13,122,0.1026356099630588,-0.0009673243554505,0.4615571894181068,-0.0011868167128657,0.5662864505936678,0.02,3.0,3.0,2.0,0.005,5.0,4.242640687119285,4.242640687119285,0.0345799787244825,0.0345799787244825,0.02,0.3457998248704048,0.6906323253853591,-0.6925669740962602,0.8646929496526868,1.3262501390707937,-0.40313576023458,0.1372155886875413,0.0680556312385763,0.424264117631884,1.0620754667817187,3.7428656345909013e-07,0.04098220390352059,6.0305313044030555,6.030531678689619,-0.0009602313942727037,-0.0009602313942727037
587,304,290,267,389,122.80065146407,9.78892380952381,14,122,0.102476252090736,-0.0095560117612205,0.5053327555955001,-0.0117348446967619,0.6204397776186724,0.02,3.0,3.0,2.0,0.005,5.0,4.242640687119285,4.242640687119285,0.0345490079778659,0.0345490079778659,0.02,0.3454937549632573,0.6814314981652941,-0.7005435216877353,0.8640012307209312,1.369333986316431,-0.3586684751254311,0.1370252600686019,0.0679272441128701,0.4242688509059648,1.0622075714958,3.652694431223381e-05,0.0409187956772163,6.021200783902379,6.021237310846691,-0.009294367842928253,-0.009294367842928253
588,305,290,267,389,122.9186723000212,9.8056,15,122,0.1021553089172367,-0.0192455929282855,0.5525085622288693,-0.0236564273037153,0.6786809070656378,0.02,3.0,3.0,2.0,0.005,5.0,4.242640687119285,4.242640687119285,0.0345158356149812,0.0345158356149812,0.02,0.3451732771697465,0.6711009614112075,-0.7095921472677785,0.8632731290533713,1.4157816912822407,-0.3107645668245019,0.136671144532218,0.0676394733022554,0.4242835006633392,1.062426736450682,0.00014815713886450916,0.040791089782305175,6.002408861466207,6.002557018605072,-0.018680292241619156,-0.018680292241619156
589,306,290,267,389,123.0447073221762,9.82227619047619,16,122,0.1016579930671101,-0.0298219099162118,0.6014350337543781,-0.0366942817742858,0.7389396834505932,0.02,3.0,3.0,2.0,0.005,5.0,4.242640687119285,4.242640687119285,0.0344804809524272,0.0344804809524272,0.02,0.3448406718711537,0.6598594338260956,-0.7195032536585192,0.8625070559768547,1.463942089731233,-0.2610720222224766,0.1361384740195374,0.0671775121146829,0.4243108154127966,1.062747831268804,0.00035573852442026077,0.04059319547228952,5.973288713747403,5.973644452271823,-0.02891256633324879,-0.02891256633324879
590,306,290,267,389,123.0447073221762,9.838952380952382,16,122,0.1009745254772942,-0.0409846355971828,0.653141529778408,-0.0504294249176141,0.8015892521118024,0.02,3.0,3.0,2.0,0.005,5.0,4.242640687119285,4.242640687119285,0.0344804809524272,0.0344804809524272,0.02,0.3448725408983772,0.6487604461995716,-0.7307297173939374,0.86263287349809,1.515774403276498,-0.209491343719682,0.1354550064297215,0.0664940445248669,0.424352356564638,1.0631702575520978,0.0006718961420135456,0.04032121039861419,5.933266110156079,5.933938006298092,-0.03970644597373063,-0.03970644597373063
591,306,290,267,389,123.0447073221762,9.855628571428571,16,122,0.1001013010801711,-0.0523635418035021,0.7073178625784164,-0.0644305667556446,0.8669433811713523,0.02,3.0,3.0,2.0,0.005,5.0,4.242640687119285,4.242640687119285,0.0344804809524272,0.0344804809524272,0.02,0.3449153646270967,0.6374671874506913,-0.7421942710576958,0.8627575277210543,1.5700753902994706,-0.1554396651426378,0.1345817820325984,0.0656208201277438,0.424408176768099,1.0636833168428494,0.0010967762040828449,0.03997368445245298,5.882127667178456,5.883224443382539,-0.05071356291555329,-0.05071356291555329
592,306,291,267,389,122.9186723000212,9.87230476190476,15,122,0.0990419787865914,-0.0635230387355131,0.7627105552758593,-0.0780816758183209,0.9325537027196646,0.02,3.0,3.0,2.0,0.005,5.0,4.242640687119285,4.242640687119285,0.0345158356149812,0.0345158356149812,0.02,0.345320875697095,0.6271187126586769,-0.7541647901297032,0.8637528638302167,1.6264634191060758,-0.1010423085543573,0.1335578144015727,0.0645261431716101,0.4244757185727275,1.0642573610423616,0.0016140705800773993,0.03955205435243702,5.8200847979611074,5.821698868541185,-0.06152557484135368,-0.06152557484135368
593,306,291,267,389,122.9186723000212,9.888980952380953,15,122,0.0978084963131773,-0.0739666817295611,0.8208286296329399,-0.0909188631263588,1.002226686791187,0.02,3.0,3.0,2.0,0.005,5.0,4.242640687119285,4.242640687119285,0.0345158356149812,0.0345158356149812,0.02,0.345378688863779,0.6167906959979969,-0.7647240594571191,0.863841378669466,1.684670008302406,-0.043012749036526,0.1323243319281585,0.063292660698196,0.4245510074643229,1.0648525303677312,0.0021884280024328756,0.03906104934453509,5.7478334110483384,5.750021839050771,-0.07167702949041388,-0.07167702949041388
594,306,291,267,389,122.9186723000212,9.905657142857144,15,122,0.0964216318494568,-0.0831643453401682,0.879263600126321,-0.1022245091191393,1.0722777089140278,0.02,3.0,3.0,2.0,0.005,5.0,4.242640687119285,4.242640687119285,0.0345158356149812,0.0345158356149812,0.02,0.3454368685072775,0.6077093916743868,-0.7740380823547233,0.8638982403182971,1.743161840444618,0.0153653598080238,0.1309374674644381,0.0619057962344755,0.4246267728551318,1.0654120920826913,0.002766523334343503,0.038508917544770704,5.666587216713009,5.669353740047352,-0.08066809900341898,-0.08066809900341898
595,306,292,267,388,121.80722474467596,9.922333333333333,14,121,0.0949115300987928,-0.0905543596914589,0.9401139361109656,-0.1103017524254776,1.1351383904509682,0.02,3.0,3.0,2.0,0.005,5.0,4.242640687119285,4.242640687119285,0.0348307803253248,0.0348307803253248,0.02,0.3486350047497235,0.6067156498079881,-0.787824369190906,0.8717832975034279,1.8118972336143933,0.0683306386075377,0.1297423104241177,0.0600807497734679,0.4246867601666633,1.0658500087160765,0.0032800368236520472,0.037907638913007025,5.578109066048984,5.5813891028726355,-0.08796463717471692,-0.08796463717471692
596,306,292,267,388,121.80722474467596,9.939009523809524,14,121,0.09331825795611,-0.0955417332848013,1.001417814034028,-0.1163767337871768,1.2086804125135988,0.02,3.0,3.0,2.0,0.005,5.0,4.242640687119285,4.242640687119285,0.0348307803253248,0.0348307803253248,0.02,0.3486720198398041,0.601802306394807,-0.7928857729644097,0.871769218724659,1.873187032758687,0.129648595309369,0.1281490382814349,0.0584874776307851,0.4247345761694218,1.0661476113036323,0.003651289119625644,0.03727315055795945,5.484744104603733,5.4883953937233585,-0.09299370914927696,-0.09299370914927696
597,306,293,267,388,121.6963434126104,9.955685714285714,13,121,0.0916923243251016,-0.0975003034014183,1.0632706701034682,-0.1186543040557271,1.282392695449363,0.02,3.0,3.0,2.0,0.005,5.0,4.242640687119285,4.242640687119285,0.0348625157350426,0.0348625157350426,0.02,0.3490041065014194,0.6005079096014204,-0.7955085164042571,0.8725240052276346,1.9357946753311028,0.1907466648758335,0.1265548400601443,0.056829808590059,0.4247532128712475,1.066227919050421,0.003802523665347449,0.036625557890355646,5.389450843565833,5.393253367231181,-0.0951420264921774,-0.0951420264921774
598,306,293,266,388,122.6906679417795,9.972361904761904,13,122,0.0900936473759932,-0.0958658364685245,1.1255055098453912,-0.1176184350912068,1.3696146380867038,0.02,3.0,3.0,2.0,0.005,5.0,4.242640687119285,4.242640687119285,0.0345799787244825,0.0345799787244825,0.02,0.3461691344665602,0.5964724324645959,-0.788204105401645,0.8654324827054758,1.990937992550867,0.2600730271399154,0.1246736261004758,0.0555136686515107,0.4247442705931176,1.066096037417526,0.003676103440723954,0.03598872686552988,5.2957411582627225,5.2994172617034465,-0.09383610552773458,-0.09383610552773458
599,306,294,266,388,122.58874336577564,9.989038095238095,12,122,0.0885914290708166,-0.0900816230973958,1.1866676101113651,-0.1104299297585918,1.444773203853019,0.02,3.0,3.0,2.0,0.005,5.0,4.242640687119285,4.242640687119285,0.0346087297302677,0.0346087297302677,0.02,0.3464131685399861,0.6027447139825763,-0.7829079601773681,0.8661536398866959,2.052821249998061,0.3205139702246692,0.1232001588010843,0.0539826993405488,0.4246874351652813,1.065733270908046,0.00324587952794451,0.035390236173041704,5.207673252863087,5.210919132391031,-0.08849812931241541,-0.08849812931241541
600,305,294,266,388,122.494897852931,10.005714285714284,11,122,0.0872631044894634,-0.0796539583335847,1.2476141391053546,-0.0975720348965408,1.5204916664936563,0.02,3.0,3.0,2.0,0.005,5.0,4.242640687119285,4.242640687119285,0.0346352440916605,0.0346352440916605,0.02,0.3466070656351845,0.6135601729367842,-0.7728680896039538,0.8669097204317888,2.1145238595371434,0.3807044186735657,0.1218983485811238,0.0526278603978028,0.4245946502654258,1.065246170019366,0.0025379012312833796,0.034860958966214814,5.12979011187851,5.1323280131097935,-0.07859111928123763,-0.07859111928123763
601,304,295,266,388,122.3315167894194,10.022390476190475,9,122,0.086193520956091,-0.0641383615100465,1.3066798836761913,-0.078461430479121,1.5934489336906406,0.02,3.0,3.0,2.0,0.005,5.0,4.242640687119285,4.242640687119285,0.0346815015334317,0.0346815015334317,0.02,0.3469799068459573,0.6298214521818682,-0.7580981752019612,0.8683165807311433,2.1749964644073345,0.438363302945048,0.1208750224895228,0.0515120194226592,0.4244778972580845,1.0647940274726078,0.0016454917668773657,0.03443473360359625,5.067071049769188,5.068716541536066,-0.06361147157372748,-0.06361147157372748
602,305,296,266,388,122.3315167894194,10.039066666666669,9,122,0.0854734275908511,-0.0431809270988971,1.3643164352668256,-0.0528238830838142,1.6667080048247225,0.02,3.0,3.0,2.0,0.005,5.0,4.242640687119285,4.242640687119285,0.0346815015334317,0.0346815015334317,0.02,0.346889763911836,0.650598600724775,-0.7369604549225692,0.8688056542026065,2.233122089469432,0.4955107810642191,0.1201549291242829,0.0507919260574194,0.4243610021695007,1.064629560490159,0.0007458369860481065,0.03414775665349128,5.024842391561243,5.02558822854729,-0.04312831298877562,-0.04312831298877562
603,305,297,266,388,122.2620137246234,10.055742857142857,8,122,0.0851978894154033,-0.016522848898934,1.419638600187401,-0.0202011677885134,1.7353449593582202,0.02,3.0,3.0,2.0,0.005,5.0,4.242640687119285,4.242640687119285,0.0347012171472587,0.0347012171472587,0.02,0.3470231105830464,0.6775233722671588,-0.7105690700650269,0.8701138302402186,2.28975243042762,0.5495247699471825,0.119899106562662,0.0504966722681445,0.4242782474098687,1.0650853402513325,0.00010920181429480182,0.034037942443609706,5.0086832305771685,5.008792432391464,-0.016795796155826714,-0.016795796155826714
604,304,297,266,388,122.20065466273084,10.072419047619048,7,122,0.0854641760299036,0.0159680722573019,1.4723113968955155,0.0195130888354408,1.79886257926783,0.02,3.0,3.0,2.0,0.005,5.0,4.242640687119285,4.242640687119285,0.0347186412284681,0.0347186412284681,0.02,0.3471966240204749,0.7103613202982518,-0.678425175783648,0.8717839314044357,2.344095328299951,0.6005274654910798,0.1201828172583718,0.0507455348014355,0.4242772987372203,1.066584446776921,0.00010199173264576584,0.034144069537261575,5.024299832408041,5.024401824140687,0.015609391749223711,0.015609391749223711
605,305,297,265,388,123.25988804148736,10.089095238095238,8,123,0.0863699960369151,0.0543181614712784,1.5219091334944566,0.0669525050156921,1.8722667570600884,0.02,3.0,3.0,2.0,0.005,5.0,4.242640687119285,4.242640687119285,0.0344202867172106,0.0344202867172106,0.02,0.344322036410697,0.7429622342926724,-0.6343259113501155,0.8661278561099153,2.388036989604372,0.6557812773845413,0.1207902827541258,0.0519497093197044,0.4244196463684352,1.069752505989809,0.0011801850662479497,0.03450506104357697,5.077419732562352,5.0785999176286,0.054198093487912935,0.054198093487912935
606,304,298,265,389,124.14507642270796,10.105771428571428,6,124,0.0880115011974207,0.0984340615951456,1.5686739625498012,0.1222010409932689,1.9354027448344493,0.02,3.0,3.0,2.0,0.005,5.0,4.242640687119285,4.242640687119285,0.0341748606499165,0.0341748606499165,0.02,0.3421426076409047,0.7827192768769551,-0.585851153686664,0.8624375941447051,2.431111556694506,0.7062363684050961,0.1221863618473373,0.0538366405475042,0.4247817151684747,1.0750975647437169,0.0038757057928467684,0.03515916879623504,5.173671688365986,5.177547394158833,0.09894747653023295,0.09894747653023295
607,303,298,265,389,124.10076550932313,10.12244761904762,5,124,0.0904805838037921,0.1480603504677163,1.6105566769830086,0.1837440283462227,1.9715079598641383,0.02,3.0,3.0,2.0,0.005,5.0,4.242640687119285,4.242640687119285,0.0341870629863323,0.0341870629863323,0.02,0.3427610894702806,0.8335825294082776,-0.5374618284728448,0.86583750280479,2.476394179787799,0.7447191741782186,0.1246676467901244,0.0562935208174598,0.4254335511514951,1.083023497916137,0.008768746952249192,0.03614287102128174,5.3184234707816085,5.327192217733858,0.1496448235750245,0.1496448235750245
608,302,299,265,389,124.03628501370072,10.13912380952381,3,124,0.0938635999147168,0.2028650437733378,1.6483877035791898,0.251626263887866,1.9935526971041468,0.02,3.0,3.0,2.0,0.005,5.0,4.242640687119285,4.242640687119285,0.0342048351952064,0.0342048351952064,0.02,0.3437172600754882,0.8902995639243143,-0.4845694763776387,0.8701476501222509,2.5185353537014405,0.7782400534569389,0.1280684351099233,0.0596587647195104,0.4264547663449261,1.0942151701836926,0.016461690394063307,0.03749033267724368,5.516702453456408,5.533164143850471,0.20597192611661352,0.20597192611661352
609,302,300,265,389,124.01612798341996,10.1558,2,124,0.0982387608318081,0.2623597351768118,1.6813615438897744,0.3253683849538366,1.999795920822953,0.02,3.0,3.0,2.0,0.005,5.0,4.242640687119285,4.242640687119285,0.0342103946971033,0.0342103946971033,0.02,0.3448902924673355,0.9521403201114828,-0.4274208497578591,0.8749604710478313,2.5563220149376056,0.8064010728419432,0.1324491555289115,0.0640283661347047,0.427920700901187,1.1091866117348212,0.027533052256818742,0.03923232896186585,5.77303720673856,5.8005702589953785,0.2674061151449072,0.2674061151449072
610,302,302,265,390,125.0,10.172476190476193,0,125,0.1036751752807326,0.3259985820313938,1.7086916881037868,0.4074982275392422,2.0030207657716343,0.02,3.0,3.0,2.0,0.005,5.0,4.242640687119285,4.242640687119285,0.0339411254969542,0.0339411254969542,0.02,0.3437374873446995,1.0134735567207929,-0.3614763926580052,0.8739470916302242,2.582638779734011,0.8347445964735626,0.1376163007776868,0.0697340497837783,0.4299809231357425,1.1288901081227118,0.042510030194591764,0.04139581956293922,6.091394848686507,6.133904878881099,0.33333461988572033,0.33333461988572033
611,303,304,265,390,125.00399993600205,10.18915238095238,1,125,0.1102303216469987,0.3930841624546226,1.730831035752994,0.4913709261832105,1.9704578978516964,0.02,3.0,3.0,2.0,0.005,5.0,4.242640687119285,4.242640687119285,0.0339400394330691,0.0339400394330691,0.02,0.3456727094523752,1.0844295813593732,-0.2982612564501279,0.880305689664348,2.611136725417342,0.8505253460886459,0.1441703610800679,0.0762902822139295,0.432551466681268,1.1527441861087036,0.061806063509060864,0.044002891011565425,6.475025412351853,6.536831475860914,0.4029265969798148,0.4029265969798148
612,305,306,264,391,127.00393694685216,10.20582857142857,1,127,0.117949115087381,0.4628631132154023,1.7470738454524597,0.5878543764583265,1.9467564582885872,0.02,3.0,3.0,2.0,0.005,5.0,4.242640687119285,4.242640687119285,0.0334055840244914,0.0334055840244914,0.02,0.3428575237897875,1.1485781607949774,-0.2228519343641727,0.8747156094573683,2.621789454909828,0.8723582359950912,0.1513546991118724,0.0845435310628895,0.4360571326166018,1.1828527292522042,0.08569690463018176,0.047070328280601266,6.926398806490477,7.012095711120659,0.47526423525974515,0.47526423525974515
613,306,309,264,391,127.03542812932147,10.222504761904762,3,127,0.1268632707460373,0.5345438858702727,1.75741301112703,0.6790601139544125,1.8695497106329209,0.02,3.0,3.0,2.0,0.005,5.0,4.242640687119285,4.242640687119285,0.0333973030169213,0.0333973030169213,0.02,0.3456648694777673,1.2258736248258073,-0.1567858530852619,0.8825472195564139,2.639960230683444,0.8748657915706162,0.1602605737629586,0.0934659677291159,0.439929480812563,1.2164947635982617,0.11429486636851646,0.05060929951268134,7.447158423291059,7.561453289659576,0.5493575785389169,0.5493575785389169
614,306,313,264,392,128.191263352851,10.239180952380952,7,128,0.1369903582499633,0.6072782341018134,1.761255054132016,0.7784776403619986,1.7850225780309898,0.02,3.0,3.0,2.0,0.005,5.0,4.242640687119285,4.242640687119285,0.0330961765736036,0.0330961765736036,0.02,0.346109058694413,1.2994963514906397,-0.0849398832870127,0.8841725154169565,2.6454275695489726,0.8770825387150595,0.170086534823567,0.1038941816763597,0.4447193576365483,1.25600780552776,0.14751474144552676,0.054624916701283104,8.038056492593808,8.185571234039335,0.6241179443797593,0.6241179443797593
615,306,316,264,392,128.39003076563228,10.255857142857144,10,128,0.1483341948337491,0.6802414856067525,1.7584550461960895,0.8733622526511035,1.663583738594726,0.02,3.0,3.0,2.0,0.005,5.0,4.242640687119285,4.242640687119285,0.0330449386281708,0.0330449386281708,0.02,0.349378104262304,1.3789976941313604,-0.0185147229178556,0.892288825885761,2.6507438720818506,0.8661662203103287,0.1813791334619199,0.1152892562055782,0.4498542715911908,1.2989796809550316,0.1850913914961927,0.05911633037083641,8.698968014068578,8.88405940556477,0.698488171525435,0.698488171525435
616,306,317,264,393,129.46814279968643,10.272533333333334,11,129,0.1608845529584253,0.7525914352318998,1.7494362941859185,0.9743661540642456,1.531663057217571,0.02,3.0,3.0,2.0,0.005,5.0,4.242640687119285,4.242640687119285,0.0327697655606562,0.0327697655606562,0.02,0.3509086809923625,1.4544087972166249,0.0507740732471746,0.8957239307068928,2.645160224892811,0.8537123634790257,0.1936543185190816,0.1281147873977691,0.455870661993948,1.3472084264548847,0.22655754735376435,0.06407655959461399,9.42886574434745,9.655423291701213,0.7713638861364434,0.7713638861364434
617,306,319,264,393,129.65338406690356,10.289209523809523,13,129,0.1746178797714849,0.8235290207717365,1.733457135945173,1.0677332442035896,1.3681765250577302,0.02,3.0,3.0,2.0,0.005,5.0,4.242640687119285,4.242640687119285,0.032722946012192,0.032722946012192,0.02,0.3548796219947176,1.533288264761172,0.1137697767823012,0.9047502664732106,2.6382074024183835,0.8287068694719624,0.207340825783677,0.1418949337592929,0.4619522455040036,1.3974379996075232,0.2712800192213021,0.06949273638456265,10.225856158988394,10.497136178209697,0.8417128865084837,0.8417128865084837
618,306,321,265,393,128.87590930814028,10.305885714285717,15,128,0.1894981089890277,0.8923038651294761,1.7109549362534602,1.149964719977294,1.1788907675508833,0.02,3.0,3.0,2.0,0.005,5.0,4.242640687119285,4.242640687119285,0.0329203550135595,0.0329203550135595,0.02,0.3612715039669485,1.6148468730633732,0.1697608571955791,0.9193988484159508,2.6303537846694107,0.7915560878375095,0.2224184640025872,0.1565777539754681,0.4677246691797548,1.4480477554248583,0.318482475090001,0.07534640484503351,11.08722347294668,11.405705948036681,0.9085697698269843,0.9085697698269843
619,306,323,265,393,129.1239714383042,10.322561904761905,17,128,0.2054779559315258,0.9582432489791824,1.6818207096027713,1.2373217391213578,0.9859784893827452,0.02,3.0,3.0,2.0,0.005,5.0,4.242640687119285,4.242640687119285,0.0328571111921416,0.0328571111921416,0.02,0.3653690277238108,1.6889813044268045,0.2275051935315607,0.9281787569021988,2.60999946650497,0.7536419527005724,0.2383350671236675,0.1726208447393842,0.4742056507574951,1.502134194345509,0.36729204968567186,0.08161403385608278,12.009505081922581,12.376797131608253,0.9710911835715716,0.9710911835715716
620,306,326,265,393,129.55307792561317,10.339238095238096,20,128,0.222500311996699,1.020758073582558,1.6459627842045113,1.3224235025003994,0.7825209815744556,0.02,3.0,3.0,2.0,0.005,5.0,4.242640687119285,4.242640687119285,0.0327482816699679,0.0327482816699679,0.02,0.3690813674984278,1.7589208085794137,0.2825953385857025,0.9358457375874653,2.5818085217919764,0.710117046617046,0.2552485936666669,0.189752030326731,0.4808724235435014,1.5573536993796342,0.4167788179135901,0.0882675946004734,12.988576545459662,13.405355363373252,1.0285582317649986,1.0285582317649986
621,306,328,266,394,129.87686476043376,10.355914285714286,22,128,0.2404999923876473,1.079364044003224,1.604152414663493,1.4018441797028158,0.5703226592773238,0.02,3.0,3.0,2.0,0.005,5.0,4.242640687119285,4.242640687119285,0.0326666392428328,0.0326666392428328,0.02,0.3729742368579469,1.8253125177191176,0.33341557028733,0.9438764522195022,2.548028866882995,0.6602759624439907,0.2731666316304802,0.2078333531448144,0.4874042942428534,1.612070294802189,0.4660106957947975,0.09527530331529405,14.01976088284552,14.485771578640316,1.0804162152670642,1.0804162152670642
622,305,334,267,394,130.26895255585654,10.372590476190476,29,127,0.2594047970526291,1.1336404853359028,1.5554224707463962,1.4767815859962092,0.3520931665758875,0.02,3.0,3.0,2.0,0.005,5.0,4.242640687119285,4.242640687119285,0.0325683181132521,0.0325683181132521,0.02,0.3765749572325682,1.8867903998010391,0.3804905708707664,0.9511658323422442,2.50658830308864,0.604256638404152,0.2919731151658812,0.226836478939377,0.493824070985554,1.6657962066008054,0.5140562999970486,0.10260212329012136,15.09790244214136,15.611958742138409,1.1261871634980931,1.1261871634980931
623,304,338,268,394,130.50670480860362,10.389266666666666,34,126,0.279138122198882,1.1833233240186347,1.5013477738086582,1.544316277408356,0.1319340365960681,0.02,3.0,3.0,2.0,0.005,5.0,4.242640687119285,4.242640687119285,0.0325089863646575,0.0325089863646575,0.02,0.3802944011927112,1.943912126404057,0.4227345216332123,0.9588150761424784,2.4601628499511365,0.5425326976661797,0.3116471085635396,0.2466291358342244,0.4998239141612337,1.7169617141197506,0.5601016356666044,0.11021089347026028,16.2175329741488,16.777634609815404,1.1656758676769954,1.1656758676769954
624,304,342,268,394,131.60547101089682,10.405942857142858,38,126,0.2996200024745437,1.2282109816929374,1.441052753603855,1.61639284746455,-0.0887671820900253,0.02,3.0,3.0,2.0,0.005,5.0,4.242640687119285,4.242640687119285,0.0322375707828134,0.0322375707828134,0.02,0.3819382659021541,1.9920875134972456,0.4643344498886291,0.9614173806541764,2.4024701342580315,0.4796353729496788,0.3318575732573571,0.2673824316917303,0.5063891197668001,1.7686075988575298,0.6034008862204517,0.11806286393277986,17.372950427708556,17.97635131392901,1.198716704113604,1.198716704113604
625,303,345,268,394,132.81566172707193,10.422619047619047,42,126,0.3207691617070572,1.268224854034266,1.375312350700324,1.6844012320728026,-0.3095693072838845,0.02,3.0,3.0,2.0,0.005,5.0,4.242640687119285,4.242640687119285,0.0319438282499969,0.0319438282499969,0.02,0.3831050899567267,2.0344350339477195,0.5020146741208126,0.9629726759184932,2.3382850266188173,0.4123396747818306,0.3527129899570542,0.2888253334570602,0.512759594014682,1.8176766237634492,0.6433577121560943,0.1261186332113536,18.558356877050684,19.20171458920678,1.225363275277772,1.225363275277772
626,303,348,268,394,133.79461872586654,10.439295238095236,45,126,0.3425041239981828,1.3033529643452408,1.3044897179334531,1.743816129297994,-0.527470876966389,0.02,3.0,3.0,2.0,0.005,5.0,4.242640687119285,4.242640687119285,0.0317100996102996,0.0317100996102996,0.02,0.3844397225953341,2.0722324095359093,0.5344735191545725,0.9651032472072532,2.2695929651407063,0.3393864707262,0.3742142236084824,0.3107940243878832,0.5184714874683345,1.862134621328306,0.6794915798670108,0.13433872746728023,19.767943746810285,20.447435326677297,1.245720737470517,1.245720737470517
627,303,349,268,394,134.13426109685773,10.455971428571427,46,126,0.3647446788242913,1.333671191742568,1.2288748833254557,1.78890999850555,-0.7374754850736198,0.02,3.0,3.0,2.0,0.005,5.0,4.242640687119285,4.242640687119285,0.0316298062286688,0.0316298062286688,0.02,0.3866635386270962,2.1069982689967603,0.5603441144883755,0.969625852507502,2.1985007358329574,0.2592490308179538,0.3963744850529602,0.3331148725956225,0.5229175230875873,1.8994451418842453,0.7114715390736168,0.14268431250719132,20.995996585433204,21.70746812450682,1.260032797829524,1.260032797829524
628,303,352,269,394,134.2609399639374,10.47264761904762,49,125,0.3874133175907313,1.3593415593808005,1.148977388884861,1.825064754945107,-0.9382585276681016,0.02,3.0,3.0,2.0,0.005,5.0,4.242640687119285,4.242640687119285,0.031599962641844,0.031599962641844,0.02,0.3888990643456582,2.137139688072117,0.5815434306894841,0.9743634140543072,2.1233408029391683,0.1746139748305537,0.4190132802325753,0.3558133549488873,0.5265446060777452,1.931043933116669,0.7391237900239307,0.15111787995610232,22.236996035540457,22.97611982556439,1.2686517010575677,1.2686517010575677
629,302,354,269,394,135.38463723776047,10.489323809523809,52,125,0.4104356206644814,1.38054929911143,1.0651138193299716,1.869051660490454,-1.1383174794240127,0.02,3.0,3.0,2.0,0.005,5.0,4.242640687119285,4.242640687119285,0.0313376818351141,0.0313376818351141,0.02,0.3888543096866034,2.1582579184846367,0.6028406797382231,0.9735805128054608,2.0386943321354325,0.0915333065245109,0.4417733024995956,0.3790979388293673,0.5309551175847522,1.9628343251969609,0.7623665469108245,0.15960352277316436,23.485658376071136,24.248024922981962,1.271905097417573,1.271905097417573
630,302,356,269,391,133.41664064126334,10.506,54,122,0.4337411543092319,1.3975334281545544,0.9776502688229682,1.8645421516824905,-1.301411839295615,0.02,3.0,3.0,2.0,0.005,5.0,4.242640687119285,4.242640687119285,0.0317999364001908,0.0317999364001908,0.02,0.3942567505475046,2.186046929249564,0.6090199270595451,0.9865560234713956,1.964206292294364,-0.0089057546484273,0.4655410907094227,0.4019412179090411,0.5306251738601149,1.9739549612105736,0.7812398731237686,0.1681073833281712,24.737001456740394,25.518241329864164,1.2702164068822022,1.2702164068822022
631,302,360,269,391,135.08515832614626,10.52267619047619,58,122,0.4572641520559977,1.4105738226216498,0.8871814856471951,1.905475881595629,-1.4893638836889342,0.02,3.0,3.0,2.0,0.005,5.0,4.242640687119285,4.242640687119285,0.031407156342638,0.031407156342638,0.02,0.392395322669022,2.1953644679596938,0.6257831772836058,0.9815298681789546,1.8687113538261495,-0.0943483825317594,0.4886713083986357,0.4258569957133597,0.5347393891800687,1.9991833416013232,0.7958874036261815,0.17659799407841234,25.986394828638378,26.78228223226456,1.2640409024003958,1.2640409024003958
632,302,364,269,389,135.07035203922436,10.539352380952382,62,120,0.4809432053626102,1.4199318087916295,0.7944762768374839,1.91790689285178,-1.6501950994684509,0.02,3.0,3.0,2.0,0.005,5.0,4.242640687119285,4.242640687119285,0.0314105991660347,0.0314105991660347,0.02,0.393360306267257,2.206652421326144,0.6332111962571157,0.9836790077682472,1.778155284605731,-0.1892027309307632,0.5123538045286451,0.4495326061965755,0.5360356142117711,2.0110900125836704,0.8064825366473076,0.18504623535098097,27.22955353189685,28.03603606854416,1.2537538362796,1.2537538362796
633,303,370,269,386,134.82581355215328,10.556028571428572,67,117,0.5047221582307904,1.4259223593141093,0.6984544632323323,1.9225114215673065,-1.7996551097052582,0.02,3.0,3.0,2.0,0.005,5.0,4.242640687119285,4.242640687119285,0.0314675697134076,0.0314675697134076,0.02,0.3944168534907327,2.2147560662955748,0.6370886523326439,0.9861558605676022,1.6846103237999346,-0.2877013973352699,0.5361897279441981,0.4732545885173827,0.5365338433457725,2.017477561777693,0.8133018299167665,0.1934257046514943,28.46259243946739,29.275894269384157,1.239858200839997,1.239858200839997
634,304,376,269,386,137.37903770226373,10.57270476190476,72,117,0.5285489712985793,1.428792331306793,0.6013801545922913,1.962861155513012,-1.9783506971057057,0.02,3.0,3.0,2.0,0.005,5.0,4.242640687119285,4.242640687119285,0.0308827369741386,0.0308827369741386,0.02,0.3900590293764758,2.208910390059745,0.6486742725538412,0.9751739688940032,1.5765541234862948,-0.373793814301712,0.5594317082727179,0.4976662343244406,0.5406004552182432,2.035195953974396,0.8165790104004402,0.20171234064996388,29.681970926642187,30.498549937042625,1.2226556676584686,1.2226556676584686
635,304,378,269,384,136.75159962501354,10.589380952380951,74,115,0.5523765105453459,1.4288358771618064,0.5026147740429672,1.953955918034864,-2.104548574625442,0.02,3.0,3.0,2.0,0.005,5.0,4.242640687119285,4.242640687119285,0.0310244318805266,0.0310244318805266,0.02,0.3911862727736802,2.211208422709167,0.6464633316144459,0.9779656879934672,1.4805804620364342,-0.4753509139504999,0.5834009424258725,0.5213520786648193,0.539702845640022,2.0317688203134385,0.8166287855458997,0.20988471380960116,30.884535637082813,31.70116442262871,1.2026144855860856,1.2026144855860856
636,304,377,269,381,133.6899397860587,10.606057142857145,73,112,0.5761616687831574,1.4262944688576689,0.4032845899303995,1.9068122165877035,-2.180524792224868,0.02,3.0,3.0,2.0,0.005,5.0,4.242640687119285,4.242640687119285,0.0317349285511587,0.0317349285511587,0.02,0.3965903985908995,2.219475266039468,0.6331136716758698,0.9914963534056016,1.3947809433360012,-0.5882117634752021,0.6078965973343162,0.5444267402319987,0.5349760586659765,2.0117225290519936,0.8137263647575921,0.21792371480786385,32.06747463397717,32.88120099873476,1.1800365761060512,1.1800365761060512
637,303,378,269,376,130.66751700403586,10.622733333333333,75,107,0.5998650752820904,1.421392165841418,0.3034525394640708,1.8572978499948685,-2.2434347150134224,0.02,3.0,3.0,2.0,0.005,5.0,4.242640687119285,4.242640687119285,0.0324689776341907,0.0324689776341907,0.02,0.4020057198925459,2.22540360562651,0.6173807260563263,1.0050890240458406,1.3085415635099114,-0.7016364845817697,0.6323340529162812,0.5673960976478997,0.5300767971330702,1.9892796220219755,0.808142275646143,0.22581244403231326,33.2283011393549,34.03644341500104,1.155242416266276,1.155242416266276
638,303,380,269,373,129.40247292845683,10.639409523809524,77,104,0.6234509061155032,1.4143416547733725,0.2038055966094483,1.8301930769340016,-2.3247888230063847,0.02,3.0,3.0,2.0,0.005,5.0,4.242640687119285,4.242640687119285,0.032786395739631,0.032786395739631,0.02,0.4038860187847639,2.222113692342901,0.6065696172038446,1.009868883432793,1.2136744800422412,-0.8060632868233446,0.6562373018551343,0.5906645103758722,0.5274010840123567,1.973782619159119,0.8001449265708327,0.23353612536299231,34.364840847164324,35.164985773735154,1.1285423587341157,1.1285423587341157
639,303,381,269,369,126.82271089990152,10.656085714285714,78,100,0.6468858138074165,1.405291437836085,0.1047444313103715,1.7822286975079271,-2.3717110015691496,0.02,3.0,3.0,2.0,0.005,5.0,4.242640687119285,4.242640687119285,0.0334533196539846,0.0334533196539846,0.02,0.4084506695306262,2.2221927768973373,0.5883900987748325,1.0213773049987112,1.1261217363090827,-0.9166328736883396,0.6803391334614011,0.6134324941534319,0.5227519656036328,1.949374497834796,0.7899376101021646,0.2410817287904212,35.47517639151048,36.265114001612645,1.1001282278774909,1.1001282278774909
640,303,383,269,369,128.06248474865697,10.672761904761904,80,100,0.6701390502569451,1.3943973884640746,0.0064568165574173,1.7856999429374767,-2.481706577293373,0.02,3.0,3.0,2.0,0.005,5.0,4.242640687119285,4.242640687119285,0.0331294578224539,0.0331294578224539,0.02,0.4047559735182967,2.203909335500668,0.5848854414274812,1.012256385539454,1.0187132020968712,-1.0057995689820367,0.703268508079399,0.6370095924344912,0.5230084063132532,1.9423050522411425,0.7777376307821726,0.24843798865474978,36.557650030546434,37.3353876613286,1.0702736597159586,1.0702736597159586
641,303,384,269,367,127.1416532848303,10.689438095238096,81,98,0.6931815345894058,1.3817594831000612,-0.0908853825369793,1.7567918512333431,-2.543016978226342,0.02,3.0,3.0,2.0,0.005,5.0,4.242640687119285,4.242640687119285,0.0333694000157027,0.0333694000157027,0.02,0.405521015684721,2.192801514469503,0.5707174517306193,1.014294739011908,0.9234093564749286,-1.1051801215488872,0.7265509346051084,0.6598121345737031,0.5201943859613088,1.9224181451334128,0.7637037076547796,0.25559508095698336,37.6108161628201,38.37451987047488,1.039132209146274,1.039132209146274
642,302,385,269,365,126.90547663517128,10.706114285714284,83,96,0.7159856834187428,1.367467519749133,-0.1864076306487387,1.7353911737687924,-2.609652556347259,0.02,3.0,3.0,2.0,0.005,5.0,4.242640687119285,4.242640687119285,0.0334315019304963,0.0334315019304963,0.02,0.4046843863011437,2.17683629235142,0.5580987471468457,1.0123416935883034,0.8259340629395646,-1.1987493242370422,0.7494171853492392,0.6825541814882464,0.5180980812749963,1.9041582886347448,0.7479869670275384,0.262544552389766,38.633430884154066,39.3814178511816,1.006897980706725,1.006897980706725
643,302,389,268,362,128.08200498118384,10.722790476190475,87,94,0.7385248504027067,1.3515776889297786,-0.2806395339245612,1.7311278028596089,-2.699202456851503,0.02,3.0,3.0,2.0,0.005,5.0,4.242640687119285,4.242640687119285,0.033124408754708,0.033124408754708,0.02,0.4006545274522659,2.1528867438343102,0.5502686340252467,1.0024237411502503,0.7217842072256891,-1.2830632750748117,0.7716492591574147,0.7054004416479986,0.517596957343968,1.890819414011858,0.7307048996851047,0.2692791307114903,39.624424084195795,40.3551289838809,0.9737111326993002,0.9737111326993002
644,302,392,268,360,128.70120434556935,10.739466666666669,90,92,0.7607735062447352,1.3341569751071298,-0.3723909991081635,1.717076094823294,-2.770120749424914,0.02,3.0,3.0,2.0,0.005,5.0,4.242640687119285,4.242640687119285,0.0329650426248349,0.0329650426248349,0.02,0.3977055093953582,2.1295679938978465,0.5387459563164134,0.9952171668582942,0.6228261677501307,-1.3676081659664576,0.7937385488695701,0.7278084636199003,0.5161803775070442,1.8730861520639763,0.7119899336908028,0.27579276165616673,40.582904877704934,41.294894811395736,0.9397658275148331,0.9397658275148331
645,301,394,267,357,129.41792766073794,10.756142857142857,93,90,0.7827064159812649,1.315223028175873,-0.4615012523669522,1.7021343871820185,-2.83595170001348,0.02,3.0,3.0,2.0,0.005,5.0,4.242640687119285,4.242640687119285,0.0327824804786021,0.0327824804786021,0.02,0.3944291515393722,2.1040813312546174,0.5263647250971285,0.9872083427855562,0.5257070904186041,-1.4487095951525084,0.815488896459867,0.7499239355026628,0.5146805001186344,1.854125915507161,0.6919246455376454,0.282080347585107,41.5081231471485,42.20004779268615,0.9051529812904135,0.9051529812904135
646,299,396,267,354,130.29965464267354,10.772819047619048,97,87,0.8042987482199995,1.294800048581939,-0.548249343133624,1.687119991615436,-2.8988500477910657,0.02,3.0,3.0,2.0,0.005,5.0,4.242640687119285,4.242640687119285,0.0325606441456354,0.0325606441456354,0.02,0.3906948116735873,2.076189671929113,0.5134104252347644,0.9780705942190284,0.4298212510854043,-1.5263199373526524,0.8368593923656349,0.771738104074364,0.5131740401972124,1.8342744453979327,0.6706028663231169,0.28813776812637876,42.39947257979664,43.07007544611975,0.8700276534336027,0.8700276534336027
647,297,396,266,353,131.79529581893277,10.789495238095238,99,87,0.8255261465590094,1.2729165194723713,-0.6317115849810986,1.6776440923666749,-2.9680670311170805,0.02,3.0,3.0,2.0,0.005,5.0,4.242640687119285,4.242640687119285,0.0321911389989825,0.0321911389989825,0.02,0.3855997757124365,2.0441160708972443,0.5017169680474983,0.9655506067646412,0.3338390217835425,-1.5972621917457397,0.8577172855579919,0.7933350075600268,0.5121722708562746,1.815433402050426,0.6481265862182624,0.2939618803880632,43.2564906991035,43.90461728532176,0.8345418392020107,0.8345418392020107
648,297,400,266,352,134.18271125595876,10.806171428571428,103,86,0.8463642853663144,1.249574285989211,-0.7123863474533776,1.6767126560976116,-3.051076335682483,0.02,3.0,3.0,2.0,0.005,5.0,4.242640687119285,4.242640687119285,0.0316183854641771,0.0316183854641771,0.02,0.3786753660213191,2.006925018031849,0.4922235539465727,0.9484852815653046,0.236098934111927,-1.6608716290186822,0.8779826708304915,0.8147458999021372,0.5119436945147516,1.7985596739652885,0.6245743584821787,0.299550373872106,44.0788375152804,44.703411873762576,0.7987945884408134,0.7987945884408134
649,297,398,266,350,131.36590120727678,10.82284761904762,101,84,0.8667893539401821,1.2248042263026633,-0.7891742896730385,1.6089751099073073,-3.007385432355374,0.02,3.0,3.0,2.0,0.005,5.0,4.242640687119285,4.242640687119285,0.0322963619031166,0.0322963619031166,0.02,0.3821306606939943,1.989065547690652,0.4605429049146746,0.9573315703666356,0.168157280693597,-1.746505860039674,0.8990857158432988,0.8344929920370654,0.5057110907913739,1.7595972828478197,0.6000581571075463,0.30490187653057543,44.86631113147418,45.466369288581724,0.762957414819148,0.762957414819148
650,296,401,266,347,132.61221663180206,10.83952380952381,105,81,0.8867775549417661,1.1986071417283863,-0.8630493801844032,1.5894994993530982,-3.049694365387884,0.02,3.0,3.0,2.0,0.005,5.0,4.242640687119285,4.242640687119285,0.0319928344075491,0.0319928344075491,0.02,0.3772359517210136,1.9530790451704132,0.4441352382863591,0.9453612091121928,0.0823118289277895,-1.808410589296596,0.9187703893493152,0.854784720534217,0.5038379434983418,1.73560757780157,0.574663632080917,0.3100157883001306,45.61882324836422,46.19348688044514,0.7271175918634185,0.7271175918634185
651,296,403,266,345,133.00375934536586,10.8562,107,79,0.9063060321762572,1.1710394686588503,-0.9329923815242293,1.5575265167342682,-3.064839966411651,0.02,3.0,3.0,2.0,0.005,5.0,4.242640687119285,4.242640687119285,0.0318986523990091,0.0318986523990091,0.02,0.3740167707430842,1.9190730101450184,0.4230059271726819,0.9375784013735652,0.0045860198493361,-1.8705707828977944,0.9382046845752664,0.8744073797772481,0.5008903765685012,1.707325821021972,0.5485333748627211,0.31489248050202323,46.33642850587272,46.88496188073544,0.6914750002902963,0.6914750002902963
652,295,403,265,342,132.6386067478093,10.872876190476193,108,77,0.92535229516722,1.1421231376646162,-0.9995487392721034,1.5148962171427107,-3.055985542295101,0.02,3.0,3.0,2.0,0.005,5.0,4.242640687119285,4.242640687119285,0.0319864690314937,0.0319864690314937,0.02,0.3722760178984983,1.8866751734616127,0.3975711018676195,0.9334933974744116,-0.0660553417976919,-1.933042136746515,0.957338764198714,0.8933658261357262,0.4970729358099065,1.6756410383189904,0.5217781046355472,0.31953309482145076,47.01929490297648,47.54107300761203,0.6561111268765885,0.6561111268765885
653,295,403,265,339,130.91982279242512,10.88955238095238,108,74,0.9438955788362546,1.1119616135059458,-1.0623939242448994,1.4557781739217754,-3.0096536901597104,0.02,3.0,3.0,2.0,0.005,5.0,4.242640687119285,4.242640687119285,0.0324064041382491,0.0324064041382491,0.02,0.3733668970867413,1.8586954076794284,0.3652278193324632,0.9364579454644352,-0.1259359787804643,-1.9988518697093345,0.9763019829745038,0.9114891746980056,0.4919630210298814,1.6393103732438197,0.4945834519642986,0.32393981311481185,47.66774349984456,48.16232695180886,0.6212539441968303,0.6212539441968303
654,295,404,264,338,131.7459676802292,10.90622857142857,109,74,0.9619160037944812,1.080608007203809,-1.1212934292434211,1.4236574759206988,-3.015674546887042,0.02,3.0,3.0,2.0,0.005,5.0,4.242640687119285,4.242640687119285,0.0322031919596729,0.0322031919596729,0.02,0.3690232090352339,1.818654425274277,0.342561589133341,0.9258819357604786,-0.1954114934829425,-2.0471753650039,0.9941191957541542,0.9297128118348084,0.4891662931282219,1.610734383879709,0.46708546609319496,0.3281155721774525,48.28220644591214,48.74929191200533,0.5869649601964753,0.5869649601964753
655,294,404,264,335,130.92364186807515,10.922904761904762,110,71,0.9793954877268932,1.0481700816123014,-1.1761820922619337,1.3723024438184004,-2.978306794723341,0.02,3.0,3.0,2.0,0.005,5.0,4.242640687119285,4.242640687119285,0.032405458835268,0.032405458835268,0.02,0.3681909994646397,1.7845520805415809,0.311788082683022,0.9240428531169782,-0.2521392391449555,-2.100224945378912,1.0118009465621614,0.9469900288916252,0.4848896295837855,1.5771118821446857,0.4394642079948555,0.3320641967200506,48.86324654735545,49.302710755350304,0.5534188433449714,0.5534188433449714
656,293,406,264,333,132.4009063413087,10.939580952380952,113,69,0.9963182602556716,1.0147864737417462,-1.2278453905854902,1.3435864886630788,-2.989131820602632,0.02,3.0,3.0,2.0,0.005,5.0,4.242640687119285,4.242640687119285,0.0320438945952713,0.0320438945952713,0.02,0.3623798298600011,1.7395461334617486,0.2900268140217439,0.9097857109088188,-0.3180596796766713,-2.137631101494309,1.028362154850943,0.9642743656604004,0.4824696190413207,1.549747690139143,0.4119166349156832,0.33579041347122773,49.41155934229116,49.82347597720685,0.5207652218565428,0.5207652218565428
657,292,407,264,331,133.09395177843356,10.956257142857142,115,67,1.0126706864170747,0.9805852352640648,-1.274938683093096,1.305099640168794,-2.9766277137784845,0.02,3.0,3.0,2.0,0.005,5.0,4.242640687119285,4.242640687119285,0.0318770359616503,0.0318770359616503,0.02,0.3582662784947094,1.6971177922534837,0.2640526782746462,0.8997376389115326,-0.3752010441815634,-2.174676322004629,1.044547722378725,0.9807936504554244,0.4793447931169043,1.5201961500658705,0.38461896144715263,0.33929970243744806,49.92795121367048,50.312570175117635,0.4890941979107879,0.4890941979107879
658,292,410,264,329,134.71822445385777,10.972933333333334,118,65,1.0284414123081806,0.9457031516653406,-1.3186172858599796,1.2740344945277204,-2.9812762316574397,0.02,3.0,3.0,2.0,0.005,5.0,4.242640687119285,4.242640687119285,0.0314927004443443,0.0314927004443443,0.02,0.3522081737282093,1.6501194991217591,0.2412868042089219,0.8848282227258466,-0.433789063134133,-2.203445508585826,1.059934112752525,0.9969487118638364,0.4768388782243469,1.4929303726166745,0.35774178042790333,0.34259822316996985,50.41332853946106,50.77107031988896,0.45850014477132817,0.45850014477132817
659,292,410,266,328,133.29666162361306,10.989609523809523,118,62,1.0436218563309143,0.9103064662405016,-1.3587049681969503,1.2134081300424708,-2.9156816308871654,0.02,3.0,3.0,2.0,0.005,5.0,4.242640687119285,4.242640687119285,0.0318285592110261,0.0318285592110261,0.02,0.3526333878374472,1.615573241915396,0.2050396905656072,0.8860136552163729,-0.4726913129805776,-2.2447186234133234,1.0754504155419409,1.0117932971198884,0.4722470420699689,1.459341358545177,0.3314631449917078,0.3456928095371082,50.86869692338547,51.20016006837718,0.42908974848821657,0.42908974848821657
660,292,413,265,326,135.50645741070792,11.006285714285712,121,61,1.0582061330165211,0.8745568543626129,-1.3949966311887532,1.1850810113893009,-2.926731237408089,0.02,3.0,3.0,2.0,0.005,5.0,4.242640687119285,4.242640687119285,0.0313095092897323,0.0313095092897323,0.02,0.3453963662817217,1.5653495869260563,0.1837641217991694,0.8681038409589782,-0.526892790229775,-2.2631004721477312,1.0895156423062538,1.026896623726789,0.470072659347598,1.4340322122867089,0.30593987660505145,0.3485908430907723,51.29514256080715,51.6010824374122,0.40092236903502254,0.40092236903502254
661,293,412,267,323,131.51805959639154,11.022961904761903,119,56,1.072191224865373,0.8386262959048174,-1.4277036191471146,1.1029450316391085,-2.8026468031598686,0.02,3.0,3.0,2.0,0.005,5.0,4.242640687119285,4.242640687119285,0.0322589969783563,0.0322589969783563,0.02,0.3516000113865789,1.5418263186779753,0.1354262731316595,0.8835778581926562,-0.5441257609544584,-2.311281477339771,1.1044502218437295,1.039932227887017,0.4643147542801529,1.3980111410107066,0.28131762567321383,0.35130018306334254,51.693821937770856,51.97513956344407,0.3740571260318646,0.3740571260318646
662,293,415,265,322,134.65882815471105,11.039638095238097,122,57,1.0855768434589408,0.8026784422183669,-1.456724729775768,1.0808773841417425,-2.829205425487887,0.02,3.0,3.0,2.0,0.005,5.0,4.242640687119285,4.242640687119285,0.0315065914746032,0.0315065914746032,0.02,0.3423214996870643,1.4873214415924956,0.1180354428442382,0.8605095050777447,-0.5962152246980232,-2.3172342348535127,1.117083434933544,1.0540702519843377,0.4627099474747382,1.375801087650134,0.2577170726408417,0.35382904113386937,52.06594340284888,52.323660475489724,0.3485209120456574,0.3485209120456574
663,292,416,264,321,136.4734406395618,11.056314285714286,124,57,1.09836497536319,0.7668497144181647,-1.4820568720242429,1.0465461898011232,-2.8251576522609616,0.02,3.0,3.0,2.0,0.005,5.0,4.242640687119285,4.242640687119285,0.0310876656090503,0.0310876656090503,0.02,0.3361516429560635,1.439153000330292,0.0945464285060376,0.8451391335079163,-0.6369177385163266,-2.327196005532159,1.1294526409722403,1.0672773097541397,0.460357236680761,1.351982800270136,0.23522339380128837,0.35618581132946026,52.41274213713008,52.64796553093137,0.32430505544164845,0.32430505544164845
664,292,418,263,321,138.70832707519762,11.072990476190476,126,58,1.1105604856102156,0.7313127218376624,-1.504391563325204,1.014391642149115,-2.828553882978248,0.02,3.0,3.0,2.0,0.005,5.0,4.242640687119285,4.242640687119285,0.0305867771357319,0.0305867771357319,0.02,0.3292842853426572,1.3898812925229769,0.072744151152348,0.8279908605145168,-0.6764007028106873,-2.3323824238397206,1.1411472627459476,1.0799737084744836,0.4582060543101297,1.3295941339343231,0.21392731884864408,0.35837910854372623,52.73548582220932,52.94941314105797,0.30144761012659416,0.30144761012659416
665,292,419,263,320,139.20488497175666,11.089666666666666,127,57,1.1221700745294272,0.6961775194273353,-1.5233982847368015,0.9691131151180508,-2.7953195944569607,0.02,3.0,3.0,2.0,0.005,5.0,4.242640687119285,4.242640687119285,0.0304776710097499,0.0304776710097499,0.02,0.3261396917045874,1.34845690283651,0.0438981360181603,0.8200669978482629,-0.7033312868885386,-2.3434652825850644,1.152647745539177,1.0916924035196771,0.4553348452838807,1.305864139730045,0.19386525542239916,0.36041751417111734,53.035437210279916,53.22930246570232,0.27988932464435123,0.27988932464435123
666,292,418,263,319,137.88400922514546,11.106342857142858,126,56,1.1332019928211932,0.6615370763194447,-1.539723363854641,0.9121538433400608,-2.7264558917357813,0.02,3.0,3.0,2.0,0.005,5.0,4.242640687119285,4.242640687119285,0.0307696353693316,0.0307696353693316,0.02,0.3268751568959967,1.315287390111438,0.0077867625274512,0.8217638365677722,-0.7179595272868688,-2.361487200422413,1.1639716281905248,1.1024323574518615,0.4519206729860726,1.2813941432945144,0.17505252133811156,0.36230948493228715,53.313840707786056,53.488893229124166,0.2595907634218477,0.2595907634218477
667,293,418,262,317,136.56500283747664,11.123019047619048,125,55,1.1436658053923168,0.6274701998675161,-1.5530041880317125,0.8569046962533936,-2.658542374477169,0.02,3.0,3.0,2.0,0.005,5.0,4.242640687119285,4.242640687119285,0.0310668223847098,0.0310668223847098,0.02,0.3278168431619574,1.283103886191431,-0.0281634864563988,0.8239555310052478,-0.7290486570264647,-2.37695971903696,1.1747326277770267,1.1125989830076068,0.4487810583028841,1.2586859491963789,0.15748754068871226,0.36406328308457137,53.571912105894675,53.72939964658339,0.24050641745922263,0.24050641745922263
668,293,420,262,315,137.6154061142865,11.139695238095236,127,53,1.1535720252014503,0.5940337406962846,-1.563420340953955,0.8174819447150795,-2.63711910904792,0.02,3.0,3.0,2.0,0.005,5.0,4.242640687119285,4.242640687119285,0.0308296927423653,0.0308296927423653,0.02,0.3238214238582018,1.241676588412688,-0.053609107020119,0.8138577553520281,-0.749562585601927,-2.377278096305983,1.184401717943816,1.122742332459085,0.4466168983666626,1.239834109936622,0.1411504340342483,0.3656868965813631,53.81082683194759,53.95197726598184,0.2225776193984501,0.2225776193984501
669,292,421,261,313,139.08630414242805,11.156371428571427,129,52,1.1629313372549948,0.5612380157750297,-1.5715287355967962,0.7806052135837861,-2.623886558053221,0.02,3.0,3.0,2.0,0.005,5.0,4.242640687119285,4.242640687119285,0.0305036553618874,0.0305036553618874,0.02,0.3190720471229694,1.1993821100209685,-0.076906078470909,0.8018826707674922,-0.769646064829304,-2.3734114063642884,1.193434992616882,1.1324276818931074,0.4446718522339188,1.2225204174436477,0.12599524414043703,0.3671879068054339,54.0317004864196,54.157695730560036,0.2057184645781973,0.2057184645781973
670,292,421,261,312,138.7155362603627,11.17304761904762,129,51,1.1717547732872395,0.5291038168963675,-1.5769219483870394,0.7339491969818438,-2.575771058643559,0.02,3.0,3.0,2.0,0.005,5.0,4.242640687119285,4.242640687119285,0.0305851875103308,0.0305851875103308,0.02,0.318324789869908,1.1657533966361835,-0.1075457628434484,0.7998565441037477,-0.7770654042832916,-2.376778492490787,1.2023399607975704,1.1411695857769086,0.4423577238934257,1.204942397536103,0.11198033962172196,0.3685735230150545,54.235593911665276,54.347574251287,0.18987852072696398,0.18987852072696398
671,292,421,261,310,137.99275343292487,11.189723809523809,129,49,1.180053209875366,0.4976218399505447,-1.5798610798282369,0.6866820786313392,-2.5218018038997148,0.02,3.0,3.0,2.0,0.005,5.0,4.242640687119285,4.242640687119285,0.0307453875770479,0.0307453875770479,0.02,0.3184561048355092,1.1345340496215632,-0.1392903697204737,0.8000211152659589,-0.779839964562278,-2.379882195094196,1.2107985974524138,1.1493078222983182,0.4401501574500094,1.188500222493786,0.09905099823830622,0.36985051202461,54.423502844421364,54.52255384265967,0.1749795913726686,0.1749795913726686
672,292,420,260,309,137.05838172107534,11.2064,128,49,1.1878373909969269,0.4667841335030471,-1.5811382996450678,0.6397667795100203,-2.465715548083277,0.02,3.0,3.0,2.0,0.005,5.0,4.242640687119285,4.242640687119285,0.0309549889167186,0.0309549889167186,0.02,0.3191872200711427,1.1051585736453329,-0.1715903066392383,0.8016835628681922,-0.7794547367768756,-2.38282186251326,1.2187923799136455,1.1568824020802082,0.4380949702800972,1.173288024987263,0.08715497091607621,0.3710252167826526,54.59636064956733,54.683515620483405,0.16096177782373644,0.16096177782373644
673,292,421,260,307,137.2953021774598,11.22307619047619,129,47,1.1951170436303842,0.4365297124574795,-1.580274197949629,0.599334787812893,-2.431269677897099,0.02,3.0,3.0,2.0,0.005,5.0,4.242640687119285,4.242640687119285,0.0309015721574762,0.0309015721574762,0.02,0.3174744878360331,1.071478688129546,-0.1984192632145867,0.7972820251468189,-0.7829921728028102,-2.377556223096448,1.2260186157878603,1.1642154714729078,0.4364236938218091,1.1599709218718668,0.07622327594328392,0.3721034417955192,54.75502146021065,54.831244736153934,0.14772911567052915,0.14772911567052915
674,291,421,260,308,138.57849761056005,11.23975238095238,130,48,1.2019016176368087,0.4068419592659058,-1.578348710489033,0.563795474800059,-2.4166275856442576,0.02,3.0,3.0,2.0,0.005,5.0,4.242640687119285,4.242640687119285,0.0306154328432839,0.0306154328432839,0.02,0.3135817553095652,1.0340054698850365,-0.2203215513532246,0.7874598400577004,-0.7908888704313326,-2.365808550546733,1.2325170504800926,1.1712861847935248,0.4350327430222549,1.148195916733344,0.06620815192772839,0.3730905865011145,54.900279803639,54.96648795556673,0.13524321941279283,0.13524321941279283
675,291,421,260,307,138.23530663329106,11.256428571428572,130,47,1.2082003153599494,0.3777060313704921,-1.5741398477764847,0.5221230906374342,-2.373226085862206,0.02,3.0,3.0,2.0,0.005,5.0,4.242640687119285,4.242640687119285,0.0306914404897593,0.0306914404897593,0.02,0.3133110455033362,1.0043281223771643,-0.2489160596361803,0.7866571423145552,-0.7874827054619296,-2.36079699009104,1.2388917558497088,1.17750887487019,0.4335180290404736,1.1366899096825012,0.05706473845345887,0.37399166525434663,55.03287354217711,55.08993828063057,0.12345032506384257,0.12345032506384257
676,291,421,260,307,138.23530663329106,11.273104761904762,130,47,1.21402203498702,0.3491036898015101,-1.5688402969747284,0.4825845560652507,-2.337163244273253,0.02,3.0,3.0,2.0,0.005,5.0,4.242640687119285,4.242640687119285,0.0306914404897593,0.0306914404897593,0.02,0.312387089802485,0.97387786940648,-0.2756704898034599,0.7842344508280612,-0.7846058461466672,-2.35307474780279,1.2447134754767797,1.1833305944972607,0.4321818898239815,1.126345785984069,0.0487493544932116,0.3748113145991919,55.153484943271096,55.202234297764306,0.11229601713373683,0.11229601713373683
677,291,421,260,306,137.8985134075056,11.289780952380951,130,46,1.21937551929838,0.3210256154727613,-1.5621417557881163,0.4426895513942331,-2.296284944249413,0.02,3.0,3.0,2.0,0.005,5.0,4.242640687119285,4.242640687119285,0.0307663990153527,0.0307663990153527,0.02,0.3122869037670125,0.9455994230067865,-0.3035481920612636,0.7838665723610032,-0.7782751834271131,-2.34600832814912,1.2501419183137328,1.1886091202830271,0.430938035096965,1.1168616889805223,0.04122297831586609,0.3755538292332318,55.26274597167006,55.30396894998592,0.10173465222161582,0.10173465222161582
678,292,421,263,306,135.9779393872403,11.306457142857145,129,43,1.224269320402987,0.2934603746337286,-1.554180877294552,0.3990413703450198,-2.2304459613314718,0.02,3.0,3.0,2.0,0.005,5.0,4.242640687119285,4.242640687119285,0.0312009485232528,0.0312009485232528,0.02,0.3158240772965432,0.9251085292268152,-0.3381877799593579,0.7925618678639812,-0.7616190094305708,-2.346742745158533,1.25547026892624,1.193068371879734,0.4297016651832921,1.1079207633096038,0.034447596592067344,0.3762231708575583,55.3612395916897,55.39568718828177,0.09171823829584724,0.09171823829584724
679,293,421,264,305,134.40610105199838,11.323133333333333,128,41,1.2287128847833404,0.2664615990503515,-1.5461296350318734,0.3581406460843861,-2.173523288896405,0.02,3.0,3.0,2.0,0.005,5.0,4.242640687119285,4.242640687119285,0.0315658340946733,0.0315658340946733,0.02,0.318770630155099,0.9040028593605496,-0.3710796612598465,0.7997798467878537,-0.7463497882440197,-2.345909481819727,1.2602787188780138,1.197147050688667,0.4286542738311433,1.1000718564566918,0.02840071350738812,0.3768231275566584,55.44952321996229,55.477923933469675,0.08223674518790602,0.08223674518790602
680,293,421,265,304,133.80956617521784,11.339809523809524,128,39,1.232716162314473,0.2400594750250486,-1.5367119177262083,0.321222542093523,-2.1333800652934927,0.02,3.0,3.0,2.0,0.005,5.0,4.242640687119285,4.242640687119285,0.0317065573739603,0.0317065573739603,0.02,0.319582854906127,0.8792251848373027,-0.3991062347872054,0.8016789932034755,-0.735032924522733,-2.338390910929684,1.264422719688433,1.2010096049405123,0.4278008509082934,1.0933384855758956,0.023051420619720778,0.3773572672450831,55.52812187511398,55.551173295733705,0.07324936226402912,0.07324936226402912
681,294,421,266,304,132.5631924781536,11.356485714285714,127,38,1.236289875755577,0.2143003491239061,-1.5272088587123611,0.2840833842904788,-2.085395987352031,0.02,3.0,3.0,2.0,0.005,5.0,4.242640687119285,4.242640687119285,0.0320046659091924,0.0320046659091924,0.02,0.3220357228194035,0.8583717947627132,-0.4297710965149008,0.8076607399575588,-0.7195481187548025,-2.33486959866992,1.2682945416647695,1.2042852098463843,0.4270352849580445,1.087332837412112,0.018369855853851223,0.3778289833133707,55.59753489456251,55.615904750416355,0.06473145468265074,0.06473145468265074
682,293,421,264,303,133.80956617521784,11.373161904761904,128,39,1.239445609838746,0.1892359101843237,-1.517340238261718,0.2532157504653685,-2.0782639032323424,0.02,3.0,3.0,2.0,0.005,5.0,4.242640687119285,4.242640687119285,0.0317065573739603,0.0317065573739603,0.02,0.3186321449747203,0.8265002001337645,-0.4480283797651168,0.799041104662908,-0.71829913359881,-2.3163813429246263,1.2711521672127062,1.2077390524647855,0.4264652661333582,1.082457103491375,0.014324091881315773,0.3782415161006553,55.65823909421143,55.672563186092745,0.05665843567638973,0.05665843567638973
683,292,421,263,303,135.05924625881784,11.389838095238096,129,40,1.2421955910152591,0.1649046393683014,-1.5070845111741598,0.2227189629766497,-2.072184371545356,0.02,3.0,3.0,2.0,0.005,5.0,4.242640687119285,4.242640687119285,0.0314131820267158,0.0314131820267158,0.02,0.3153332208180358,0.7955710810043731,-0.4657618022677702,0.7906763358471925,-0.7164081753269672,-2.2977608470213524,1.2736087730419752,1.2107824089885435,0.4259664782474328,1.078239442412576,0.01087741603407582,0.3785979356195297,55.7106862264138,55.721563642447876,0.04900045635513095,0.04900045635513095
684,292,421,262,302,135.05924625881784,11.406514285714286,129,40,1.2445530246171632,0.1413652359793928,-1.4967133390743006,0.1909268221857671,-2.0484401696820216,0.02,3.0,3.0,2.0,0.005,5.0,4.242640687119285,4.242640687119285,0.0314131820267158,0.0314131820267158,0.02,0.3150151580846497,0.7713955521486922,-0.4886650801899066,0.7897335521198059,-0.7069797869544947,-2.2864468911941067,1.275966206643879,1.2131398425904474,0.4255158077641414,1.0745336777042789,0.007993651977403766,0.37890119870758937,55.75531138982178,55.76330504179918,0.04174139935130228,0.04174139935130228
685,292,421,261,302,135.35878250043476,11.423190476190475,129,41,1.2465321225772945,0.1186780615726976,-1.4862813071100045,0.1606411792399199,-2.030876865596596,0.02,3.0,3.0,2.0,0.005,5.0,4.242640687119285,4.242640687119285,0.0313436676124481,0.0313436676124481,0.02,0.3140608743755619,0.7467998103238215,-0.5094436871784261,0.7871981195040035,-0.699083187606001,-2.273479426614008,1.2778757901897426,1.2151884549648464,0.4251503881766065,1.07147588159018,0.005633792919461202,0.3791541663698623,55.79253558132524,55.7981693742447,0.03486433244552245,0.03486433244552245
686,291,421,261,302,136.31214179228496,11.439866666666669,130,41,1.2481473162339456,0.096856272957358,-1.47632932622283,0.1320268601283564,-2.025203754084244,0.02,3.0,3.0,2.0,0.005,5.0,4.242640687119285,4.242640687119285,0.0311244518011044,0.0311244518011044,0.02,0.3116633360643754,0.7201829450861089,-0.5264703991713929,0.7810658803245585,-0.6952634458982714,-2.2573952065473883,1.27927176803505,1.2170228644328411,0.424862569973447,1.069033376090237,0.003752455044476097,0.3793595193613377,55.82275327402085,55.826505729065325,0.02833635482062391,0.02833635482062391
687,291,421,260,302,136.61625086350452,11.456542857142855,130,42,1.249413270825712,0.0759138961367803,-1.4657409534395032,0.1037107187864841,-2.0103134226942627,0.02,3.0,3.0,2.0,0.005,5.0,4.242640687119285,4.242640687119285,0.0310551684759536,0.0310551684759536,0.02,0.3108096089406313,0.697533114018043,-0.5457053217444823,0.7787858986778846,-0.6869550547616186,-2.244526852117388,1.2804684393016657,1.2183581023497585,0.4246333997939987,1.0670715770024464,0.0023051678506663476,0.3795197788769489,55.84633546174303,55.848640629593696,0.022134900528371304,0.022134900528371304
688,291,421,260,302,136.61625086350452,11.473219047619049,130,42,1.2503447270246233,0.0558554545320801,-1.4560201719974908,0.0763076278844973,-1.9934223680390757,0.02,3.0,3.0,2.0,0.005,5.0,4.242640687119285,4.242640687119285,0.0310551684759536,0.0310551684759536,0.02,0.3106913419650373,0.6772381384621549,-0.5655272293979945,0.7783454047354432,-0.6776747672620476,-2.234365576732934,1.281399895500577,1.2192895585486696,0.4244640508115028,1.065576687152188,0.0012479327203941074,0.37963730524244366,55.863629466425586,55.86487739914598,0.016236769552286034,0.016236769552286034
689,291,421,260,301,136.31214179228496,11.489895238095238,130,41,1.250955466240193,0.0366234252626014,-1.4467744252645174,0.0499221753731487,-1.97395752703981,0.02,3.0,3.0,2.0,0.005,5.0,4.242640687119285,4.242640687119285,0.0311244518011044,0.0311244518011044,0.02,0.3113044333620559,0.6592322919867133,-0.5859854414615104,0.7797448347884903,-0.6670295904760271,-2.226519260053008,1.2820799180412974,1.2198310144390885,0.4243496916013676,1.0645161435853432,0.0005365101111861403,0.3797141864041316,55.87494252936797,55.87547903947916,0.010601640333177897,0.010601640333177897
690,294,421,260,301,133.4541119636259,11.506571428571428,127,41,1.2512584607840314,0.0181692901787751,-1.4379153257444313,0.0242476648581786,-1.9193976916200757,0.02,3.0,3.0,2.0,0.005,5.0,4.242640687119285,4.242640687119285,0.0317910075957468,0.0317910075957468,0.02,0.3179245145701148,0.6540183193190048,-0.6176797389614546,0.7961491382992231,-0.6417661874452082,-2.234064464043654,1.2830494683797782,1.2194674531882843,0.4242843102234555,1.0637813240583152,0.00013204924224021334,0.3797522754454812,55.88054733180256,55.8806793810448,0.0052003415656400875,0.0052003415656400875
691,295,421,260,301,132.5028301584536,11.52324761904762,126,41,1.251264748905929,0.0003770718442321,-1.429212975180972,0.0004996308653382,-1.893747829503357,0.02,3.0,3.0,2.0,0.005,5.0,4.242640687119285,4.242640687119285,0.0320192457930575,0.0320192457930575,0.02,0.3201924641050614,0.6407620000543551,-0.6400078563658907,0.8017160388150812,-0.6274969363658909,-2.2309290139960534,1.2832839946989865,1.2192455031128715,0.4242640773122083,1.0634725344335585,5.6873270285038845e-08,0.379753065547666,55.88066359533906,55.88066365221233,-1.5728832472916565e-05,-1.5728832472916565e-05
692,296,421,260,302,131.8673575984595,11.53992380952381,125,42,1.2509841947687406,-0.016823634725748,-1.4217779987429802,-0.0221848825648607,-1.875234308219332,0.02,3.0,3.0,2.0,0.005,5.0,4.242640687119285,4.242640687119285,0.03217354745242,0.03217354745242,0.02,0.3217477064870891,0.6266717782484302,-0.6603190476999262,0.8055178882875934,-0.6162601104553868,-2.2272958870305737,1.2831577422211606,1.2188106473163205,0.4242810325445887,1.0634871106060158,0.00011321387415415762,0.37971779932525584,55.8754741707114,55.87558738458555,-0.005076267626776598,-0.005076267626776598
693,296,421,261,302,131.55227098001768,11.5566,125,41,1.250424251672203,-0.0335773987072761,-1.414045264336135,-0.0441718305354368,-1.8616918330850984,0.02,3.0,3.0,2.0,0.005,5.0,4.242640687119285,4.242640687119285,0.0322506077281153,0.0322506077281153,0.02,0.3225546829770317,0.6115319672467874,-0.6786867646613397,0.8074737306793726,-0.6065715336567624,-2.2215189950155074,1.2826748594003183,1.2181736439440878,0.4243313318521052,1.063807844279382,0.0004509766815789548,0.37964732399499157,55.86510372586301,55.865554702544586,-0.010032682040964858,-0.010032682040964858
694,297,422,261,302,131.55227098001768,11.573276190476191,125,41,1.249590000283728,-0.0500264967389403,-1.4072190687567427,-0.0658109925518205,-1.8545209360176316,0.02,3.0,3.0,2.0,0.005,5.0,4.242640687119285,4.242640687119285,0.0322506077281153,0.0322506077281153,0.02,0.3226139603631479,0.5952014239873553,-0.6952544174652362,0.8075825818734037,-0.599636486883339,-2.2148016506301467,1.2818406080118432,1.2173393925556126,0.4244133623309468,1.0644164982289182,0.001001060150388482,0.3795421030072185,55.84962045751221,55.850621517662596,-0.014933184881989803,-0.014933184881989803
695,297,422,261,302,131.55227098001768,11.58995238095238,125,41,1.2484842411121728,-0.0663076602017709,-1.4012473105927288,-0.087229232829143,-1.8491566254612524,0.02,3.0,3.0,2.0,0.005,5.0,4.242640687119285,4.242640687119285,0.0322506077281153,0.0322506077281153,0.02,0.3226955844411653,0.5790835086805598,-0.7116988290841016,0.8077651132195265,-0.5934821973732023,-2.209012423812255,1.280734848840288,1.2162336333840575,0.4245263157985285,1.0652976050976504,0.0017586823205734052,0.37940223068301404,55.82903824500552,55.83079692732609,-0.019824590336504855,-0.019824590336504855
696,297,422,261,301,131.24404748406687,11.60662857142857,125,40,1.2471064926891335,-0.0826176952707679,-1.3951851481001214,-0.1084308072114083,-1.8400557616513276,0.02,3.0,3.0,2.0,0.005,5.0,4.242640687119285,4.242640687119285,0.0323263475064219,0.0323263475064219,0.02,0.3235569399384192,0.5644961846060704,-0.7297315751476064,0.8099194042706723,-0.5852657438294491,-2.205104552370794,1.2794328401955557,1.2147801451827116,0.4246693155385319,1.0664571168130117,0.0027302734287413862,0.3792273041754175,55.80329780941269,55.80602808284143,-0.024768844484661656,-0.024768844484661656
697,297,422,261,301,131.24404748406687,11.623304761904762,125,40,1.245454136494697,-0.0990847518080131,-1.389148308973219,-0.1300428387123786,-1.8360597286511489,0.02,3.0,3.0,2.0,0.005,5.0,4.242640687119285,4.242640687119285,0.0323263475064219,0.0323263475064219,0.02,0.3236854992271424,0.5482862466462717,-0.7464557502622979,0.8102602450791863,-0.5788880638940328,-2.1994085540524053,1.2777804840011189,1.213127788988275,0.4248468375440694,1.0679165902807155,0.003927115216342223,0.37901656262618294,55.772287190442825,55.77621430565917,-0.029813777182262413,-0.029813777182262413
698,297,422,261,301,131.24404748406687,11.639980952380952,125,40,1.2435220287328703,-0.1158602598468318,-1.3848194072437412,-0.1520596944485392,-1.8351107161225864,0.02,3.0,3.0,2.0,0.005,5.0,4.242640687119285,4.242640687119285,0.0323263475064219,0.0323263475064219,0.02,0.3238403593607908,0.5318204588747499,-0.7635409785684135,0.8106864221945138,-0.5741329850492274,-2.195505829438255,1.2758483762392925,1.2111956812264484,0.4250606723857192,1.0696952868204614,0.005369439924710156,0.37876882914389276,55.73583320852382,55.741202648448535,-0.0350116572106316,-0.0350116572106316
699,297,422,261,301,131.24404748406687,11.656657142857142,125,40,1.2413023225970463,-0.133106307402345,-1.379830324948165,-0.1746941052914217,-1.8341980541548213,0.02,3.0,3.0,2.0,0.005,5.0,4.242640687119285,4.242640687119285,0.0323263475064219,0.0323263475064219,0.02,0.324024665486343,0.5149430235703409,-0.7811556383750311,0.811208242376085,-0.5686220825720799,-2.19103856732425,1.2736286701034685,1.2089759750906246,0.4253151600791668,1.071831562680453,0.007086915628115026,0.37848247473001495,55.6936961565217,55.70078307214982,-0.040419576298717175,-0.040419576298717175
700,297,422,261,302,131.55227098001768,11.673333333333334,125,41,1.2387850453008882,-0.1509503804092573,-1.3752103243694676,-0.1985786534813537,-1.8390959357438703,0.02,3.0,3.0,2.0,0.005,5.0,4.242640687119285,4.242640687119285,0.0322506077281153,0.0322506077281153,0.02,0.3234869987833404,0.4960236171574235,-0.7979243779759382,0.8099469478125129,-0.5652633765569547,-2.1851572721819803,1.2710356530290037,1.206534437572773,0.4256214183367642,1.07438531856719,0.009114406938279798,0.378155475492695,55.645578218750074,55.654692625688355,-0.046090446461462875,-0.046090446461462875
701,297,422,261,302,131.55227098001768,11.690009523809524,125,41,1.2359581675233915,-0.1695158004780923,-1.3713160251182277,-0.2230018851988861,-1.841799716433551,0.02,3.0,3.0,2.0,0.005,5.0,4.242640687119285,4.242640687119285,0.0322506077281153,0.0322506077281153,0.02,0.3237426349435116,0.4779694694089308,-0.8170010703651155,0.8106863161177853,-0.5606297090004424,-2.182002341236013,1.268208775251507,1.2037075597952764,0.4259751197657296,1.0773672585392662,0.011494242644691363,0.37778540220246937,55.59112193409337,55.60261617673807,-0.05207644895028807,-0.05207644895028807
702,297,422,261,303,131.8673575984595,11.706685714285712,125,42,1.2328079793814029,-0.188903343751501,-1.367096804230678,-0.2491018478202391,-1.849810603539901,0.02,3.0,3.0,2.0,0.005,5.0,4.242640687119285,4.242640687119285,0.03217354745242,0.03217354745242,0.02,0.3232740077709704,0.4576446717904396,-0.8354513592934418,0.8096371136753325,-0.5574596905553454,-2.1767339179060103,1.264981526833823,1.2006344319289828,0.4263975150317158,1.080883617778739,0.014273789312199104,0.3773694470814391,55.52991413803377,55.544187927345966,-0.058428249392100895,-0.058428249392100895
703,297,422,261,303,131.8673575984595,11.723361904761903,125,42,1.229319692075591,-0.2091777082297018,-1.3636032912054628,-0.2758371165275232,-1.8558466041181871,0.02,3.0,3.0,2.0,0.005,5.0,4.242640687119285,4.242640687119285,0.03217354745242,0.03217354745242,0.02,0.3236209671824455,0.4380642261351891,-0.8564196425945928,0.8106385610087596,-0.5529647301967031,-2.174241852214222,1.2614932395280112,1.197146144623171,0.426878563056037,1.084926722672541,0.01750212544809211,0.3769044797096177,55.46149418927025,55.47899631471834,-0.06519161262762907,-0.06519161262762907
704,298,423,261,303,131.8673575984595,11.740038095238097,125,42,1.2254770884519428,-0.2304245462495721,-1.3588030518251348,-0.303854760397551,-1.8618332746994095,0.02,3.0,3.0,2.0,0.005,5.0,4.242640687119285,4.242640687119285,0.03217354745242,0.03217354745242,0.02,0.3240220298500709,0.4176195134505697,-0.8784686059497139,0.8117947090936956,-0.5470083427314393,-2.1705977609188305,1.2576506359043629,1.1933035409995227,0.427434590687714,1.0895997742371473,0.02123818860572848,0.37638697572301705,55.38534347764196,55.40658166624769,-0.07241464847064805,-0.07241464847064805
705,298,424,261,304,133.13526955694348,11.756714285714285,126,43,1.221263438490842,-0.2526746121734104,-1.3543316164745989,-0.3363990260190315,-1.8880925417232388,0.02,3.0,3.0,2.0,0.005,5.0,4.242640687119285,4.242640687119285,0.0318671431036886,0.0318671431036886,0.02,0.3214451206015822,0.3902156290297541,-0.895564853376575,0.8055356563809767,-0.5487959600936222,-2.159867272855576,1.2531305815945308,1.1893962953871533,0.4281432676121981,1.0951826943230736,0.02553778385479335,0.37581311277419976,55.3008995447235,55.326437328578294,-0.08014433766939533,-0.08014433766939533
706,298,424,261,305,133.46160496562297,11.773390476190476,126,44,1.2166613507201829,-0.2759675704849823,-1.3497960965606897,-0.3683107487538942,-1.9031013567503432,0.02,3.0,3.0,2.0,0.005,5.0,4.242640687119285,4.242640687119285,0.0317892227372217,0.0317892227372217,0.02,0.3212061478374203,0.3664447251898582,-0.9183798661598228,0.8051240250555319,-0.5446720715051577,-2.1549201216162217,1.2484505734574043,1.184872127982961,0.4289088906334491,1.101408583501387,0.03046323998375348,0.3751787247837298,55.20754935192585,55.2380125919096,-0.0884247366686921,-0.0884247366686921
707,298,423,261,306,132.85330255586422,11.790066666666666,125,45,1.211653812954706,-0.3002806769703505,-1.3441722010653785,-0.3989327962922171,-1.905568971289509,0.02,3.0,3.0,2.0,0.005,5.0,4.242640687119285,4.242640687119285,0.0319347777247409,0.0319347777247409,0.02,0.3232499749112578,0.3462192728521651,-0.9467806267928662,0.8104075881427569,-0.5337646129226216,-2.1545797892081358,1.2435885906794468,1.179719035229965,0.4297106414749718,1.1082417583740811,0.0360673939847088,0.3744794199384577,55.10464664394405,55.14071403792876,-0.09729855398084197,-0.09729855398084197
708,298,423,261,307,133.19534526401438,11.806742857142858,125,46,1.2062241388147266,-0.3255943944590448,-1.3381981881036942,-0.4336765778600016,-1.923620359720898,0.02,3.0,3.0,2.0,0.005,5.0,4.242640687119285,4.242640687119285,0.0318527699200726,0.0318527699200726,0.02,0.3231223162902004,0.320650238121356,-0.9718390270394456,0.8102808755990177,-0.5279173125046764,-2.148479063702712,1.2380769087347991,1.174371368894654,0.4306916734469366,1.1161723506860306,0.04240468388126084,0.37371055315021545,54.99150789605421,55.03391257993547,-0.1068014579932921,-0.1068014579932921
709,295,421,261,308,134.48048185517482,11.823419047619048,126,47,1.2003561656985875,-0.3518773142173628,-1.3316459551276418,-0.473206307698557,-1.9573144616842808,0.02,3.0,3.0,2.0,0.005,5.0,4.242640687119285,4.242640687119285,0.031548375114303,0.031548375114303,0.02,0.320894543556681,0.2899117728959992,-0.9936664013307248,0.8049227445672692,-0.5267232105603726,-2.136568699694911,1.2319045408128908,1.1688077905842846,0.4318990296138451,1.1253715592278222,0.04952705770432988,0.37286723450032594,54.867413556722965,54.9169406144273,-0.11697196550817068,-0.11697196550817068
710,294,421,261,309,135.76818478568535,11.840095238095238,127,48,1.194035285371739,-0.3790362274809432,-1.3242858885730215,-0.5146106057310176,-1.9930149749065431,0.02,3.0,3.0,2.0,0.005,5.0,4.242640687119285,4.242640687119285,0.0312491523239883,0.0312491523239883,0.02,0.3188201764434258,0.2586041254059084,-1.0166765803677948,0.7999371517386376,-0.524348736834384,-2.124223040311659,1.2252844376957277,1.1627861330477507,0.4332710525643267,1.135649684133941,0.05746738469719413,0.37194446330958314,54.73162777600516,54.78909516070236,-0.12784545372493739,-0.12784545372493739
711,293,420,261,309,135.76818478568535,11.85677142857143,127,48,1.1872483903391653,-0.4069811413022268,-1.316477530691637,-0.5525509079660985,-2.012235445683074,0.02,3.0,3.0,2.0,0.005,5.0,4.242640687119285,4.242640687119285,0.0312491523239883,0.0312491523239883,0.02,0.3197767135285189,0.2325722857548109,-1.0465345683592646,0.8024885697144672,-0.5139889609771697,-2.118966100406104,1.2184975426631537,1.155999238015177,0.4346316627843901,1.146492235908527,0.06625345975026524,0.370937116456388,54.58339668655749,54.649650146307756,-0.1394450143946031,-0.1394450143946031
712,293,420,265,310,134.73678042761748,11.87344761904762,127,45,1.1799839782047672,-0.4356158047468579,-1.307002250605978,-0.5869347103497728,-2.016690788765876,0.02,3.0,3.0,2.0,0.005,5.0,4.242640687119285,4.242640687119285,0.0314883632639455,0.0314883632639455,0.02,0.3231545612706998,0.2106933177945417,-1.0819249272882576,0.8110518418258086,-0.4959504087801694,-2.1180540924317866,1.2114723414687127,1.1484956149408216,0.4359524908458574,1.1578338181123176,0.07590445173810106,0.3698399636759253,54.421950654912415,54.49785510665052,-0.1517950396572374,-0.1517950396572374
713,294,420,265,311,134.13426109685773,11.890123809523809,126,46,1.172232945086874,-0.4647963891370069,-1.2969006544571569,-0.6234512021737997,-2.0293659775899275,0.02,3.0,3.0,2.0,0.005,5.0,4.242640687119285,4.242640687119285,0.0316298062286688,0.0316298062286688,0.02,0.3256567451255716,0.1865171011141363,-1.11610987938815,0.8174037487341099,-0.4794969057230469,-2.114304403191267,1.2038627513155429,1.1406031388582052,0.4374350414841924,1.170264915687378,0.08641427334191998,0.3686477955393407,54.24652311361398,54.332937386955905,-0.1649177196946141,-0.1649177196946141
714,295,419,265,312,132.60844618650805,11.9068,124,47,1.1639880306731163,-0.4944123434862822,-1.2854339008004785,-0.6556325264514599,-2.028746736474832,0.02,3.0,3.0,2.0,0.005,5.0,4.242640687119285,4.242640687119285,0.0319937440572389,0.0319937440572389,0.02,0.3303904164000977,0.1663684893139133,-1.1551931762864778,0.8292878420708653,-0.456146058729613,-2.1147217428713434,1.1959817747303554,1.1319942866158776,0.4388224562746284,1.1830217214719772,0.09777742615663902,0.3673553569022869,54.056340768171516,54.154118194328156,-0.17881919262774915,-0.17881919262774915
715,296,419,265,314,132.4009063413087,11.92347619047619,123,49,1.155245232447642,-0.5242683116361211,-1.2724132123989422,-0.6941359962665012,-2.0486001324312566,0.02,3.0,3.0,2.0,0.005,5.0,4.242640687119285,4.242640687119285,0.0320438945952713,0.0320438945952713,0.02,0.3321517276252249,0.1400351436143287,-1.188571766886571,0.833727132364757,-0.4386860800341852,-2.1061403447636997,1.1872891270429131,1.1232013378523709,0.4405524546006929,1.1973473871426057,0.10994290503431561,0.36595759434067404,53.85066000723019,53.960602912264505,-0.19351528206365032,-0.19351528206365032
716,297,419,265,316,132.23085872821065,11.94015238095238,122,51,1.1460026914320336,-0.5542357547909367,-1.2576740142166027,-0.7328706979388355,-2.069216293436463,0.02,3.0,3.0,2.0,0.005,5.0,4.242640687119285,4.242640687119285,0.0320851027356607,0.0320851027356607,0.02,0.3338979457833055,0.1135601367756744,-1.2220316463575478,0.8381001053258361,-0.4195739088907666,-2.095774119542438,1.1780877941676944,1.1139175886963728,0.4423849322360211,1.2125127791093533,0.12287090875547173,0.36444952079321,53.628746984720856,53.75161789347633,-0.20898501878817655,-0.20898501878817655
717,297,419,264,318,133.41664064126334,11.956828571428572,122,54,1.1362617828969352,-0.5841207288322423,-1.2413992204062594,-0.779314253697241,-2.1114467466718514,0.02,3.0,3.0,2.0,0.005,5.0,4.242640687119285,4.242640687119285,0.0317999364001908,0.0317999364001908,0.02,0.3325840125660479,0.0810472962998536,-1.2492887539643382,0.8348099974244989,-0.4065892229817605,-2.0762092178307583,1.168061719297126,1.1044618464967444,0.4446825562156647,1.2295154832255772,0.13647881034060402,0.3628264368394468,53.3899101809246,53.52638899126521,-0.22522890221112135,-0.22522890221112135
718,298,419,264,320,133.33041663476493,11.973504761904762,121,56,1.1260264824524022,-0.613767302499148,-1.2243823308817066,-0.818338501590072,-2.1347434776191587,0.02,3.0,3.0,2.0,0.005,5.0,4.242640687119285,4.242640687119285,0.0318205012344726,0.0318205012344726,0.02,0.3342612262891002,0.0547551500790525,-1.2822897550773489,0.8389334252880275,-0.385448905593679,-2.063315756169734,1.1578469836868748,1.0942059812179297,0.4467272158952751,1.246176450948218,0.15068412064683231,0.36108388552213966,53.13349375458285,53.28417787522968,-0.24221111603552714,-0.24221111603552714
719,298,419,264,321,133.75350462698165,11.990180952380951,121,57,1.1153032201642004,-0.6430282925535341,-1.205117018241208,-0.8600728770333924,-2.164937440344185,0.02,3.0,3.0,2.0,0.005,5.0,4.242640687119285,4.242640687119285,0.0317198468851442,0.0317198468851442,0.02,0.3348338454395799,0.0266393983256256,-1.312695983432694,0.8402749162878904,-0.3648421019533174,-2.045391934529098,1.1470230670493446,1.083583373279056,0.4490045990981963,1.2638742814055963,0.1653941540097254,0.3592176868794074,52.858882624304805,53.02427677831453,-0.25990109691515073,-0.25990109691515073
720,292,417,263,322,138.2244551445221,12.006857142857143,125,59,1.1041013177958623,-0.6717302962166856,-1.184463659121996,-0.928495541986198,-2.2609170246605097,0.02,3.0,3.0,2.0,0.005,5.0,4.242640687119285,4.242640687119285,0.0306938499607999,0.0306938499607999,0.02,0.3267407293383972,-0.018248837539891,-1.32521175489348,0.8199973674609699,-0.3644662916610263,-2.004461026582966,1.1347951677566623,1.0734074678350622,0.4528827251265676,1.2865964252814177,0.1804886363421425,0.35722408051507154,52.56552344779278,52.74601208413492,-0.27826469417961164,-0.27826469417961164
721,292,417,262,322,138.6542462386205,12.023533333333331,125,60,1.0924321416384108,-0.699750711897532,-1.1619854390671125,-0.970234075130904,-2.2900641367211234,0.02,3.0,3.0,2.0,0.005,5.0,4.242640687119285,4.242640687119285,0.0305987072319286,0.0305987072319286,0.02,0.3274829089370792,-0.0447848940233736,-1.3547165297716903,0.8216986953136272,-0.3402867437534853,-1.98368413438074,1.1230308488703395,1.061833434406482,0.4554149175490729,1.3055162508659692,0.1958604235204412,0.3550996483687703,52.25291325746455,52.44877368098499,-0.297238403149926,-0.297238403149926
722,291,416,262,322,138.6542462386205,12.040209523809525,125,60,1.0803090610338282,-0.726969425174733,-1.138017166973011,-1.007973976861258,-2.31067538748245,0.02,3.0,3.0,2.0,0.005,5.0,4.242640687119285,4.242640687119285,0.0305987072319286,0.0305987072319286,0.02,0.3291276298961374,-0.0687141653824581,-1.3852246849670078,0.8256280000457048,-0.3123891669273062,-1.963645167018716,1.1109077682657569,1.0497103538018997,0.4577947330801912,1.3240967493401936,0.2113938180555527,0.35284137359695655,51.92060812479216,52.132001942847715,-0.31677173813727677,-0.31677173813727677
723,290,415,261,324,139.97856978837868,12.056885714285714,125,63,1.0677474149258313,-0.7532683274355952,-1.1120986833697333,-1.0544142314131877,-2.350956676137243,0.02,3.0,3.0,2.0,0.005,5.0,4.242640687119285,4.242640687119285,0.0303092158573513,0.0303092158573513,0.02,0.3280919869228857,-0.0970843535898237,-1.409452301281367,0.8228608028667935,-0.2892378805029397,-1.9349594862365267,1.0980566307831825,1.03743819906848,0.4608002560897271,1.344589502812956,0.22696526924704769,0.35044670359973035,51.56823243470032,51.795197703947366,-0.33680423890034916,-0.33680423890034916
724,290,414,261,327,140.470637501223,12.073561904761904,124,66,1.0547634745923364,-0.778591510575104,-1.0849396124634048,-1.0936924584352503,-2.375561253448344,0.02,3.0,3.0,2.0,0.005,5.0,4.242640687119285,4.242640687119285,0.0302030428749378,0.0302030428749378,0.02,0.3287562175060853,-0.1210790755629332,-1.4361039455872748,0.824325156390159,-0.2606144560732457,-1.909264768853564,1.0849665174672742,1.0245604317173986,0.4634439033086477,1.3639799818248566,0.24248189613584895,0.3479134169911429,51.19545931024668,51.43794120638253,-0.35725649756483335,-0.35725649756483335
725,291,412,261,328,138.31124321616085,12.090238095238096,121,67,1.0413745430376202,-0.8028771063649945,-1.0557163161395238,-1.110469307311362,-2.3517447458497163,0.02,3.0,3.0,2.0,0.005,5.0,4.242640687119285,4.242640687119285,0.0306745900656003,0.0306745900656003,0.02,0.334692988254834,-0.1334911298553264,-1.4722630828746626,0.8389323071239883,-0.2167840090155355,-1.894648623263512,1.0720491331032207,1.0106999529720198,0.4646553931765441,1.3789223740448826,0.25784465917001076,0.34523969354188816,50.802020904688845,51.05986556385886,-0.378075642523676,-0.378075642523676
726,291,410,261,331,138.06158046321215,12.106914285714286,119,70,1.027598603405231,-0.8260843297549593,-1.0247265869526934,-1.14050508161863,-2.3569070973046715,0.02,3.0,3.0,2.0,0.005,5.0,4.242640687119285,4.242640687119285,0.0307300602592317,0.0307300602592317,0.02,0.3367659597244428,-0.1525524103060735,-1.499616249203845,0.8439116024745896,-0.1808149844781037,-1.868638189427283,1.0583286636644629,0.9968685431459992,0.4667754700023793,1.396452339106632,0.2729661279466801,0.34242409370453136,50.38770538862179,50.66067151656847,-0.3991940472903863,-0.3991940472903863
727,291,410,261,334,139.60659010233005,12.123590476190476,119,73,1.0134537114413034,-0.8482088270773547,-0.9923313638929364,-1.184155420429664,-2.38977105988681,0.02,3.0,3.0,2.0,0.005,5.0,4.242640687119285,4.242640687119285,0.030389974312885,0.030389974312885,0.02,0.335205684231189,-0.1777974586149766,-1.5186201955397327,0.8398375740383832,-0.1524937898545532,-1.8321689379313195,1.0438436857541884,0.9830637371284184,0.4698870519921177,1.4168324487251631,0.2877832857327768,0.33946547354910545,49.95234443275087,50.24012771848365,-0.4205437980848217,-0.4205437980848217
728,291,408,262,337,138.97481786280562,12.140266666666667,117,75,0.9989581650328924,-0.8692360781742215,-0.9575347507649334,-1.208019256440419,-2.380786096675845,0.02,3.0,3.0,2.0,0.005,5.0,4.242640687119285,4.242640687119285,0.0305281255436331,0.0305281255436331,0.02,0.3379478236187103,-0.1933404309368009,-1.545131725411642,0.8465033844339964,-0.111031366330937,-1.8040381351989296,1.0294862905765254,0.9684300394892592,0.471669028446988,1.4328794127360172,0.30222854383988057,0.3363630489599789,49.4958226544609,49.79805119830078,-0.4420765201828658,-0.4420765201828658
729,291,407,262,338,138.67948658687772,12.156942857142855,116,76,0.9841295636598442,-0.8892079635467014,-0.92205153113625,-1.2331490385361965,-2.3752222747525407,0.02,3.0,3.0,2.0,0.005,5.0,4.242640687119285,4.242640687119285,0.0305931381168001,0.0305931381168001,0.02,0.3399746341294265,-0.2092586952878483,-1.5691572318055544,0.8514018882729858,-0.0706496428632642,-1.7734534194092355,1.0147227017766445,0.953536425543044,0.4735667591446549,1.449015474208807,0.3162763209739488,0.3331162170689166,49.01805134169108,49.334327662665025,-0.46372353563575786,-0.46372353563575786
730,291,407,263,342,140.34600101178515,12.173619047619049,116,79,0.96898527253195,-0.9081385313698446,-0.8843821593402504,-1.2745361124247327,-2.398650347610943,0.02,3.0,3.0,2.0,0.005,5.0,4.242640687119285,4.242640687119285,0.0302298651656132,0.0302298651656132,0.02,0.3381115646791112,-0.2319154020116222,-1.5843616607280668,0.8466027572298276,-0.0377794021104228,-1.730984916570078,0.9992151376975632,0.9387554073663368,0.4766935814396564,1.4686989557254857,0.3298862368634313,0.3297246655176762,48.518984530926055,48.848870767789485,-0.48545689487554,-0.48545689487554
731,292,407,263,344,140.6627171641441,12.19029523809524,115,81,0.9535423282882194,-0.9260474846325608,-0.8464377544378507,-1.3026035541143697,-2.3968950892564926,0.02,3.0,3.0,2.0,0.005,5.0,4.242640687119285,4.242640687119285,0.03016179960585,0.03016179960585,0.02,0.3388537564168994,-0.2483399717987617,-1.6037549974663596,0.8483167113643701,0.0018789569265194,-1.6947544658022209,0.9837041278940696,0.9233805286823692,0.4788845981600189,1.485156602174845,0.34302557751771723,0.3261883638170765,47.99861773568281,48.34164331320052,-0.5072274545889641,-0.5072274545889641
732,292,406,264,346,140.42791745233566,12.206971428571428,114,82,0.9378169910090616,-0.9429813902408892,-0.806223475957601,-1.3242091282783637,-2.3808674020526985,0.02,3.0,3.0,2.0,0.005,5.0,4.242640687119285,4.242640687119285,0.0302122310441535,0.0302122310441535,0.02,0.3405972896557724,-0.2617868109293445,-1.624175969552434,0.8525449800450778,0.0463215040874768,-1.658768456002679,0.9680292220532152,0.9076047599649082,0.4806119846751471,1.499832685989995,0.35568556093625614,0.32250746585865125,47.456973601100536,47.812659162036795,-0.5289841511637263,-0.5289841511637263
733,292,405,264,348,140.80127840328723,12.223647619047618,113,84,0.9218252639326436,-0.958955649928011,-0.7645887150951639,-1.350221814419191,-2.371353522974592,0.02,3.0,3.0,2.0,0.005,5.0,4.242640687119285,4.242640687119285,0.0301321176571095,0.0301321176571095,0.02,0.3411275200549686,-0.2767006098180737,-1.6412106900379482,0.8537533378829502,0.0891646227877862,-1.618342052978114,0.9519573815897532,0.8916931462755342,0.4826992023896437,1.5153003891348498,0.36783837541154163,0.3186824303182995,46.89411962133777,47.26195799674932,-0.550701165287478,-0.550701165287478
734,292,403,265,350,139.8070098385628,12.24032380952381,111,85,0.9055827255983352,-0.9739957310692704,-0.7222617467098633,-1.3617143075631968,-2.336076473785336,0.02,3.0,3.0,2.0,0.005,5.0,4.242640687119285,4.242640687119285,0.0303464088962229,0.0303464088962229,0.02,0.3441982836154537,-0.2855991638383631,-1.662392298300178,0.8613168061337824,0.139055059423919,-1.5835785528436457,0.935929134494558,0.8752363167021122,0.4836713103799436,1.5268497874965616,0.3794670736564651,0.31471398504344267,46.31016289914259,46.689629972799054,-0.5723280239502628,-0.5723280239502628
735,292,403,265,351,140.41723540933285,12.257,111,86,0.8891049821995635,-0.9880999753689806,-0.6781230323282517,-1.3874626684934217,-2.323153443232997,0.02,3.0,3.0,2.0,0.005,5.0,4.242640687119285,4.242640687119285,0.0302145293969895,0.0302145293969895,0.02,0.3441560422537,-0.2997878908615806,-1.6764120598763808,0.86111232980589,0.1829892974776383,-1.5392353621341417,0.919319511596553,0.8588904528025739,0.4857732691787323,1.541617012904588,0.39053662452967214,0.3106032405580539,45.70526684811763,46.095803472647304,-0.5938265001517493,-0.5938265001517493
736,292,400,265,353,139.31259813814398,12.273676190476191,108,88,0.8724077889245774,-1.0012594482429578,-0.6337929832291791,-1.3948805514509095,-2.2795908030643908,0.02,3.0,3.0,2.0,0.005,5.0,4.242640687119285,4.242640687119285,0.0304541064040183,0.0304541064040183,0.02,0.3473109356368601,-0.3066375769692374,-1.695881319516678,0.8689003745369495,0.2351073913077703,-1.5026933577661286,0.9028618953285956,0.841953682520559,0.4864309611657909,1.5513142247708698,0.401008193078317,0.30635173046666286,45.079657138169445,45.480665331247764,-0.6151381413995409,-0.6151381413995409
737,292,399,265,355,139.8177385026664,12.29035238095238,107,90,0.8555074992501437,-1.013438272881664,-0.5880712625036641,-1.416966474263624,-2.258235996425649,0.02,3.0,3.0,2.0,0.005,5.0,4.242640687119285,4.242640687119285,0.03034408031881,0.03034408031881,0.02,0.3473302465196723,-0.3187777798423193,-1.7080987659210085,0.8688592518246147,0.2807879893209505,-1.456930514328279,0.8858515795689537,0.8251634189313337,0.4882657634839225,1.5643380341066873,0.4108228531765481,0.30196153973998996,44.43364057273953,44.844463425916075,-0.6362019053316885,-0.6362019053316885
738,292,398,265,356,139.70325694127536,12.307028571428573,106,91,0.8384210234482511,-1.0246030606501475,-0.5413336659360848,-1.431403846448247,-2.222881524329581,0.02,3.0,3.0,2.0,0.005,5.0,4.242640687119285,4.242640687119285,0.0303689461506447,0.0303689461506447,0.02,0.3484566753026012,-0.327689710044945,-1.72151641125535,0.8715887327492026,0.3302550668131178,-1.4129223986852877,0.8687899695988959,0.8080520772976063,0.489493567343054,1.5748894434897955,0.41992457275746,0.2974353135992018,43.767606396122545,44.187530968880004,-0.6569324570360706,-0.6569324570360706
739,292,397,264,358,140.92906016858268,12.323704761904764,105,94,0.8211666329407346,-1.0346721891999495,-0.4939509255971486,-1.4581537920651888,-2.204831573364374,0.02,3.0,3.0,2.0,0.005,5.0,4.242640687119285,4.242640687119285,0.0301047965695942,0.0301047965695942,0.02,0.3469888713319966,-0.3406944465359566,-1.7286499318639428,0.867837341390962,0.3738864157938134,-1.3617882669881105,0.8512714295103287,0.7910618363711404,0.4917370661810563,1.5881780200935092,0.42821861564152647,0.29277649348924484,43.08206101694238,43.51027963258391,-0.677251336296095,-0.677251336296095
740,292,395,264,361,141.48498153514387,12.340380952380952,103,97,0.803763843186916,-1.0435710589098892,-0.4456988078858961,-1.4764963200047625,-2.171425704183641,0.02,3.0,3.0,2.0,0.005,5.0,4.242640687119285,4.242640687119285,0.029986509105671,0.029986509105671,0.02,0.3467056128129602,-0.3501598332839687,-1.7369822845358098,0.8670494933902447,0.4213506855043486,-1.312748301276141,0.833750352292587,0.7737773340812449,0.4933036933847416,1.5986270481410467,0.43561622199772304,0.2879893193188857,42.377628337774034,42.81324455977176,-0.6970350728121488,-0.6970350728121488
741,294,393,264,363,140.0071426749364,12.357057142857142,99,99,0.7862335002429786,-1.0512198795622485,-0.3967569381693855,-1.471782916606012,-2.102655512831868,0.02,3.0,3.0,2.0,0.005,5.0,4.242640687119285,4.242640687119285,0.0303030303030303,0.0303030303030303,0.02,0.3500837855825986,-0.3510523083970512,-1.7513874507274458,0.8754183335169494,0.4786613953475638,-1.272175271686335,0.8165365305460088,0.7559304699399483,0.492952469714804,1.6020713976986467,0.44202529407474744,0.28307888270429177,41.65505758993653,42.09708288401128,-0.7161616757604818,-0.7161616757604818
742,296,393,265,366,140.03570973148243,12.373733333333334,97,101,0.7685978517533724,-1.0575346038883626,-0.3475071917436098,-1.48092608821109,-2.0527647464103644,0.02,3.0,3.0,2.0,0.005,5.0,4.242640687119285,4.242640687119285,0.0302968485342383,0.0302968485342383,0.02,0.3505588579333758,-0.356416888021611,-1.7586523197551145,0.876539319635989,0.5290321278923792,-1.2240465113795986,0.7988947002876107,0.738301003219134,0.4937471066700161,1.60849371269882,0.44735177536852644,0.27805117498515136,40.915230399065024,41.36258217443355,-0.7345007095777305,-0.7345007095777305
743,297,392,265,367,139.38794782907166,12.390409523809524,95,102,0.7508809102497129,-1.0624093991343866,-0.2969908237500874,-1.4808706589965923,-1.987260321486215,0.02,3.0,3.0,2.0,0.005,5.0,4.242640687119285,4.242640687119285,0.0304376436642997,0.0304376436642997,0.02,0.3521846345425899,-0.3580401300492066,-1.7667786682195663,0.8805459259622277,0.5835551022121402,-1.1775367497123153,0.7813185539140126,0.7204432665854132,0.4937686458094389,1.6115100279553998,0.45148549254763537,0.2729132190749457,40.15918018687826,40.61066567942589,-0.7519164950076558,-0.7519164950076558
744,297,390,265,368,138.77319625922004,12.407085714285714,93,103,0.7331079025087093,-1.0657714522018586,-0.2468132957308595,-1.4790051090388248,-1.9187921221527116,0.02,3.0,3.0,2.0,0.005,5.0,4.242640687119285,4.242640687119285,0.0305724794231465,0.0305724794231465,0.02,0.3536320548593546,-0.3585073424831493,-1.773035561920568,0.8841200909127042,0.6373067951818446,-1.1309333866435636,0.7636803819318558,0.7025354230855627,0.4936312435981904,1.6130876265158305,0.4543475153313835,0.2676729360024961,39.3880725327673,39.84242004809869,-0.7682456313272041,-0.7682456313272041
745,297,388,265,368,137.44089638822936,12.423761904761903,91,103,0.7153050755798142,-1.067559581687069,-0.1956295732791766,-1.4672634585491398,-1.8352662031488105,0.02,3.0,3.0,2.0,0.005,5.0,4.242640687119285,4.242640687119285,0.0308688374320194,0.0308688374320194,0.02,0.3563461478765611,-0.354867285933947,-1.7802518774401916,0.8908765855658679,0.6952470122866913,-1.0865061588450446,0.7461739130118337,0.6844362381477946,0.4926655019434993,1.6109716598549246,0.4558733841807481,0.26233909867696936,38.60319837031604,39.05907175449679,-0.7833482936018967,-0.7833482936018967
746,297,385,265,369,136.23509092741122,12.440438095238097,88,104,0.6974994133568225,-1.0677296021780658,-0.1445509921287798,-1.454622394386174,-1.7500725660403735,0.02,3.0,3.0,2.0,0.005,5.0,4.242640687119285,4.242640687119285,0.0311420549451524,0.0311420549451524,0.02,0.3587295908349585,-0.3502704205081488,-1.7851887838479827,0.8968240778142615,0.7522730856854817,-1.0413750699430415,0.728641468301975,0.6663573584116701,0.4916228621154665,1.6076183481607746,0.45601860134693234,0.25692124837962343,37.80596169906159,38.261980300408524,-0.7970914540882674,-0.7970914540882674
747,297,382,265,369,134.31678971744373,12.457114285714283,85,104,0.67971837933325,-1.066252754126549,-0.0927512924779365,-1.432156469616609,-1.6516213385466658,0.02,3.0,3.0,2.0,0.005,5.0,4.242640687119285,4.242640687119285,0.0315868231815571,0.0315868231815571,0.02,0.3624765605732871,-0.3412996329799747,-1.7912058752731232,0.9061989228544386,0.813447630376502,-0.9989502153323752,0.7113052025148071,0.6481315561516928,0.4897770878979891,1.600617371050976,0.4547579742729805,0.2514296074156047,36.99786673120624,37.45262470547922,-0.8093555949293076,-0.8093555949293076
748,297,380,265,370,133.843191832831,12.473790476190477,83,105,0.6619889926370115,-1.0631556842402703,-0.0407597087963448,-1.422961501939352,-1.5673837044766896,0.02,3.0,3.0,2.0,0.005,5.0,4.242640687119285,4.242640687119285,0.0316985916804666,0.0316985916804666,0.02,0.3631985499901823,-0.3367585842599055,-1.7895527842206351,0.908029386077522,0.8672696772811772,-0.9487890948738672,0.6936875843174782,0.6302904009565448,0.489014348157117,1.596227410715221,0.452120003572959,0.24587477075852143,36.18047251711643,36.632592520689386,-0.8200321847898309,-0.8200321847898309
749,297,377,265,372,133.60014970051492,12.490466666666666,80,107,0.6443375995005859,-1.0584787431894682,0.0112354783279277,-1.4141291854492584,-1.481815067056197,0.02,3.0,3.0,2.0,0.005,5.0,4.242640687119285,4.242640687119285,0.0317562569849645,0.0317562569849645,0.02,0.3633223826509676,-0.3318339778875329,-1.7851235084914037,0.9083812096002456,0.9196166879281732,-0.8971457312723177,0.6760938564855504,0.6125813425156214,0.4882759181306977,1.590981118327813,0.44815089991358253,0.24026759302912062,35.3553763142351,35.80352721414869,-0.8290653065406985,-0.8290653065406985
750,297,374,265,373,132.6386067478093,12.507142857142856,77,108,0.6267887837407526,-1.0523276155240209,0.0638171418465305,-1.3957926876535045,-1.3841850229527657,0.02,3.0,3.0,2.0,0.005,5.0,4.242640687119285,4.242640687119285,0.0319864690314937,0.0319864690314937,0.02,0.3648417651085581,-0.3226440853069046,-1.7820111457411372,0.912234036374044,0.9760511782205744,-0.8484168945275135,0.6587752527722465,0.5948023147092588,0.4867730998579715,1.5823570924493977,0.44295736415778875,0.23461878949116774,34.524154873625335,34.96711223778313,-0.8364149763655604,-0.8364149763655604
751,297,372,265,374,132.31024147812596,12.523819047619048,75,109,0.6093647132267852,-1.0448471753092263,0.1169330686948402,-1.3824398207290154,-1.289723916165779,0.02,3.0,3.0,2.0,0.005,5.0,4.242640687119285,4.242640687119285,0.0320658524972966,0.0320658524972966,0.02,0.3649406978748868,-0.3149657795594527,-1.774728571059,0.9125433892123176,1.0294764579071578,-0.7956103205174775,0.6414305657240819,0.5772988607294885,0.4856718756183282,1.5742941835438409,0.4366822479006678,0.2289386531957991,33.688322817761836,34.125005065662506,-0.8421071721206204,-0.8421071721206204
752,298,371,266,377,132.85330255586422,12.540495238095238,73,111,0.5920849497142311,-1.0361937000675332,0.1698636390359547,-1.376617551415524,-1.2007729798783215,0.02,3.0,3.0,2.0,0.005,5.0,4.242640687119285,4.242640687119285,0.0319347777247409,0.0319347777247409,0.02,0.3631005722080878,-0.3099925556513575,-1.7623948444837088,0.90800918281287,1.0778728218488247,-0.7381455437769154,0.624019727438972,0.5601501719894901,0.4851653517456065,1.5675174528685267,0.429478953623858,0.22323691277381355,32.84931171466666,33.27879066829052,-0.8462143973719876,-0.8462143973719876
753,298,369,266,379,133.4541119636259,12.55717142857143,71,113,0.574965189782419,-1.0265989679269854,0.2234848420731543,-1.3700385360747072,-1.1082304357924524,0.02,3.0,3.0,2.0,0.005,5.0,4.242640687119285,4.242640687119285,0.0317910075957468,0.0317910075957468,0.02,0.3610753860450357,-0.3044481958369138,-1.7487497400170569,0.903007105773608,1.126491947846762,-0.6795222637004535,0.6067561973781658,0.5431741821866721,0.4845961331689069,1.5600089620287343,0.4215621763795007,0.21752223115500505,32.00839631445899,32.429958490838494,-0.8488321774520244,-0.8488321774520244
754,299,366,266,381,133.09395177843356,12.57384761904762,67,115,0.5580177532647344,-1.0162654679365792,0.2765515219406269,-1.352587871836383,-1.0065149972429617,0.02,3.0,3.0,2.0,0.005,5.0,4.242640687119285,4.242640687119285,0.0318770359616503,0.0318770359616503,0.02,0.3610209171531893,-0.2942236336302006,-1.7383073022429578,0.9029219368395784,1.1794734587802052,-0.6263704148989514,0.5898947892263847,0.526140717303084,0.4831763248940721,1.5493425131831156,0.41311820052814185,0.21180227469912458,31.16670472197618,31.579822922504324,-0.8501355683341707,-0.8501355683341707
755,299,364,266,383,133.843191832831,12.590523809523807,65,117,0.5412501391115059,-1.0054822878864895,0.3306359511177934,-1.3457695874210525,-0.9106137734052838,0.02,3.0,3.0,2.0,0.005,5.0,4.242640687119285,4.242640687119285,0.0316985916804666,0.0316985916804666,0.02,0.3586019518793086,-0.2882783841278724,-1.722686191645107,0.8969101016254453,1.2275460527432387,-0.5662741505076518,0.5729487307919726,0.5095515474310391,0.4825901100188807,1.5411624573654064,0.4043978525013799,0.20608313791382799,30.32513374401979,30.72953159652117,-0.8502913259831537,-0.8502913259831537
756,299,361,266,385,134.18271125595876,12.6072,62,119,0.5246655185126138,-0.9945089451075756,0.3841570986439848,-1.33445906622838,-0.8116590678012996,0.02,3.0,3.0,2.0,0.005,5.0,4.242640687119285,4.242640687119285,0.0316183854641771,0.0316183854641771,0.02,0.3570394851792284,-0.2804299747491189,-1.7085879154660324,0.8930201853429462,1.277177283986931,-0.5088630866989614,0.556283903976791,0.4930471330484366,0.4816589123647805,1.5317988427610842,0.39561921675959316,0.20036941672112382,29.48435967051337,29.879978887272962,-0.8495527092482078,-0.8495527092482078
757,299,360,266,386,134.6142637315972,12.62387619047619,61,120,0.5082625340359671,-0.9836170017407002,0.4381815535693211,-1.324088784832055,-0.7125413684299776,0.02,3.0,3.0,2.0,0.005,5.0,4.242640687119285,4.242640687119285,0.0315170218185685,0.0315170218185685,0.02,0.3552999527235032,-0.2730170962936938,-1.694216907187707,0.8886671580083809,1.326848711577702,-0.4504856044390598,0.5397795558545356,0.4767455122173986,0.4808063415007859,1.5227791529579626,0.38700096244534593,0.19466405876675608,28.64481624752816,29.031817209973504,-0.8481616772994585,-0.8481616772994585
758,297,358,266,386,134.6142637315972,12.64055238095238,61,120,0.4920356239074198,-0.9730585742418808,0.4919721195823299,-1.3098756353928849,-0.612321071669092,0.02,3.0,3.0,2.0,0.005,5.0,4.242640687119285,4.242640687119285,0.0315170218185685,0.0315170218185685,0.02,0.3544905184390798,-0.2640775373637212,-1.6820396111200404,0.8866193097041967,1.378591429286527,-0.3946471901218667,0.5235526457259883,0.4605186020888512,0.479668620977819,1.513083447871996,0.3787371955622568,0.188968403884352,27.806700631582395,28.18543782714465,-0.8463793828288537,-0.8463793828288537
759,296,356,266,387,135.05924625881784,12.657228571428572,60,121,0.4759752109252147,-0.9630744506747092,0.5457031821230285,-1.300721093992513,-0.5156686484920997,0.02,3.0,3.0,2.0,0.005,5.0,4.242640687119285,4.242640687119285,0.0314131820267158,0.0314131820267158,0.02,0.3528065858515914,-0.2574612789715262,-1.668687622377892,0.8823695716069774,1.4280727537300058,-0.3366663894839489,0.5073883929519305,0.4445620288984989,0.4789248840554285,1.505014395281034,0.37100495901695724,0.18328219101864243,26.969974408393234,27.340979367410192,-0.844458459734458,-0.844458459734458
760,295,355,266,388,135.95587519485872,12.673904761904762,60,122,0.4600684172116939,-0.9538625584921474,0.5997695965245806,-1.2968321895540702,-0.4215776661553523,0.02,3.0,3.0,2.0,0.005,5.0,4.242640687119285,4.242640687119285,0.0312060121053137,0.0312060121053137,0.02,0.3502629409117518,-0.2533366766686437,-1.654388440315651,0.8759601401238692,1.47572973664845,-0.2761905435992886,0.4912744293170076,0.4288624051063801,0.4785853907430392,1.4986982654692718,0.3639415121972742,0.17760376453593696,26.134393951463124,26.4983354636604,-0.8426439037497921,-0.8426439037497921
761,295,354,265,388,136.41847382227965,12.690580952380952,59,123,0.4442999994311693,-0.945564744120584,0.6534846015564019,-1.2899249929308445,-0.3282338757685512,0.02,3.0,3.0,2.0,0.005,5.0,4.242640687119285,4.242640687119285,0.0311001916987168,0.0311001916987168,0.02,0.3486925469519101,-0.2481796502167635,-1.6429498380244043,0.8719781606466523,1.525462762203054,-0.2184935590902504,0.4754001911298862,0.4131998077324524,0.4780247837542067,1.4922258397096824,0.3576370741295303,0.17193037876438022,25.299555235178552,25.657192309308083,-0.8411431543523165,-0.8411431543523165
762,297,353,265,389,136.0588108135596,12.707257142857143,56,124,0.4286535423938403,-0.938251278651873,0.7070087755899548,-1.2765735321767555,-0.2357990164427782,0.02,3.0,3.0,2.0,0.005,5.0,4.242640687119285,4.242640687119285,0.0311824031222273,0.0311824031222273,0.02,0.3488773254738802,-0.2404966277041126,-1.6360059295996332,0.8723849315488899,1.5793937071388446,-0.165376155958935,0.4598359455160677,0.397471139271613,0.4769908965019665,1.4848484557959765,0.3521261847567499,0.1662586164276497,24.464955407328652,24.8170815920854,-0.8401107172226823,-0.8401107172226823
763,297,352,265,389,135.6502856613284,12.723933333333331,55,124,0.4131124540114753,-0.9319327699306462,0.7605081546783186,-1.2641694645824522,-0.1464894664912299,0.02,3.0,3.0,2.0,0.005,5.0,4.242640687119285,4.242640687119285,0.0312763122203198,0.0312763122203198,0.02,0.3492467801156382,-0.2334392096993697,-1.6304263301619226,0.8732598302252358,1.6337679849035545,-0.1127516755469172,0.4443887662317952,0.3818361417911555,0.4760402721886227,1.478324258727972,0.34739947506824276,0.16058475560927554,23.630046787904895,23.97744626297314,-0.8396353291122622,-0.8396353291122622
764,298,351,265,390,135.77186748365804,12.740609523809525,53,125,0.3976613064299848,-0.9265394038013824,0.8131447338924253,-1.257979851513088,-0.0615461110643207,0.02,3.0,3.0,2.0,0.005,5.0,4.242640687119285,4.242640687119285,0.0312483047169542,0.0312483047169542,0.02,0.3485964011960864,-0.2293466014092094,-1.623732206193555,0.8715953021796697,1.684740036072095,-0.0584505682872444,0.4289096111469391,0.3664130017130305,0.4755577189002093,1.4738099270979133,0.34339010671864856,0.15490527995563497,22.794311945471687,23.137702052190335,-0.8397442107828041,-0.8397442107828041
765,299,350,265,390,135.00370365289984,12.757285714285716,51,125,0.3822868782377435,-0.9219388693233744,0.8650783244124601,-1.244651619002224,0.0203950711308511,0.02,3.0,3.0,2.0,0.005,5.0,4.242640687119285,4.242640687119285,0.0314261058943041,0.0314261058943041,0.02,0.349853279807179,-0.2222323097090165,-1.6216454289377324,0.8747088169403991,1.7397871413528594,-0.009630492527939,0.4137129841320476,0.3508607723434394,0.47455903623816,1.468145258558822,0.33998851150770487,0.14921729623414545,21.957325140854504,22.29731365236221,-0.8403883998281252,-0.8403883998281252
766,299,348,265,390,134.2609399639374,12.773961904761904,49,125,0.3669797875781064,-0.917900924764207,0.9164631750030582,-1.2323824095260982,0.0992471198153033,0.02,3.0,3.0,2.0,0.005,5.0,4.242640687119285,4.242640687119285,0.031599962641844,0.031599962641844,0.02,0.3511217258200191,-0.2156574731241687,-1.6201443764042454,0.8778623587267669,1.794325533729825,0.0386008162762913,0.3985797502199504,0.3353798249362624,0.4736481178034918,1.4630902979159934,0.3370168430731946,0.1435191841383629,21.118847945960102,21.455864789033296,-0.8414488633289139,-0.8414488633289139
767,299,346,265,390,133.5440002396214,12.790638095238096,47,125,0.3517359232639751,-0.9141095105560672,0.9666025009856246,-1.2207384069673963,0.1749510585224687,0.02,3.0,3.0,2.0,0.005,5.0,4.242640687119285,4.242640687119285,0.0317696091138995,0.0317696091138995,0.02,0.3523752917668343,-0.2093589270223985,-1.618860094089736,0.8809892205266311,1.847591721512256,0.0856132804589935,0.3835055323778747,0.3199663141500755,0.4727904601316325,1.45836053657676,0.33423847891562114,0.13781118757326774,20.27891625140635,20.613154730321973,-0.8427100587113223,-0.8427100587113223
768,299,345,265,390,133.19534526401438,12.807314285714286,46,125,0.3365573302185162,-0.9101954710298358,1.0159678223880393,-1.2123380002156117,0.2497572916474193,0.02,3.0,3.0,2.0,0.005,5.0,4.242640687119285,4.242640687119285,0.0318527699200726,0.0318527699200726,0.02,0.3528439652907126,-0.2045075404484104,-1.615883401611261,0.8821641837956191,1.8981320061836584,0.1338036385924201,0.3684101001385889,0.3047045602984436,0.4721700687579962,1.4543260770693296,0.33138231819328995,0.1320958117260532,19.43789869548873,19.76928101368202,-0.8438737166399548,-0.8438737166399548
769,300,343,265,390,132.18925826253812,12.823990476190476,43,125,0.3214536015165643,-0.9057061757310176,1.063617274260652,-1.1972462757368325,0.3216344397915716,0.02,3.0,3.0,2.0,0.005,5.0,4.242640687119285,4.242640687119285,0.0320952000403321,0.0320952000403321,0.02,0.3547146016632386,-0.1962769724045404,-1.6151353790574952,0.8868575223978697,1.9504747966585216,0.1767597518627822,0.3535488015568964,0.2893584014762322,0.4710763270780965,1.4485418291948222,0.3281214707029221,0.12637841513627923,18.59658378730349,18.924705258006412,-0.8445757556756064,-0.8445757556756064
770,300,341,264,390,132.5028301584536,12.840666666666667,41,126,0.3064424051431973,-0.9001574067409605,1.109708268781464,-1.1927340398127153,0.396746482428336,0.02,3.0,3.0,2.0,0.005,5.0,4.242640687119285,4.242640687119285,0.0320192457930575,0.0320192457930575,0.02,0.353633725444282,-0.1928899558523963,-1.6074248576295247,0.8841931371627288,1.993901405944193,0.2255151316187352,0.3384616509362549,0.2744231593501398,0.4707312957725224,1.4445526668465445,0.3241133427642444,0.12066747843902995,17.756219452303256,18.080332795067502,-0.8443724629389102,-0.8443724629389102
771,300,339,264,390,131.89768762188365,12.857342857142855,39,126,0.2915504734764046,-0.8930056110870699,1.1544050417956586,-1.177853751357517,0.4708035469166964,0.02,3.0,3.0,2.0,0.005,5.0,4.242640687119285,4.242640687119285,0.0321661491085562,0.0321661491085562,0.02,0.3544616731386198,-0.1840822648098301,-1.6019289573643096,0.8863345372420929,2.0407395790377514,0.2680705045535657,0.3237166225849609,0.2593843243678484,0.4696540321028076,1.437507366328857,0.3189836085731965,0.11497504500501572,16.918577872488065,17.237561481061263,-0.8427713140062387,-0.8427713140062387
772,300,337,263,390,132.2800060477773,12.874019047619049,37,127,0.2768134403156205,-0.8837170084991818,1.1966138777574933,-1.1689809122879542,0.5498325950663991,0.02,3.0,3.0,2.0,0.005,5.0,4.242640687119285,4.242640687119285,0.032073181835106,0.032073181835106,0.02,0.3529687152439755,-0.1777795780112306,-1.5896544389871328,0.8827272797947648,2.0793411575522582,0.3138865979627284,0.3088866221507265,0.2447402584805144,0.4689931464229604,1.4307191995874131,0.3123823004442972,0.10931671606152482,16.085954768453377,16.398337068897675,-0.8392244121635883,-0.8392244121635883
773,300,335,263,390,131.73458164050928,12.89069523809524,35,127,0.2622762446250364,-0.8717336079447315,1.2367417078882497,-1.1483746214457096,0.6281397628352414,0.02,3.0,3.0,2.0,0.005,5.0,4.242640687119285,4.242640687119285,0.0322059753352922,0.0322059753352922,0.02,0.3533489643176826,-0.1650356793093662,-1.578431536580097,0.8838802678856853,2.120621975773935,0.3528614400025643,0.2944822199603286,0.2300702692897441,0.4675190018257891,1.420172963730598,0.3039677932881356,0.10371184959275409,15.261198667573765,15.565166460861901,-0.8331706080357737,-0.8331706080357737
774,300,334,263,390,131.47243057006287,12.907371428571428,34,127,0.2479925206795864,-0.8565339887335613,1.2737794567441578,-1.1261060536467216,0.7101207020166506,0.02,3.0,3.0,2.0,0.005,5.0,4.242640687119285,4.242640687119285,0.0322701928360436,0.0322701928360436,0.02,0.3529008522836496,-0.1507322841662621,-1.5623356933008603,0.88307007071456,2.156849527458718,0.3907093860295978,0.28026271351563,0.2157223278435427,0.4659397038629528,1.4078797586518543,0.2934601895423299,0.09818335615823193,14.447680858683828,14.741141048226158,-0.8240254126357431,-0.8240254126357431
775,300,332,262,391,132.90974381135493,12.924047619047618,32,129,0.2340240289595464,-0.8376308569984309,1.308500193797553,-1.113293026121471,0.8065956637869058,0.02,3.0,3.0,2.0,0.005,5.0,4.242640687119285,4.242640687119285,0.031921216349202,0.031921216349202,0.02,0.348436911670591,-0.1407570336572489,-1.5345046803396127,0.8723732350746402,2.180873428872193,0.4361269587229127,0.2659452453087485,0.2021028126103443,0.4649965513315914,1.3959844217548836,0.28065018103837036,0.09275749157432013,13.649264885161207,13.929915066199577,-0.8112259820265812,-0.8112259820265812
776,300,329,262,392,133.19534526401438,12.94072380952381,29,130,0.2204393835676049,-0.8146132302420108,1.339931790613044,-1.0850269045871868,0.900849503164076,0.02,3.0,3.0,2.0,0.005,5.0,4.242640687119285,4.242640687119285,0.0318527699200726,0.0318527699200726,0.02,0.3462862316070162,-0.1220407670279783,-1.5071856934560433,0.8676259467005567,2.207557737313601,0.4723058439124872,0.2522921534876775,0.1885866136475323,0.4630320591000979,1.3793801173140623,0.26543788595412937,0.08746335812179903,12.870233147622729,13.135671033576859,-0.7942440326227178,-0.7942440326227178
777,300,327,262,392,132.7742444904131,12.9574,27,130,0.2073130600178609,-0.787129624627741,1.3678510075387873,-1.045105412259708,0.993520410165724,0.02,3.0,3.0,2.0,0.005,5.0,4.242640687119285,4.242640687119285,0.0319537927208888,0.0319537927208888,0.02,0.3454482941312775,-0.0962330363651861,-1.478026212890296,0.8663496425223273,2.2342006500611147,0.50150136501646,0.2392668527387497,0.175359267296972,0.4603517837809778,1.3590568526570646,0.24782921838664349,0.08233249605468733,12.11522679444724,12.363056012833884,-0.7726150207429754,-0.7726150207429754
778,302,324,261,392,132.83448347473634,12.97407619047619,22,131,0.1947231193098892,-0.7549650338875379,1.3924671188464517,-1.002853903179379,1.0925568738771574,0.02,3.0,3.0,2.0,0.005,5.0,4.242640687119285,4.242640687119285,0.0319393020256384,0.0319393020256384,0.02,0.3433111738518273,-0.0683426861838831,-1.4415873815911926,0.8620365529844298,2.2545036718308813,0.5304305658620216,0.2266624213355276,0.1627838172842507,0.4575952592810249,1.3371078376127197,0.22798888095712452,0.07739795775310494,11.389109483369392,11.617098364326516,-0.7459576485073676,-0.7459576485073676
779,303,322,261,392,132.3706916201619,12.99075238095238,19,131,0.1827496512160108,-0.7179978011749165,1.4130650529174007,-0.9504186552327918,1.1880854789368045,0.02,3.0,3.0,2.0,0.005,5.0,4.242640687119285,4.242640687119285,0.032051208883108,0.032051208883108,0.02,0.3421467417737228,-0.0337043176274708,-1.402291284722362,0.8603450223631349,2.273410075280536,0.5527200305542658,0.2148008600991188,0.1506984423329028,0.454322607138121,1.312418441291456,0.206208336996806,0.07269364809590993,10.696870317313147,10.903078654309953,-0.7140197100165633,-0.7140197100165633
780,303,320,261,391,131.10682667199293,13.007428571428571,17,130,0.1714727111343985,-0.676229987760829,1.429575336815628,-0.8865836779576292,1.2747363892901866,0.02,3.0,3.0,2.0,0.005,5.0,4.242640687119285,4.242640687119285,0.0323601813484026,0.0323601813484026,0.02,0.3426880089098217,0.0091460300588145,-1.3616060055804726,0.8630600416829792,2.2926353784986078,0.5665152951326489,0.2038328924828011,0.1391125297859958,0.4505578340316214,1.2853372399510918,0.1829147985388044,0.06825345869380987,10.043496446794123,10.226411245332928,-0.6766674089770248,-0.6766674089770248
781,304,318,261,390,129.75746606650424,13.02410476190476,14,129,0.1609698573124386,-0.6298113371250418,1.4420346405671902,-0.8172272320530227,1.356448633646897,0.02,3.0,3.0,2.0,0.005,5.0,4.242640687119285,4.242640687119285,0.0326966980454505,0.0326966980454505,0.02,0.3434216069907114,0.0570318768563811,-1.316654551106465,0.8663612528664427,2.308395893433633,0.5756733877007475,0.1936665553578891,0.128273159266988,0.4467264712665401,1.257505521008164,0.15866492814849326,0.06411024045390736,9.433821882792468,9.592486810940962,-0.6339244343919663,-0.6339244343919663
782,304,315,260,390,130.4645545732633,13.040780952380953,11,130,0.1513138894800174,-0.5790271972610181,1.4497433557600734,-0.755425253764638,1.453989444120328,0.02,3.0,3.0,2.0,0.005,5.0,4.242640687119285,4.242640687119285,0.0325194893049422,0.0325194893049422,0.02,0.3392277847457372,0.0994283722304563,-1.2574827667524926,0.8575201120280976,2.307263467788171,0.5922232437319758,0.1838333787849596,0.1187944001750752,0.4435179507875094,1.2315854663358603,0.13410899806718005,0.06029485561173571,8.872388003266911,9.006497001334091,-0.5859898096068701,-0.5859898096068701
783,304,313,260,389,129.31357237351384,13.057457142857142,9,129,0.1425704592968637,-0.5243062074421327,1.4530264987032804,-0.677999087019508,1.523481343042574,0.02,3.0,3.0,2.0,0.005,5.0,4.242640687119285,4.242640687119285,0.0328089357462393,0.0328089357462393,0.02,0.3395399587925616,0.1547737101429905,-1.2033861250272562,0.8598029219812999,2.3128294206845803,0.5932235767219805,0.175379395043103,0.1097615235506244,0.4398531634329914,1.204439639003281,0.10995879966494111,0.056835184302419454,8.363297370101023,8.473256169765964,-0.5332408315681274,-0.5332408315681274
784,304,312,261,389,128.2497563350512,13.074133333333334,8,128,0.1347960304985403,-0.4661993282832122,1.451679978185778,-0.597899502558865,1.5830356883141743,0.02,3.0,3.0,2.0,0.005,5.0,4.242640687119285,4.242640687119285,0.0330810818543423,0.0330810818543423,0.02,0.3398234423629271,0.213447556442642,-1.1458462130090663,0.861888846462303,2.313568824648081,0.5897911317234749,0.1678771123528826,0.101714948644198,0.43644565806745,1.1787588746086697,0.08693672547668732,0.05375527782340414,7.91008913171392,7.997025857190607,-0.47623031257535686,-0.47623031257535686
785,304,310,261,389,128.14054783713078,13.090809523809524,6,128,0.1280361653084595,-0.4053602769608833,1.4456226343633305,-0.5194308796117866,1.6418721181092644,0.02,3.0,3.0,2.0,0.005,5.0,4.242640687119285,4.242640687119285,0.0331092753912037,0.0331092753912037,0.02,0.3379230525309924,0.2704858281011015,-1.081206382022868,0.8583901341962203,2.3040127685595504,0.5872325001671099,0.1611454406996633,0.0949268899172557,0.4334905293457574,1.1556905544483145,0.06572678165512162,0.05107465209967828,7.515635056467659,7.58136183812278,-0.4156640190678269,-0.4156640190678269
786,304,307,261,389,128.03515142334936,13.107485714285714,3,128,0.1223235024701306,-0.3425640194315012,1.4348959141004696,-0.4386023610010345,1.6869217686693283,0.02,3.0,3.0,2.0,0.005,5.0,4.242640687119285,4.242640687119285,0.0331365303977417,0.0331365303977417,0.02,0.3362535001312087,0.3299429808309161,-1.0150710196939186,0.8551673312508247,2.2900632453512944,0.5797285828496449,0.1554600328678723,0.0891869720723888,0.4308632632191782,1.135051389366781,0.04694004296362639,0.048807470155305135,7.182019233353151,7.228959276316778,-0.35240256180600227,-0.35240256180600227
787,304,306,261,389,128.01562404644207,13.124161904761904,2,128,0.1176766882102566,-0.2786496272340301,1.419348978070595,-0.3567150592067282,1.7175899333971505,0.02,3.0,3.0,2.0,0.005,5.0,4.242640687119285,4.242640687119285,0.0331415850113742,0.0331415850113742,0.02,0.3346576668525486,0.3906657064710672,-0.9479649609391274,0.8517658257744746,2.271114803845069,0.5675831522961204,0.1508182732216308,0.0845351031988824,0.4286405903137828,1.117345744444145,0.031058245903065575,0.046962112906230105,6.91047491415176,6.941533160054826,-0.287426116261952,-0.287426116261952
788,304,303,261,389,128.00390619039715,13.140838095238095,1,128,0.1140991215056079,-0.2145314129001066,1.3990885481033335,-0.274608588517586,1.7319758241455987,0.02,3.0,3.0,2.0,0.005,5.0,4.242640687119285,4.242640687119285,0.0331446188900567,0.0331446188900567,0.02,0.3333713762297709,0.4522113395594351,-0.8812741653596485,0.8487034961439065,2.24779204424724,0.550385051959427,0.1472437403956646,0.0809545026155512,0.4268631780425336,1.1028285492137966,0.018409490848366416,0.045540685581564516,6.701311883327219,6.7197213741755855,-0.22181178587924055,-0.22181178587924055
789,304,301,260,389,129.0348790056394,13.157514285714283,3,129,0.111578678638013,-0.1511402062235878,1.3741005638721004,-0.1950235822294804,1.7435930955715468,0.02,3.0,3.0,2.0,0.005,5.0,4.242640687119285,4.242640687119285,0.0328797974610714,0.0328797974610714,0.02,0.3297625984446828,0.5083849906657778,-0.8106654031129534,0.839500656703489,2.213601220575589,0.5345999071686115,0.1444584760990845,0.0786988811769416,0.425575870643849,1.0920034430308934,0.009137344774923459,0.04453892025928602,6.553902116153938,6.563039460928861,-0.1566819132467243,-0.1566819132467243
790,304,299,260,389,129.0968628588627,13.174190476190477,5,129,0.1100876237086927,-0.0894122030717323,1.344628092824815,-0.1154283491786021,1.7255519819588006,0.02,3.0,3.0,2.0,0.005,5.0,4.242640687119285,4.242640687119285,0.0328640107370976,0.0328640107370976,0.02,0.3289781826398704,0.5685441622080084,-0.7473685683514731,0.8367981799176079,2.1814262727424234,0.5078299129072075,0.1429516344457904,0.0772236129715951,0.4247240425663331,1.0841001922331956,0.0031978168232562783,0.043946157814083946,6.466677122342453,6.4698749391657095,-0.0931645217631516,-0.0931645217631516
791,304,299,260,389,129.0968628588627,13.190866666666668,5,129,0.1095830384481976,-0.0302578254437352,1.3108614669499032,-0.0390619034171729,1.6910991020028954,0.02,3.0,3.0,2.0,0.005,5.0,4.242640687119285,4.242640687119285,0.0328640107370976,0.0328640107370976,0.02,0.328678841426274,0.6270998574088128,-0.6876155082962833,0.8348990253088749,2.1457604922587783,0.4759624416410283,0.1424470491852953,0.0767190277111,0.4243167702595287,1.079293059518916,0.00036621440023341977,0.04374553993171876,6.4371562009524155,6.437522415352649,-0.03235252381306086,-0.03235252381306086
792,304,297,260,388,128.191263352851,13.207542857142856,7,128,0.1100076429527481,0.0254617207183329,1.2729424151540674,0.0326397014602056,1.6309699007773828,0.02,3.0,3.0,2.0,0.005,5.0,4.242640687119285,4.242640687119285,0.0330961765736036,0.0330961765736036,0.02,0.3309890017472539,0.6874397242128407,-0.6365162827761748,0.8391155578276692,2.1120579729817366,0.4338268573263981,0.1431038195263517,0.0769114663791444,0.4243008928072231,1.0770510198217986,0.0002593196887753532,0.04391435903738351,6.461997932350984,6.46225725203976,0.024734836687111184,0.024734836687111184
793,304,296,260,388,128.2497563350512,13.224219047619048,8,128,0.1112912768403099,0.0769740480833731,1.230814262530893,0.0987190291081512,1.5709174893396127,0.02,3.0,3.0,2.0,0.005,5.0,4.242640687119285,4.242640687119285,0.0330810818543423,0.0330810818543423,0.02,0.331059766901838,0.7390935818870492,-0.5851454857203029,0.8376085345033742,2.0684227970342675,0.3932057280275188,0.1443723586946523,0.0782101949859676,0.424600787600367,1.077378513940721,0.0023700016313365742,0.04442467257925782,6.537090570037789,6.539460571669125,0.07720331962936555,0.07720331962936555
794,304,295,261,387,126.3210196285638,13.240895238095238,9,126,0.1133524136925893,0.1235975839459435,1.1861685303485183,0.156129728276786,1.4790829248522512,0.02,3.0,3.0,2.0,0.005,5.0,4.242640687119285,4.242640687119285,0.0335861814573252,0.0335861814573252,0.02,0.3364936656176756,0.7965849151812948,-0.5493897472894077,0.849270794185917,2.035439324534435,0.3368977361626013,0.1469385951499146,0.0797662322352641,0.42510715092092,1.0790998070985645,0.0061105451029098215,0.0452439318989673,6.657644578933038,6.663755124035948,0.12429455236682241,0.12429455236682241
795,304,295,261,387,126.3210196285638,13.257571428571428,9,126,0.1161003303874047,0.1647808412082391,1.1375677181351416,0.2081528387667723,1.4026875406418258,0.02,3.0,3.0,2.0,0.005,5.0,4.242640687119285,4.242640687119285,0.0335861814573252,0.0335861814573252,0.02,0.3369840695116049,0.838748980231449,-0.5091872978149707,0.8487281800705344,1.986295898205676,0.2888395380646071,0.14968651184473,0.0825141489300795,0.4257614381905517,1.0824170212218482,0.010861090251717966,0.046335872471007886,6.81832363410881,6.829184724360529,0.16542960032458076,0.16542960032458076
796,304,294,261,387,126.39620247459968,13.27424761904762,10,126,0.1194369598101203,0.2000834319732194,1.0860522028385513,0.2528978597949984,1.3221280695532,0.02,3.0,3.0,2.0,0.005,5.0,4.242640687119285,4.242640687119285,0.0335662037629008,0.0335662037629008,0.02,0.3373163397994692,0.8747161115721578,-0.4745492476257189,0.8478966107758608,1.933948813614412,0.2381555920626905,0.1530031635730211,0.0858707560472194,0.4264723986978328,1.0863559646628602,0.01601335190007277,0.047661278872148424,7.013357186036641,7.029370537936714,0.20018581357618537,0.20018581357618537
797,303,291,261,387,126.57013865837392,13.29092380952381,12,126,0.1232597790767816,0.2292381627638222,1.03188508095545,0.2901470604680786,1.2395455986873611,0.02,3.0,3.0,2.0,0.005,5.0,4.242640687119285,4.242640687119285,0.0335200761576995,0.0335200761576995,0.02,0.3373735989616755,0.9039853606871732,-0.4455090351595288,0.8465774610299477,1.8784625419853975,0.1853076199255023,0.1567798552344811,0.089739702919082,0.4271680344675694,1.0903994828196004,0.02102005410693306,0.049179160934295765,7.236713531481622,7.257733585588555,0.22836304765184146,0.22836304765184146
798,303,288,261,386,125.89678312014172,13.3076,15,125,0.1274638229435405,0.2520985756765589,0.9755530317417832,0.3173839970684838,1.148177830990422,0.02,3.0,3.0,2.0,0.005,5.0,4.242640687119285,4.242640687119285,0.0336993573781038,0.0336993573781038,0.02,0.3396057526796025,0.931310081035764,-0.4271129296826461,0.8509357559902075,1.8264887877319904,0.1246172757515755,0.1611631803216443,0.0937644655654367,0.4277384841533155,1.093917766164746,0.025421476743259886,0.050847580749983634,7.482221507360092,7.507642984103351,0.249909398514796,0.249909398514796
799,303,285,260,385,126.28935030318272,13.32427619047619,18,125,0.1319444816740979,0.2686859889826081,0.9172850268038012,0.3393217898418168,1.0672622900918989,0.02,3.0,3.0,2.0,0.005,5.0,4.242640687119285,4.242640687119285,0.0335946037962344,0.0335946037962344,0.02,0.3389208914902843,0.9465277719631768,-0.4091557939979606,0.8483163950170465,1.7656014218208476,0.0689686317867546,0.1655390854703324,0.0983498778778634,0.4282317712558092,1.09688556657602,0.028876864270224883,0.05262478810475799,7.7437375696151385,7.772614433885363,0.2649714497820117,0.2649714497820117
800,303,283,260,383,124.61540835707277,13.34095238095238,20,123,0.1365999358741053,0.2791677275846937,0.8575364138616752,0.3478860037308265,0.9715039588242692,0.02,3.0,3.0,2.0,0.005,5.0,4.242640687119285,4.242640687119285,0.0340458755707194,0.0340458755707194,0.02,0.3436269630260808,0.9664216536368552,-0.4080861984674679,0.8594669734879651,1.7170033873496404,-0.0019305596262898,0.1706458114448247,0.1025540603033859,0.4284395828284466,1.098527969442754,0.03117384804992071,0.05447020666268593,8.015290910414235,8.046464758464156,0.27385032457879266,0.27385032457879266
801,303,282,260,382,123.79418403139948,13.357628571428572,21,122,0.1413329416326618,0.2838181637055376,0.7969373657413911,0.3513503798921718,0.8868424895226455,0.02,3.0,3.0,2.0,0.005,5.0,4.242640687119285,4.242640687119285,0.0342717286786523,0.0342717286786523,0.02,0.345970046410624,0.9757582565267856,-0.4081219291157104,0.8650032498836471,1.661940615625038,-0.068065884142256,0.1756046703113142,0.1070612129540094,0.4285258309228412,1.0992122456499616,0.03222110001967334,0.056345156165850646,8.291189729804923,8.323410829824597,0.2769460713604417,0.2769460713604417
802,303,281,260,382,123.96773773849388,13.374304761904762,22,122,0.1460529902095804,0.2830411767998093,0.7360395478126233,0.3508797437471343,0.8131381606985446,0.02,3.0,3.0,2.0,0.005,5.0,4.242640687119285,4.242640687119285,0.0342237485697206,0.0342237485697206,0.02,0.3454770361010884,0.973995249001986,-0.4079128954023674,0.863694774579844,1.5997343223924672,-0.1276552267672207,0.180276738779301,0.1118292416398597,0.4285138221273768,1.0989461600761048,0.032044923105688364,0.058213715777370924,8.566148276640131,8.59819319974582,0.2747823699212226,0.2747823699212226
803,303,279,260,381,123.3572048969982,13.390980952380952,24,121,0.1506781049506214,0.2773483996626661,0.6747377638541717,0.3421292336504205,0.737448650444256,0.02,3.0,3.0,2.0,0.005,5.0,4.242640687119285,4.242640687119285,0.0343931324535266,0.0343931324535266,0.02,0.3470272678527759,0.971402935368218,-0.4167061360428857,0.8676848950832305,1.5424226589374022,-0.1929471312290588,0.1850712374041481,0.1162849724970948,0.4283076910955207,1.097514721887257,0.030768853918176794,0.06004343545096072,8.83539152660887,8.866160380527047,0.26796718078122694,0.26796718078122694
804,303,278,260,381,123.5556554755791,13.407657142857143,25,121,0.1551355571342442,0.2672943913651384,0.6142378582835296,0.3302573373006564,0.6706496780137234,0.02,3.0,3.0,2.0,0.005,5.0,4.242640687119285,4.242640687119285,0.0343378914610496,0.0343378914610496,0.02,0.3462599702478056,0.9598143318607496,-0.4252255491304729,0.8660147591079856,1.4802526173915154,-0.251776900824456,0.1894734485952939,0.1207976656731945,0.4280324741713517,1.0953218809224523,0.028578516662103908,0.06180561195360849,9.09469579897349,9.123274315635594,0.2571139351085474,0.2571139351085474
805,303,278,260,382,124.53513560437472,13.424333333333331,25,122,0.1593634570878221,0.253529123429898,0.554194188038966,0.315732837660006,0.6101190140159143,0.02,3.0,3.0,2.0,0.005,5.0,4.242640687119285,4.242640687119285,0.0340678208324867,0.0340678208324867,0.02,0.3432916477707963,0.9401124189714908,-0.4330541721116947,0.8589187899276243,1.4131129779665903,-0.3047246018886582,0.1934312779203089,0.1252956362553354,0.4277066140430801,1.0925454197641766,0.025710806570852982,0.06347590473996785,9.34047938248627,9.366190189057123,0.24291587342152887,0.24291587342152887
806,303,278,260,382,124.53513560437472,13.441009523809525,25,122,0.1633108353554128,0.2367074346641605,0.4946803862878776,0.2947839247446491,0.5462733432653142,0.02,3.0,3.0,2.0,0.005,5.0,4.242640687119285,4.242640687119285,0.0340678208324867,0.0340678208324867,0.02,0.3429574625900226,0.9226223598442058,-0.4492074905158847,0.8584243937263715,1.353104780014249,-0.3637440074384939,0.1973786561878996,0.129243014522926,0.427266493701161,1.0891418584082964,0.02241216385011513,0.06503434977742577,9.569804569748202,9.592216733598317,0.22602654454119353,0.22602654454119353
807,303,278,260,382,124.53513560437472,13.457685714285716,25,122,0.1669380467105578,0.2175083907996559,0.4370449601001676,0.2708743694332449,0.4853570855085324,0.02,3.0,3.0,2.0,0.005,5.0,4.242640687119285,4.242640687119285,0.0340678208324867,0.0340678208324867,0.02,0.3426037183816476,0.9027158275629512,-0.4676990459636393,0.8578531019871735,1.294898062087341,-0.4208081418870059,0.2010058675430446,0.132870225878071,0.4268005875032018,1.0854838091943368,0.018923960027302338,0.06646549846988313,9.780398099843303,9.799322059870606,0.2071053262722895,0.2071053262722895
808,303,278,260,382,124.53513560437472,13.474361904761905,25,122,0.1702165143430922,0.1965957175420679,0.3808016880619022,0.2448307434334078,0.4260992229299892,0.02,3.0,3.0,2.0,0.005,5.0,4.242640687119285,4.242640687119285,0.0340678208324867,0.0340678208324867,0.02,0.3422520659239322,0.8810998493899324,-0.4879084143057964,0.857225963981997,1.2380276520438993,-0.4764242759200948,0.2042843351755789,0.1361486935106054,0.4263374089786345,1.0817778527230095,0.01545995046235222,0.06775829533527754,9.97063315858609,9.986093109048442,0.18677104917783538,0.18677104917783538
809,303,278,261,381,122.57650672131264,13.491038095238094,25,120,0.1731281866352924,0.1746005657801433,0.3267405584491528,0.2140192742489473,0.3631392762169583,0.02,3.0,3.0,2.0,0.005,5.0,4.242640687119285,4.242640687119285,0.0346121846722656,0.0346121846722656,0.02,0.3473443771423668,0.869289320064877,-0.5200881885045903,0.8701002206407349,1.1968407790898876,-0.5433596621915822,0.207740371307558,0.1385160019630267,0.4258520966056009,1.0780116245815403,0.01219414302829846,0.06890584374554715,10.139494907157262,10.15168905018556,0.16559594113711817,0.16559594113711817
810,303,278,261,381,122.57650672131264,13.507714285714286,25,120,0.1756650499863484,0.1521248725647422,0.2747839826612869,0.1864693546441095,0.308453980163438,0.02,3.0,3.0,2.0,0.005,5.0,4.242640687119285,4.242640687119285,0.0346121846722656,0.0346121846722656,0.02,0.3470502850379109,0.8462254426405641,-0.5419756975110798,0.8694432742077258,1.1442272568690128,-0.5946592915464388,0.210277234658614,0.1410528653140827,0.4254701108307577,1.0747273944763207,0.009256790741135622,0.06990519656532167,10.286549674587084,10.29580646532822,0.1441174151426594,0.1441174151426594
811,303,278,261,381,122.57650672131264,13.524390476190476,25,120,0.1778277233229691,0.1296862937436778,0.225754136218835,0.1589649285673405,0.2561059615347947,0.02,3.0,3.0,2.0,0.005,5.0,4.242640687119285,4.242640687119285,0.0346121846722656,0.0346121846722656,0.02,0.3467968402030144,0.8232799741497068,-0.563907386662351,0.8688049917642057,1.094559127983041,-0.6430508555453707,0.2124399079952347,0.1432155386507034,0.42514090490106,1.071810079869616,0.006727413913988595,0.07075678879919992,10.411861471802268,10.418588885716257,0.1227824203880381,0.1227824203880381
812,302,278,260,381,123.3572048969982,13.541066666666667,24,121,0.1796245844363707,0.1077500953210515,0.1792378923294437,0.1329175058619005,0.2067809801674367,0.02,3.0,3.0,2.0,0.005,5.0,4.242640687119285,4.242640687119285,0.0343931324535266,0.0343931324535266,0.02,0.3444003876052817,0.796550870531615,-0.5810506798895118,0.8627457033503018,1.0419835956797456,-0.683507811020858,0.2140177168898974,0.1452314519828441,0.4248768503780012,1.0693592771928908,0.004644033216678274,0.07146408423364693,10.515939994981146,10.520584028197824,0.1019951424815666,0.1019951424815666
813,302,278,260,381,123.3572048969982,13.557742857142856,24,121,0.1810705412392223,0.0867078608220666,0.1355719393117662,0.1069603935360808,0.1579634480434495,0.02,3.0,3.0,2.0,0.005,5.0,4.242640687119285,4.242640687119285,0.0343931324535266,0.0343931324535266,0.02,0.3442351450740526,0.775178150970172,-0.6017624293260385,0.8621941875850254,0.9977661268967916,-0.7266222482732592,0.215463673692749,0.1466774087856956,0.4246609839752318,1.067296704830189,0.0030073012513355487,0.07203308635261844,10.599668656787804,10.60267595803914,0.08209192984131519,0.08209192984131519
814,302,279,260,381,123.1665539016173,13.574419047619047,23,121,0.1821856578250166,0.0668687844137011,0.0952033040823028,0.0823599773982574,0.1117513172656887,0.02,3.0,3.0,2.0,0.005,5.0,4.242640687119285,4.242640687119285,0.0344463699983699,0.0344463699983699,0.02,0.3446441485161926,0.7561570814460864,-0.6224195126186841,0.8630367100360955,0.9582400141183984,-0.7678334059537927,0.2166320278233865,0.1477392878266466,0.4244994879388069,1.065661062954138,0.0017885737315864146,0.07247179590342477,10.664224767188955,10.666013340920541,0.0633373828814019,0.0633373828814019
815,302,279,260,381,123.1665539016173,13.59109523809524,23,121,0.1829938962108282,0.0484666079441492,0.0578162126222825,0.0596946507978161,0.0683170394467166,0.02,3.0,3.0,2.0,0.005,5.0,4.242640687119285,4.242640687119285,0.0344463699983699,0.0344463699983699,0.02,0.3445585081452641,0.7375836242346775,-0.640650408346379,0.8626239245541282,0.9204401371764108,-0.8048077119318456,0.2174402662091981,0.1485475262124583,0.4243877595398446,1.0644352085725242,0.0009396048342447467,0.07278971702873747,10.71100686077872,10.711946465612966,0.045933124692425054,0.045933124692425054
816,302,279,260,381,123.1665539016173,13.607771428571429,23,121,0.1835221283558425,0.0316758282275927,0.0235037957348487,0.0390140260477217,0.027713013655134,0.02,3.0,3.0,2.0,0.005,5.0,4.242640687119285,4.242640687119285,0.0344463699983699,0.0344463699983699,0.02,0.3445041995772515,0.7206842273820958,-0.6573325709269103,0.862282848786626,0.8857866445214747,-0.8387790530517772,0.2179684983542125,0.1490757583574726,0.4243169064799647,1.063560150518423,0.00040134323756158344,0.07299747182592534,10.741577979184914,10.741979322422475,0.030032856809508957,0.030032856809508957
817,302,279,260,381,123.1665539016173,13.624447619047618,23,121,0.183798741412695,0.0165873049511754,-0.0069952772621818,0.0204300118935151,-0.0089547207771266,0.02,3.0,3.0,2.0,0.005,5.0,4.242640687119285,4.242640687119285,0.0344463699983699,0.0344463699983699,0.02,0.3444748061684369,0.7055369172880493,-0.6723623073856985,0.8620127450458794,0.8550174677836976,-0.8690080223080613,0.2182451114110649,0.149352371414325,0.4242785584251559,1.0629812759851025,0.00011005547421731519,0.07310625619229054,10.757585598695552,10.757695654169769,0.01571633174729392,0.01571633174729392
818,302,279,260,381,123.1665539016173,13.64112380952381,23,121,0.183852600859091,0.0032297212287731,-0.0348769095132065,0.0039779363381088,-0.0429695351802397,0.02,3.0,3.0,2.0,0.005,5.0,4.242640687119285,4.242640687119285,0.0344463699983699,0.0344463699983699,0.02,0.3444641210495756,0.6921579633279245,-0.6856985208703781,0.8618075326506989,0.8269306231374923,-0.8966844421639054,0.218298970857461,0.1494062308607211,0.42426461805714,1.06263914533895,4.172439686235049e-06,0.07312743699235787,10.76070235342546,10.760706525865146,0.0030108716953769488,0.0030108716953769488
819,302,279,260,381,123.1665539016173,13.6578,23,121,0.1837126638351434,-0.0083914263360912,-0.0594453372370371,-0.0103354306413562,-0.0733035023349322,0.02,3.0,3.0,2.0,0.005,5.0,4.242640687119285,4.242640687119285,0.0344463699983699,0.0344463699983699,0.02,0.3444665424152645,0.6805416584944378,-0.6973245111666203,0.861656289923118,0.8022109526860809,-0.9211016271601552,0.2181590338335134,0.1492662938367735,0.4242677771004071,1.0624733972585427,2.8166414381618e-05,0.07307240482924719,10.752604370623725,10.752632537038107,-0.008073988827039358,-0.008073988827039358
820,302,279,260,382,124.1491039033307,13.67447619047619,23,122,0.1834065049970057,-0.0183590394086039,-0.0805287430260564,-0.022792582911041,-0.1003941627793526,0.02,3.0,3.0,2.0,0.005,5.0,4.242640687119285,4.242640687119285,0.0341737519943989,0.0341737519943989,0.02,0.3417512338834863,0.6651434283583687,-0.7018615071755766,0.8547414052333633,0.7742126622073068,-0.9352701482594198,0.2175802569914046,0.1492327530026068,0.4242820874597496,1.0624453284042596,0.00013482173120266846,0.07295199865855037,10.734886602605688,10.73502142433689,-0.01761111270121596,-0.01761111270121596
821,302,279,260,382,124.1491039033307,13.69115238095238,23,122,0.1829603805354207,-0.0267521807346786,-0.0987178504705862,-0.0332125926567029,-0.1234458360332821,0.02,3.0,3.0,2.0,0.005,5.0,4.242640687119285,4.242640687119285,0.0341737519943989,0.0341737519943989,0.02,0.3417666385722732,0.6567810964098679,-0.710285457879225,0.854674207162846,0.7559563566922598,-0.9533920576334324,0.2171341325298196,0.1487866285410218,0.4243023276331092,1.0624903321077184,0.00028627166962436355,0.07277653455832205,10.70906706025709,10.709353331926714,-0.025668092410176868,-0.025668092410176868
822,302,279,260,382,124.1491039033307,13.707828571428571,23,122,0.1823988204895378,-0.0336743602613935,-0.1139324976228096,-0.0418064165096994,-0.1428539791841871,0.02,3.0,3.0,2.0,0.005,5.0,4.242640687119285,4.242640687119285,0.0341737519943989,0.0341737519943989,0.02,0.3417836559959846,0.6498929517305757,-0.7172416722533629,0.8546343665399464,0.7407018689171367,-0.968566864162756,0.2165725724839368,0.1482250684951389,0.4243246867120942,1.0625827215273895,0.0004535850156056471,0.07255564818916181,10.676563631035162,10.677017216050768,-0.03233611587594609,-0.03233611587594609
823,302,279,260,382,124.1491039033307,13.72450476190476,23,122,0.181744012534953,-0.0392660395382184,-0.1266809673954622,-0.0487484362250257,-0.159187443861775,0.02,3.0,3.0,2.0,0.005,5.0,4.242640687119285,4.242640687119285,0.0341737519943989,0.0341737519943989,0.02,0.3418002485125005,0.6443344574867826,-0.7228665365632196,0.8546149599393504,0.7279339925438882,-0.9812959273348126,0.2159177645293519,0.1475702605405541,0.4243464874458603,1.0626969275779057,0.0006167287444067724,0.07229805440895266,10.638658706277385,10.63927543502179,-0.03774178102897707,-0.03774178102897707
824,302,280,260,382,123.96773773849388,13.741180952380953,22,122,0.1810159113980838,-0.0436611190012842,-0.1365914703448714,-0.0541257014972038,-0.1716925444243802,0.02,3.0,3.0,2.0,0.005,5.0,4.242640687119285,4.242640687119285,0.0342237485697206,0.0342237485697206,0.02,0.3423149277243057,0.6409687364473271,-0.7282909744498958,0.8558578535100883,0.7192663831652168,-0.9924493238549597,0.2152396599678045,0.1467921628283632,0.42436568700375,1.0628113099801886,0.0007625173249777202,0.07201159155571277,10.596505697423135,10.597268214748112,-0.042007220273678314,-0.042007220273678314
825,302,280,260,382,123.96773773849388,13.757857142857144,22,122,0.1802321020168592,-0.0470017047564693,-0.1438744674027485,-0.058266950085121,-0.181096568407455,0.02,3.0,3.0,2.0,0.005,5.0,4.242640687119285,4.242640687119285,0.0342237485697206,0.0342237485697206,0.02,0.3423272298999236,0.637652755043378,-0.7316561645563165,0.8558588224852818,0.7119843550825332,-0.9997332898880305,0.2144558505865799,0.1460083534471385,0.4243818296143662,1.0629151926890572,0.0008836641000057238,0.07170316828274488,10.55112121280591,10.552004876905915,-0.04526333784219716,-0.04526333784219716
826,302,280,260,382,123.96773773849388,13.774533333333332,22,122,0.1794080237997819,-0.0494164550503327,-0.1487256785872538,-0.0612604613964571,-0.1873991340178028,0.02,3.0,3.0,2.0,0.005,5.0,4.242640687119285,4.242640687119285,0.0342237485697206,0.0342237485697206,0.02,0.3423366867677663,0.6352569184851999,-0.7340898285858655,0.8558630078979983,0.7071373293107445,-1.0045886864852522,0.2136317723695025,0.1451842752300612,0.4243942386594267,1.0629993116520258,0.000976794411896621,0.07137885201591535,10.503398074141943,10.504374868553839,-0.0476300083520762,-0.0476300083520762
827,302,280,260,382,123.96773773849388,13.791209523809524,22,122,0.1785568740048347,-0.0510398220842081,-0.1514479099204518,-0.063272912783545,-0.190975985991838,0.02,3.0,3.0,2.0,0.005,5.0,4.242640687119285,4.242640687119285,0.0342237485697206,0.0342237485697206,0.02,0.3423433104555856,0.6336467988269631,-0.7357264429953795,0.8558678984451111,0.7044199885246593,-1.0073158083655631,0.2127806225745553,0.144333125435114,0.4244029300706982,1.063060655853852,0.0010420253753550468,0.07104383083432304,10.454099707270636,10.455141732645991,-0.049233135907847725,-0.049233135907847725
828,302,280,260,382,123.96773773849388,13.807885714285714,22,122,0.1776895663990128,-0.0520087370709899,-0.1523783317359305,-0.0644740547732676,-0.192253184819294,0.02,3.0,3.0,2.0,0.005,5.0,4.242640687119285,4.242640687119285,0.0342237485697206,0.0342237485697206,0.02,0.3423473657919063,0.6326859945128226,-0.7367034686548025,0.8558718422641794,0.7034935105282489,-1.00825017400011,0.2119133149687334,0.1434658178292921,0.4244082513606853,1.0630993894676304,0.001081963492687744,0.07070239683330203,10.403857694020394,10.404939657513081,-0.050202075132910196,-0.050202075132910196
829,302,280,260,382,123.96773773849388,13.824561904761904,22,122,0.1768153388994353,-0.0524236935783229,-0.1514389187078683,-0.064988466968007,-0.1911423370562369,0.02,3.0,3.0,2.0,0.005,5.0,4.242640687119285,4.242640687119285,0.0342237485697206,0.0342237485697206,0.02,0.3423491258765638,0.6322745581748048,-0.7371219453314506,0.8558734433947811,0.7044345246869128,-1.0073123621026494,0.2110390874691559,0.1425915903297146,0.4244105608895317,1.0631160639246189,0.0010992974593575576,0.07035818484817136,10.353206900408416,10.354306197867775,-0.05063345964530619,-0.05063345964530619
830,301,280,260,382,123.79418403139948,13.841238095238095,21,122,0.1759415392619636,-0.0523980365131477,-0.1486819732513588,-0.064865721749926,-0.1874584720450075,0.02,3.0,3.0,2.0,0.005,5.0,4.242640687119285,4.242640687119285,0.0342717286786523,0.0342717286786523,0.02,0.3428286616415859,0.6332592867700242,-0.7380553597963195,0.8570716565041615,0.7083896832528027,-1.0057536297555203,0.2102132679406159,0.1416698105833112,0.4244100307667267,1.0631130725117428,0.001098221692173264,0.07001408759287658,10.30257298929179,10.303671210983962,-0.050634986883812516,-0.050634986883812516
831,301,280,260,382,123.79418403139948,13.857914285714283,21,122,0.1750743010962771,-0.0520045730423136,-0.1448526978579525,-0.0643786368567452,-0.182667198883502,0.02,3.0,3.0,2.0,0.005,5.0,4.242640687119285,4.242640687119285,0.0342717286786523,0.0342717286786523,0.02,0.3428269955326137,0.6336494180229139,-0.7376585641075412,0.8570680533052117,0.7122153554472592,-1.0019207511631645,0.2093460297749295,0.1408025724176247,0.4244078472720124,1.0630946923329256,0.0010817902469253324,0.06967252134972286,10.25231151661172,10.253393306858644,-0.050277904125318074,-0.050277904125318074
832,301,280,260,382,123.79418403139948,13.874590476190477,21,122,0.1742186254786522,-0.0513112163624205,-0.1398135234077353,-0.0635203016124444,-0.176340314407598,0.02,3.0,3.0,2.0,0.005,5.0,4.242640687119285,4.242640687119285,0.0342717286786523,0.0342717286786523,0.02,0.3428240900791195,0.6343369637958185,-0.7369593965206596,0.8570619780756152,0.7172484546678799,-0.9968755014833506,0.2084903541573046,0.1399468967999998,0.424404039570996,1.063062897322245,0.001053136369836452,0.06933545771734956,10.202712603107988,10.203765739477825,-0.04962756738081886,-0.04962756738081886
833,301,280,260,382,123.79418403139948,13.891266666666668,21,122,0.1733780788253575,-0.0504039969137274,-0.1335063426699771,-0.0623972166985606,-0.1684181566563618,0.02,3.0,3.0,2.0,0.005,5.0,4.242640687119285,4.242640687119285,0.0342717286786523,0.0342717286786523,0.02,0.3428203473102974,0.6352366977068674,-0.7360446915343223,0.857053869285214,0.7235475266152368,-0.9905602119551912,0.2076498075040099,0.1391063501467051,0.4243991345354218,1.0630215902167717,0.0010162251619516168,0.06900430418492713,10.153983360812028,10.154999585973979,-0.04876615350384661,-0.04876615350384661
834,301,280,260,382,123.79418403139948,13.907942857142856,21,122,0.1725555904933248,-0.049321116426869,-0.1264288621720292,-0.0610566736358191,-0.1595229616150758,0.02,3.0,3.0,2.0,0.005,5.0,4.242640687119285,4.242640687119285,0.0342717286786523,0.0342717286786523,0.02,0.3428159672009888,0.6363108179751086,-0.7349530508288468,0.857044193719387,0.7306153315473578,-0.9834730558914162,0.2068273191719772,0.1382838618146724,0.4243933942378186,1.062973019568398,0.0009730290102371069,0.06868021796708805,10.106294073857008,10.107267102867246,-0.04773248310673317,-0.04773248310673317
835,301,280,260,382,123.79418403139948,13.924619047619048,21,122,0.171753224629971,-0.0481144578253231,-0.1183822393647289,-0.0595629004659905,-0.1494161639220891,0.02,3.0,3.0,2.0,0.005,5.0,4.242640687119285,4.242640687119285,0.0342717286786523,0.0342717286786523,0.02,0.3428111984171229,0.6375079390089227,-0.7337368546595688,0.8570333051622202,0.7386510657974913,-0.9754155445269492,0.2060249533086234,0.1374814959513186,0.4243871445627348,1.0629197012918326,0.0009260004207299183,0.06836401586161572,10.059764934036753,10.060690934457483,-0.04657616840976253,-0.04657616840976253
836,301,280,260,382,123.79418403139948,13.941295238095238,21,122,0.1709725285225755,-0.0468150150065838,-0.1103227571342084,-0.0579542658315777,-0.1392862868198368,0.02,3.0,3.0,2.0,0.005,5.0,4.242640687119285,4.242640687119285,0.0342717286786523,0.0342717286786523,0.02,0.342806194960836,0.638797374915088,-0.7324274049282559,0.8570216444727556,0.7466988873385472,-0.967344401606964,0.2052442572012279,0.1367007998439232,0.4243805873349178,1.062863467501101,0.0008766582520266667,0.06805631128232721,10.01448620519445,10.015362863446477,-0.04532807101100644,-0.04532807101100644
837,301,280,260,382,123.79418403139948,13.957971428571428,21,122,0.1702143773363042,-0.0454630922664141,-0.1014017426460863,-0.0562806641066497,-0.1280881529274379,0.02,3.0,3.0,2.0,0.005,5.0,4.242640687119285,4.242640687119285,0.0342717286786523,0.0342717286786523,0.02,0.3428011347478898,0.6401391772293654,-0.7310653617621938,0.8570095014042155,0.7556077587581291,-0.958411244050302,0.2044861060149566,0.1359426486576518,0.424373955719542,1.062806163454282,0.0008267571033697929,0.06775745288591951,9.970509192163057,9.971335949266427,-0.04402691418004956,-0.04402691418004956
838,301,280,260,382,123.79418403139948,13.97464761904762,21,122,0.1694792769253892,-0.0440808356059817,-0.0924714587236742,-0.0545695107526476,-0.1168797574214912,0.02,3.0,3.0,2.0,0.005,5.0,4.242640687119285,4.242640687119285,0.0342717286786523,0.0342717286786523,0.02,0.3427961142191218,0.6415113928322619,-0.7296730640442254,0.8569972526108401,0.7645257938871659,-0.9494687113345144,0.2037510056040416,0.1352075482467368,0.4243673761062275,1.0627490607076169,0.0007772480270886339,0.06746764376918599,9.927863780635718,9.928641028662806,-0.0426949206036209,-0.0426949206036209
839,301,280,260,382,123.79418403139948,13.99132380952381,21,122,0.1687674326506441,-0.0426862643336617,-0.0835039963099826,-0.0528431126253428,-0.1056287659392918,0.02,3.0,3.0,2.0,0.005,5.0,4.242640687119285,4.242640687119285,0.0342717286786523,0.0342717286786523,0.02,0.3427912059686847,0.6428961476037076,-0.7282686762710311,0.8569851067787685,0.7734811104687858,-0.9404891030887512,0.2030391613292964,0.1344957039719917,0.4243609436329082,1.0626930239188737,0.0007288468651052957,0.06718696850323701,9.886562415251326,9.887291262116431,-0.04134976654637512,-0.04134976654637512
840,301,280,260,382,123.79418403139948,14.008,21,122,0.1680788494667173,-0.0412913959522056,-0.0738801441952281,-0.0511163466942072,-0.0935699869786847,0.02,3.0,3.0,2.0,0.005,5.0,4.242640687119285,4.242640687119285,0.0342717286786523,0.0342717286786523,0.02,0.3427864544325448,0.6442815129128839,-0.7268643048172952,0.85697323105887,0.7830930868636419,-0.9308533752540982,0.2023505781453697,0.1338071207880649,0.4243547165352719,1.0626386310480442,0.0006819917518727285,0.06691543252821482,9.84660589652681,9.847287888278682,-0.04000337383774877,-0.04000337383774877
841,301,280,260,382,123.79418403139948,14.02467619047619,21,122,0.1674133217336521,-0.0399088589216694,-0.0646460203901193,-0.049404846258323,-0.0819997044900905,0.02,3.0,3.0,2.0,0.005,5.0,4.242640687119285,4.242640687119285,0.0342717286786523,0.0342717286786523,0.02,0.3427819005995858,0.6456549422775022,-0.725472660120841,0.8569617216776122,0.7923157012874928,-0.9216077420677316,0.2016850504123045,0.1331415930549997,0.4243487485316224,1.0625863435904377,0.0006370868081718846,0.06665295808903625,9.807982782801684,9.808619869609856,-0.038668018668825965,-0.038668018668825965
842,300,280,260,382,123.62847568420472,14.04135238095238,20,122,0.1667704257493103,-0.0385517295007951,-0.0552247306888887,-0.0476609155317308,-0.0701109034747199,0.02,3.0,3.0,2.0,0.005,5.0,4.242640687119285,4.242640687119285,0.0343176655996037,0.0343176655996037,0.02,0.3432368697347228,0.6479220099686506,-0.7250254689702408,0.8580988817786244,0.8028741510897356,-0.9133236124675131,0.2010880913489141,0.1324527601497065,0.424342888112811,1.062536059879971,0.0005944943390009901,0.06639938124691165,9.77066895048305,9.77126344482205,-0.037356424787805764,-0.037356424787805764
843,300,280,260,382,123.62847568420472,14.058028571428572,20,122,0.1661494293353804,-0.0372385056896832,-0.0458647585698974,-0.0460373969517312,-0.0584162657645301,0.02,3.0,3.0,2.0,0.005,5.0,4.242640687119285,4.242640687119285,0.0343176655996037,0.0343176655996037,0.02,0.3432328376994751,0.649227169709267,-0.7237041810886334,0.8580883747901942,0.8122236162202967,-0.9039531333600916,0.2004670949349841,0.1318317637357766,0.4243376102297237,1.0624893451763748,0.0005546825224002273,0.06615441617253344,9.734622339788295,9.735177022310696,-0.036086422511354854,-0.036086422511354854
844,300,280,260,382,123.62847568420472,14.074704761904762,20,122,0.1655493007242254,-0.0359871525821078,-0.0371659730097977,-0.0444903681794088,-0.0475488075733224,0.02,3.0,3.0,2.0,0.005,5.0,4.242640687119285,4.242640687119285,0.0343176655996037,0.0343176655996037,0.02,0.343229125593408,0.6504710986047083,-0.722445403768924,0.858078516731625,0.8209125437218273,-0.8952444897414228,0.1998669663238292,0.1312316351246217,0.4243327511266602,1.0624461091363095,0.0005180300603871634,0.06591765860007229,9.699783463000637,9.700301493061025,-0.03487552924967119,-0.03487552924967119
845,300,280,260,382,123.62847568420472,14.091380952380952,20,122,0.164969008814478,-0.0347976302247168,-0.028494658474463,-0.0430197798210435,-0.03672449831396,0.02,3.0,3.0,2.0,0.005,5.0,4.242640687119285,4.242640687119285,0.0343176655996037,0.0343176655996037,0.02,0.343225714495104,0.6516537987654912,-0.7212490592149249,0.8580694394034837,0.8295747809290207,-0.8865640978779467,0.1992866744140818,0.1306513432148743,0.4243282860364841,1.062406356067632,0.0004843500277024497,0.06568870425494187,9.666092831114698,9.6665771811424,-0.033724311918623684,-0.033724311918623684
846,300,280,260,383,124.61540835707277,14.108057142857144,20,123,0.1644072938230588,-0.0336836516841898,-0.0202580126823343,-0.0419750200958272,-0.0266584771854632,0.02,3.0,3.0,2.0,0.005,5.0,4.242640687119285,4.242640687119285,0.0340458755707194,0.0340458755707194,0.02,0.3405050905799344,0.647326529475679,-0.7146938328440587,0.8512672819796308,0.8310092692972965,-0.871525294661965,0.1984531693937782,0.1303614182523394,0.4243251514478666,1.0623725362083027,0.000453835356312729,0.06546705836859172,9.633477638938272,9.633931474294585,-0.032645706847816314,-0.032645706847816314
847,300,280,260,383,124.61540835707277,14.124733333333332,20,123,0.1638626966915327,-0.0326571666534815,-0.0122834754766211,-0.0406958615830858,-0.0166361146594581,0.02,3.0,3.0,2.0,0.005,5.0,4.242640687119285,4.242640687119285,0.0340458755707194,0.0340458755707194,0.02,0.3405023097443796,0.6483474528352777,-0.7136617861422407,0.8512596424298806,0.8389761669532595,-0.8635431179065017,0.1979085722622521,0.1298168211208133,0.4243214855175415,1.0623399415846089,0.00042659621353330574,0.06525214725858293,9.601853469100478,9.60228006531401,-0.03165140898057395,-0.03165140898057395
848,300,280,260,383,124.61540835707277,14.141409523809523,20,123,0.1633334747105998,-0.0317351844648515,-0.0046275861171671,-0.0395469297137451,-0.0070217144464672,0.02,3.0,3.0,2.0,0.005,5.0,4.242640687119285,4.242640687119285,0.0340458755707194,0.0340458755707194,0.02,0.3404998853571042,0.6492645862493568,-0.7127349551790599,0.8512528339870493,0.8466252478698821,-0.8558804201042165,0.1973793502813192,0.1292875991398804,0.4243182894857774,1.0623113406394278,0.0004028487732072608,0.06504328501072619,9.57111938932836,9.571522238101567,-0.0307578272124438,-0.0307578272124438
849,300,280,260,383,124.61540835707277,14.158085714285717,20,123,0.1628178494616817,-0.030919846451394,0.0024556547283315,-0.0385308929187846,0.0018687548748661,0.02,3.0,3.0,2.0,0.005,5.0,4.242640687119285,4.242640687119285,0.0340458755707194,0.0340458755707194,0.02,0.3404977992255207,0.6500757519996473,-0.7119154449024355,0.8512469385168853,0.8537025932452168,-0.8487912837885537,0.1968637250324011,0.1287719738909623,0.4243155393701386,1.0622866841830323,0.0003824147618311129,0.06483977131479882,9.541172348972646,9.541554763734476,-0.029967474367090574,-0.029967474367090574
850,300,280,260,383,124.61540835707277,14.174761904761905,20,123,0.1623139739394722,-0.0302152654665908,0.0096338129125826,-0.0376528764473658,0.0108675236439333,0.02,3.0,3.0,2.0,0.005,5.0,4.242640687119285,4.242640687119285,0.0340458755707194,0.0340458755707194,0.02,0.3404960401999985,0.6507768149334061,-0.711207345866588,0.8512419229655102,0.8608757358780929,-0.8416081100529275,0.1963598495101916,0.1282680983687528,0.4243132204727033,1.0622658385062784,0.00036518490688662185,0.06464087849966081,9.511905271225089,9.512270456131976,-0.029284307602500448,-0.029284307602500448
851,300,280,260,383,124.61540835707277,14.191438095238096,20,123,0.1618200501163864,-0.0296185045254188,0.0160051460354039,-0.0369092203636088,0.0188516821797951,0.02,3.0,3.0,2.0,0.005,5.0,4.242640687119285,4.242640687119285,0.0340458755707194,0.0340458755707194,0.02,0.3404945820596738,0.6513706595939288,-0.7106076686447667,0.8512377625244197,0.8672429085598237,-0.8352326164890158,0.1958659256871058,0.127774174545667,0.4243112982272664,1.0622485550343457,0.0003509023241289016,0.06444589795078846,9.483213883458523,9.483564785782653,-0.028705670349323142,-0.028705670349323142
852,300,280,260,383,124.61540835707277,14.208114285714286,20,123,0.1613343305125247,-0.0291265324988453,0.0220642952235519,-0.0362961474136916,0.0264383306767115,0.02,3.0,3.0,2.0,0.005,5.0,4.242640687119285,4.242640687119285,0.0340458755707194,0.0340458755707194,0.02,0.3404934018318833,0.6518602711649213,-0.710113336162612,0.8512343931297773,0.8732986883533292,-0.8291700979062254,0.1953802060832441,0.1272884549418053,0.4243097423495806,1.0622345633134658,0.0003393419581625166,0.06425414075291706,9.454996811791746,9.455336153749908,-0.028228632032744727,-0.028228632032744727
853,300,280,260,383,124.61540835707277,14.224790476190476,20,123,0.1608553177373671,-0.0287243525936879,0.027849477079836,-0.0357949692825496,0.0336765522695949,0.02,3.0,3.0,2.0,0.005,5.0,4.242640687119285,4.242640687119285,0.0340458755707194,0.0340458755707194,0.02,0.3404924516954337,0.6522605507971795,-0.7097092559845553,0.8512317230425691,0.8790812001224052,-0.823382245962733,0.1949011933080865,0.1268094421666477,0.4243084897978446,1.0622233521484796,0.00033003537277060194,0.06406501649659717,9.427167177474274,9.427497212847046,-0.02783894090286232,-0.02783894090286232
854,300,280,260,383,124.61540835707277,14.241466666666666,20,123,0.160381563331619,-0.0284090306131111,0.0333659480246303,-0.0354020295088143,0.0405733750430195,0.02,3.0,3.0,2.0,0.005,5.0,4.242640687119285,4.242640687119285,0.0340458755707194,0.0340458755707194,0.02,0.3404917159952462,0.6525744013773812,-0.7093924626036036,0.8512296550040817,0.884595603028712,-0.8178637069794513,0.1944274389023384,0.1263356877608996,0.4243075199343271,1.0622146705315625,0.0003228292081506735,0.06387795389552037,9.399640915725822,9.399963744933972,-0.02753346791307365,-0.02753346791307365
855,300,280,260,383,124.61540835707277,14.258142857142856,20,123,0.1599121461263727,-0.02814894720209,0.0380927508488709,-0.0350779255041012,0.046482030351789,0.02,3.0,3.0,2.0,0.005,5.0,4.242640687119285,4.242640687119285,0.0340458755707194,0.0340458755707194,0.02,0.3404911152863594,0.6528332833706288,-0.7091311777748089,0.8512280365460598,0.8893207873949308,-0.8131352856971888,0.1939580216970921,0.1258662705556533,0.4243067280279094,1.0622076691426294,0.0003169452914344203,0.06369258970341173,9.372364574857036,9.37268152014847,-0.027282224785501796,-0.027282224785501796
856,300,280,260,383,124.61540835707277,14.274819047619047,20,123,0.1594463831898451,-0.0279298162966299,0.0432503752200468,-0.0348048546314256,0.0529245385003409,0.02,3.0,3.0,2.0,0.005,5.0,4.242640687119285,4.242640687119285,0.0340458755707194,0.0340458755707194,0.02,0.3404906134521113,0.6530514106075928,-0.7089110432008526,0.8512267099139514,0.8944770851339983,-0.8079763346939046,0.1934922587605645,0.1254005076191257,0.4243060664665312,1.06220185181046,0.00031202985534539734,0.06350865464312043,9.345298530735171,9.345610560590517,-0.027070959557953245,-0.027070959557953245
857,300,280,260,383,124.61540835707277,14.291495238095235,20,123,0.1589841632796603,-0.0277173561218779,0.0475061304645001,-0.0345400965170623,0.0582425983173332,0.02,3.0,3.0,2.0,0.005,5.0,4.242640687119285,4.242640687119285,0.0340458755707194,0.0340458755707194,0.02,0.3404901306385075,0.6532629051551371,-0.708697617398893,0.851225492310769,0.8987316227752693,-0.8037193618462688,0.1930300388503797,0.1249382877089409,0.4243054299797608,1.0621963280777529,0.0003073007321548009,0.06332610514351943,9.318436371868884,9.31874367260104,-0.02686688798947756,-0.02686688798947756
858,300,280,260,383,124.61540835707277,14.308171428571429,20,123,0.1585258880931724,-0.0274808078704853,0.0513390173953892,-0.0342453209476279,0.063035237088348,0.02,3.0,3.0,2.0,0.005,5.0,4.242640687119285,4.242640687119285,0.0340458755707194,0.0340458755707194,0.02,0.3404895974216332,0.6534983869727811,-0.7084600027137518,0.8512241989754413,0.9025632163708306,-0.7998851815800521,0.1925717636638918,0.124480012522453,0.4243047270469667,1.0621902916379866,0.00030207792048581077,0.06314510021938488,9.291801497282485,9.29210357520297,-0.02664009739806872,-0.02664009739806872
859,300,280,260,383,124.61540835707277,14.32484761904762,20,123,0.1580724992647285,-0.0271877938244481,0.0554718884267343,-0.033880180297615,0.068205392929688,0.02,3.0,3.0,2.0,0.005,5.0,4.242640687119285,4.242640687119285,0.0340458755707194,0.0340458755707194,0.02,0.3404889432575845,0.6537900926907209,-0.7081656803396171,0.8512226733422112,0.9066945617689456,-0.7957507849154769,0.1921183748354479,0.1240266236940091,0.4243038646710159,1.062182961975897,0.00029567045321627933,0.06296601220953056,9.265448696632422,9.265744367085638,-0.0263592081173325,-0.0263592081173325
860,300,280,260,384,125.60254774486066,14.34152380952381,20,124,0.1576254823906851,-0.0268056949026582,0.0585878424399781,-0.0336686357384529,0.0726853115959636,0.02,3.0,3.0,2.0,0.005,5.0,4.242640687119285,4.242640687119285,0.0337783011833283,0.0337783011833283,0.02,0.3378125893031996,0.6488194837037409,-0.7024308735090574,0.8445320134966696,0.9031198559366478,-0.7859441710566915,0.1914037835740135,0.1238471812073568,0.4243033356113934,1.0621750841136453,0.00028741811168575836,0.06278942844158014,9.239464395178517,9.239751813290203,-0.02599255379543486,-0.02599255379543486
861,300,280,260,384,125.60254774486066,14.3582,20,124,0.1571868607610926,-0.0263022679081742,0.0615873250079824,-0.0330363186073457,0.0764863191952234,0.02,3.0,3.0,2.0,0.005,5.0,4.242640687119285,4.242640687119285,0.0337783011833283,0.0337783011833283,0.02,0.3378114888167051,0.649320709725236,-0.7019252455415845,0.8445296598377171,0.9061169848456996,-0.7829423348297346,0.190965161944421,0.1234085595777643,0.424301874614598,1.0621630670843072,0.0002767237188453482,0.06261614882667225,9.213966299844822,9.214243023563668,-0.02550878972653514,-0.02550878972653514
862,300,280,260,384,125.60254774486066,14.37487619047619,20,124,0.1567591077641024,-0.025650522378055,0.0646757958584937,-0.0322177096167027,0.0804080462910402,0.02,3.0,3.0,2.0,0.005,5.0,4.242640687119285,4.242640687119285,0.0337783011833283,0.0337783011833283,0.02,0.3378100950916175,0.64996966780518,-0.7012707125612901,0.8445268095139271,0.9092026053724208,-0.7798510136554334,0.1905374089474308,0.1229808065807741,0.4243000243162753,1.062148011685515,0.00026317971930684016,0.06244715131524419,9.189098316038184,9.18936149575749,-0.024881527806178028,-0.024881527806178028
863,300,281,260,384,125.4472000484666,14.391552380952382,19,124,0.1563451339420545,-0.0248242440405675,0.0673981021130232,-0.0311413190820903,0.083775972281955,0.02,3.0,3.0,2.0,0.005,5.0,4.242640687119285,4.242640687119285,0.0338201305846614,0.0338201305846614,0.02,0.338226641039539,0.6516290380385105,-0.7012775261196457,0.8455691258140142,0.9129672279270374,-0.778171023700991,0.1901652645267159,0.122525003357393,0.4242976664858167,1.0621294808067034,0.0002464972368742604,0.06228358682761044,9.165029801682877,9.165276298919752,-0.024085196837738465,-0.024085196837738465
864,300,281,260,384,125.4472000484666,14.408228571428571,19,124,0.1559482025904094,-0.0238022797959608,0.0694045303316834,-0.0298592935517347,0.0863553207482575,0.02,3.0,3.0,2.0,0.005,5.0,4.242640687119285,4.242640687119285,0.0338201305846614,0.0338201305846614,0.02,0.338224598050093,0.6526469163042251,-0.7002514758961468,0.8455653550179614,0.9149698853496449,-0.7761608246862779,0.1897683331750709,0.122128072005748,0.4242949572203824,1.0621079080092135,0.00022661940939408152,0.062126745937176445,9.141950664655514,9.142177284064909,-0.023099014854842892,-0.023099014854842892
865,300,281,260,384,125.4472000484666,14.42490476190476,19,124,0.1555718610409311,-0.0225675971988749,0.0711974550093203,-0.0283104188042047,0.0886763156868543,0.02,3.0,3.0,2.0,0.005,5.0,4.242640687119285,4.242640687119285,0.0338201305846614,0.0338201305846614,0.02,0.3382222443490987,0.6538768914993226,-0.6990120858970724,0.845561244875471,0.9167586998847914,-0.7743637898661506,0.1893919916255925,0.1217517304562697,0.4242918359105166,1.0620833477400828,0.00020371857733226652,0.06197803172788383,9.120067368758106,9.120271087335437,-0.02190619672947136,-0.02190619672947136
866,300,281,260,384,125.4472000484666,14.441580952380953,19,124,0.1552196378631999,-0.0211213213373933,0.0735026452873521,-0.0264961062309992,0.0916473777006447,0.02,3.0,3.0,2.0,0.005,5.0,4.242640687119285,4.242640687119285,0.0338201305846614,0.0338201305846614,0.02,0.3382196466692143,0.6553179720010354,-0.697560614675822,0.8455568472422318,0.919059492529584,-0.7720542019548797,0.1890397684478613,0.1213995072785384,0.4242883910518616,1.0620564153650571,0.00017844408601497023,0.061838840122850305,9.099585324077422,9.099763768163436,-0.020507319172001104,-0.020507319172001104
867,300,281,260,384,125.4472000484666,14.458257142857144,19,124,0.1548951892910427,-0.019455796731296,0.0753193513865319,-0.024406752246532,0.0940111645984906,0.02,3.0,3.0,2.0,0.005,5.0,4.242640687119285,4.242640687119285,0.0338201305846614,0.0338201305846614,0.02,0.3382168682427778,0.6569779397542597,-0.6958895332168518,0.8455524227397364,0.9208717741262684,-0.7702330713532044,0.1887153198757041,0.1210750587063813,0.4242847064982877,1.0620279589369332,0.0001514112105798033,0.06171061770175197,9.080717394812803,9.080868806023382,-0.01889496214005426,-0.01889496214005426
868,300,281,260,384,125.4472000484666,14.474933333333333,19,124,0.1546021900456635,-0.0175699147714535,0.0762394445596749,-0.0220409661316904,0.0952529906362009,0.02,3.0,3.0,2.0,0.005,5.0,4.242640687119285,4.242640687119285,0.0338201305846614,0.0338201305846614,0.02,0.3382139975402176,0.6588580803089817,-0.6939979098518888,0.845548138350579,0.921787582910254,-0.7693086937909039,0.188422320630325,0.1207820594610021,0.4242808995727977,1.0619989173137825,0.000123480762030456,0.06159481850561224,9.063677543100841,9.06380102386287,-0.017067782160511413,-0.017067782160511413
869,300,281,260,384,125.4472000484666,14.491609523809524,19,124,0.1543439583938953,-0.0154850505058064,0.0773512687407037,-0.0194255622856251,0.0967341950240811,0.02,3.0,3.0,2.0,0.005,5.0,4.242640687119285,4.242640687119285,0.0338201305846614,0.0338201305846614,0.02,0.3382111642671669,0.6609372780285274,-0.6919073790401404,0.8455439754011865,0.9228952441418904,-0.7681927066604828,0.1881640889785567,0.1205238278092338,0.4242771422819025,1.0619703367495743,9.591471566695004e-05,0.06149275577770779,9.048659012689702,9.04875492740537,-0.015046096457501434,-0.015046096457501434
870,300,281,260,384,125.4472000484666,14.508285714285714,19,124,0.1541235957317648,-0.0132142087514022,0.0778612206096982,-0.0165768548871935,0.0974556711575049,0.02,3.0,3.0,2.0,0.005,5.0,4.242640687119285,4.242640687119285,0.0338201305846614,0.0338201305846614,0.02,0.3382084848826847,0.6632027610139672,-0.6896311785167717,0.8455402709544455,0.9234014915641438,-0.7676790503447473,0.1879437263164262,0.1203034651471033,0.4242735890657366,1.061943599939325,6.984612517025381e-05,0.06140565703635279,9.035842432899313,9.035912279024483,-0.01284264838088589,-0.01284264838088589
871,300,281,259,384,126.43575443678895,14.524961904761904,19,125,0.1539438983869896,-0.0107756831532795,0.0789110849522071,-0.0136243162905669,0.0996250142780513,0.02,3.0,3.0,2.0,0.005,5.0,4.242640687119285,4.242640687119285,0.0335557034955675,0.0335557034955675,0.02,0.3355618464930371,0.6603480098327947,-0.6818993761393537,0.8389267668758,0.9178378518280071,-0.7600156819235929,0.1874996018825572,0.120388194891422,0.4242704943185709,1.0619205621742902,4.6446138967948655e-05,0.061334629127930154,9.025390676174922,9.02543712231389,-0.010475156710592515,-0.010475156710592515
872,300,281,259,384,126.43575443678895,14.541638095238095,19,125,0.1538070448754405,-0.0082065212522299,0.0800494839030298,-0.0103759770582723,0.1011260182193103,0.02,3.0,3.0,2.0,0.005,5.0,4.242640687119285,4.242640687119285,0.0335557034955675,0.0335557034955675,0.02,0.3355598256594597,0.6629131300666894,-0.6793261725711494,0.8389241517766997,0.9189736356797296,-0.7588746678736698,0.1873627483710081,0.1202513413798729,0.4242677955805903,1.0619007257317008,2.693879642532041e-05,0.061280534519825784,9.017430654592365,9.01745759338879,-0.007979528925099899,-0.007979528925099899
873,300,281,259,384,126.43575443678895,14.558314285714284,19,125,0.1537148029355566,-0.0055313556183948,0.0803246372801542,-0.0069936112066992,0.1015203769931361,0.02,3.0,3.0,2.0,0.005,5.0,4.242640687119285,4.242640687119285,0.0335557034955675,0.0335557034955675,0.02,0.3355583027817849,0.6655852499451749,-0.6766479611819647,0.8389224155015784,0.9192470527817328,-0.7585977782214242,0.1872705064311242,0.120159099439989,0.4242657618411042,1.061886073377709,1.223835799085909e-05,0.06124407304979845,9.012065349277842,9.012077587635833,-0.005380005752957828,-0.005380005752957828
874,300,281,259,384,126.43575443678895,14.574990476190475,19,125,0.1536683769655426,-0.0027839673623488,0.0805555514259469,-0.0035199301378597,0.10184121981549,0.02,3.0,3.0,2.0,0.005,5.0,4.242640687119285,4.242640687119285,0.0335557034955675,0.0335557034955675,0.02,0.3355573561186132,0.6683307448748776,-0.6738986795995754,0.838921507753941,0.919477059179888,-0.7583659563279941,0.1872240804611102,0.120112673469975,0.4242644976117427,1.061877181793145,3.100189709849334e-06,0.0612257215569472,9.00936492710478,9.00936802729449,-0.0027095603413425096,-0.0027095603413425096
