frame,x_26,x_28,y_26,y_28,distance,ángulo_26_28,time_seconds,velocidad_angular,aceleracion_angular,velocidad,aceleracion
0,298,298,255,382,127.0,0.0159829945933983,0.0,,,,
1,295,295,257,382,125.0,0.016129302976156,0.0166761904761904,,,,
2,295,295,259,381,122.0,0.0164188644543602,0.0333523809523809,,,,
3,295,295,260,381,121.0,0.0168456559677221,0.0500285714285714,,,,
4,295,295,260,381,121.0,0.0174008589859669,0.0667047619047619,,,,
5,295,295,260,381,121.0,0.0180731111870645,0.0833809523809523,,,,
6,295,295,260,381,121.0,0.0188488296048731,0.1000571428571428,,,,
7,296,295,260,381,121.00413216084812,0.019712594996576,0.1167333333333333,,,,
8,296,295,260,381,121.00413216084812,0.0206475851691805,0.1334095238095238,,,,
9,296,294,260,381,121.01652779682615,0.02163604335934,0.1500857142857143,,,,
10,297,294,259,381,122.03687967167956,0.0226597665459773,0.1667619047619047,,,,
11,298,294,259,381,122.06555615733704,0.0237005978915063,0.1834380952380952,,,,
12,298,294,259,381,122.06555615733704,0.0247409073645828,0.2001142857142857,,,,
13,298,293,260,381,121.10326172320876,0.0257640450489656,0.2167904761904762,,,,
14,298,293,260,382,122.10241602851272,0.0267547526783434,0.2334666666666666,,,,
15,298,293,260,382,122.10241602851272,0.0276995205309861,0.2501428571428571,,,,
16,299,293,260,382,122.14745187681976,0.0285868789545397,0.2668190476190476,,,,
17,299,293,261,382,121.1486689980538,0.029407616342922,0.2834952380952381,,,,
18,299,293,261,383,122.14745187681976,0.0301549183016971,0.3001714285714286,,,,
19,299,293,261,383,122.14745187681976,0.0308244258379564,0.316847619047619,,,,
20,299,293,261,383,122.14745187681976,0.0314142135839317,0.3335238095238095,,,,
21,299,293,261,383,122.14745187681976,0.0319246921371993,0.3502,,,,
22,299,293,260,383,123.14625451064276,0.0323584414207492,0.3668761904761904,,,,
23,296,293,260,382,122.03687967167956,0.03271998438223,0.383552380952381,,,,
24,296,293,260,382,122.03687967167956,0.0330155122925974,0.4002285714285714,,,,
25,296,293,259,382,123.03657992645928,0.0332525742509863,0.4169047619047619,,,,
26,296,293,259,382,123.03657992645928,0.0334397442465783,0.4335809523809524,,,,
27,297,292,259,382,123.10158406779338,0.0335862792395085,0.4502571428571428,,,,
28,297,292,259,382,123.10158406779338,0.0337017812513005,0.4669333333333333,,,,
29,297,292,259,382,123.10158406779338,0.0337958754634464,0.4836095238095238,,,,
30,296,292,260,383,123.06502346320826,0.0338779148601673,0.5002857142857143,,,,
31,295,292,261,384,123.03657992645928,0.0339567201361168,0.5169619047619047,,,,
32,295,292,261,384,123.03657992645928,0.034040361515578,0.5336380952380952,,,,
33,295,292,261,384,123.03657992645928,0.0341359869749008,0.5503142857142858,,,,
34,295,292,261,384,123.03657992645928,0.0342496990690271,0.5669904761904762,,,,
35,296,293,262,385,123.03657992645928,0.0343864804691837,0.5836666666666667,,,,
36,297,293,263,385,122.06555615733704,0.0345501663103393,0.6003428571428572,,,,
37,297,293,263,386,123.06502346320826,0.0347434597009552,0.6170190476190476,,,,
38,297,293,263,386,123.06502346320826,0.0349679853383678,0.6336952380952381,,,,
39,297,293,263,386,123.06502346320826,0.0352243750364253,0.6503714285714286,,,,
40,297,293,263,386,123.06502346320826,0.0355123782349681,0.667047619047619,,,,
41,297,293,263,386,123.06502346320826,0.035830990182565,0.6837238095238095,0.0191057992562409,,0.023512556337526334,
42,297,293,263,386,123.06502346320826,0.0361785903968392,0.7004,0.0208441019410546,,0.025651798944453894,
43,297,293,263,386,123.06502346320826,0.0365530842975236,0.7170761904761904,0.0224568015830168,,0.02763646813722575,
44,298,293,263,386,123.10158406779338,0.036952041427744,0.7337523809523809,0.0239237570948871,,0.02945052395233713,
45,298,293,264,386,122.10241602851272,0.0373728244378441,0.7504285714285714,0.0252325619991494,,0.030809567826853807,
46,298,293,264,386,122.10241602851272,0.0378127039765359,0.767104761904762,0.0263776993504517,,0.03220780819963883,
47,298,293,264,386,122.10241602851272,0.0382689556835287,0.7837809523809524,0.0273594684376016,,0.03340657197486994,
48,298,293,264,387,123.10158406779338,0.0387389366285421,0.8004571428571429,0.0281827522709355,,0.03469341447942362,
49,298,293,264,387,123.10158406779338,0.0392201397269609,0.8171333333333334,0.0288556969354513,,0.035521820021342264,
50,298,293,264,387,123.10158406779338,0.0397102257800771,0.8338095238095238,0.0293883698327778,,0.03617754879585099,
51,298,293,265,387,122.10241602851272,0.0402070338918465,0.8504857142857143,0.0297914630130163,,0.03637609610913366,
52,298,293,265,387,122.10241602851272,0.040708571955095,0.8671619047619048,0.0300750980246063,,0.036722421310987796,
53,298,293,265,387,122.10241602851272,0.0412129896929868,0.8838380952380952,0.0302477798278958,,0.03693326996484588,
54,298,293,265,387,122.10241602851272,0.0417185374147187,0.9005142857142857,0.0303155401381197,,0.03701600694073768,
55,298,293,265,387,122.10241602851272,0.0422235140597729,0.9171904761904762,0.0302812951060467,,0.036974192929206805,
56,298,293,265,387,122.10241602851272,0.0427262083650652,0.9338666666666666,0.0301444329272991,,0.036807080902326726,
57,298,293,265,387,122.10241602851272,0.043224837082488,0.9505428571428572,0.029900636967099,,0.03650940014474249,
58,298,293,265,387,122.10241602851272,0.0437174840840064,0.9672190476190476,0.0295419389831126,,0.03607142124004953,
59,298,293,265,387,122.10241602851272,0.0442020439737417,0.983895238095238,0.0290569893901807,,0.03547928607055924,
60,298,293,265,387,122.10241602851272,0.0446761735348317,1.000571428571429,0.0284315270784961,,0.03471558147664456,
61,298,292,264,387,123.14625451064276,0.045137253886415,1.017247619047619,0.0276490216540558,,0.03404873457580628,
62,298,292,264,387,123.14625451064276,0.0455823658259813,1.0339238095238097,0.0266914641087725,,0.03286953832400585,
63,298,292,264,387,123.14625451064276,0.0460082802750975,1.0506,0.025540272505539,,0.03145188898238277,
64,298,292,264,387,123.14625451064276,0.0464114652317301,1.0672761904761905,0.0241772818083491,,0.029773416989464917,
65,298,292,264,387,123.14625451064276,0.0467881100804251,1.083952380952381,0.0225857847589854,,0.027813547982526124,
66,298,292,264,387,123.14625451064276,0.0471341674526478,1.1006285714285715,0.0207515842851956,,0.02555479879883752,
67,298,292,264,387,123.14625451064276,0.0474454124937942,1.1173047619047618,0.0186640373046131,,0.022984062881100158,
68,298,292,263,387,124.14507642270796,0.0477175187354143,1.1339809523809523,0.0163170504683611,,0.020256814773878713,
69,298,292,263,387,124.14507642270796,0.0479461494309299,1.1506571428571428,0.0137100074409737,,0.017020299215155747,
70,298,292,263,387,124.14507642270796,0.0481270628224557,1.1673333333333331,0.0108486042890976,,0.013468008085497389,
71,298,292,263,387,124.14507642270796,0.0482562295417651,1.1840095238095238,0.0077455771144948,,0.009615752628169346,
72,298,292,263,387,124.14507642270796,0.0483299601342079,1.2006857142857144,0.0044213090842352,,0.005488837541507919,
73,298,291,263,387,124.1974234837422,0.0483450405436622,1.2173619047619046,0.0009043078199357,,0.0011231270127221383,
74,298,291,263,387,124.1974234837422,0.0482988733472593,1.2340380952380952,-0.0027684498128576,,-0.003438343338009622,
75,298,291,264,387,123.1990259701756,0.0481896226224343,1.2507142857142857,-0.0065512998895609,,-0.008071137652324218,
76,298,291,264,387,123.1990259701756,0.0480163604236184,1.2673904761904762,-0.0103897949032928,,-0.01280012612115568,
77,298,291,264,387,123.1990259701756,0.0477792132139309,1.2840666666666667,-0.0142207064632712,,-0.017519771848827928,
78,298,291,264,387,123.1990259701756,0.0474795069904943,1.3007428571428572,-0.0179721036326931,,-0.022141456621828443,
79,298,291,264,387,123.1990259701756,0.0471199104117717,1.3174190476190475,-0.0215634727389335,,-0.02656598837971042,
80,298,291,264,387,123.1990259701756,0.046704575863668,1.334095238095238,-0.0249058409770912,,-0.030683753493457228,
81,297,291,264,387,123.14625451064276,0.0462392790126999,1.3507714285714283,-0.0279018671340077,,-0.03436010431406651,
82,297,291,264,387,123.14625451064276,0.0457315580086661,1.367447619047619,-0.0304458626062564,0.5314992432414132,-0.03749293945306112,0.6533799059209183
83,297,291,264,387,123.14625451064276,0.0451908538899337,1.3841238095238095,-0.0324237192843487,0.5779440449001044,-0.03992859587172041,0.7104218108778232
84,297,291,264,387,123.14625451064276,0.0446286539495957,1.4008,-0.0337127320019966,0.6259509115328188,-0.04151596675366964,0.7694354859669231
85,297,291,264,387,123.14625451064276,0.0440586397017021,1.4174761904761906,-0.034181322689222,0.6753266512954954,-0.042093018633973404,0.8302006817296604
86,297,291,264,387,123.14625451064276,0.0434968406178395,1.4341523809523808,-0.033688694349271,0.7258523662134795,-0.04148636528466579,0.8924623807890368
87,297,291,264,387,123.14625451064276,0.0429617939108892,1.4508285714285714,-0.0320844684350525,0.7772837795567777,-0.03951082115741659,0.9559281777486648
88,297,291,264,387,123.14625451064276,0.04247470939664,1.467504761904762,-0.029208380351895,0.829351875896496,-0.03596902640658119,1.0202651748761182
89,295,291,265,387,122.06555615733704,0.0420596368135064,1.4841809523809524,-0.0248901320554147,0.8817640030818991,-0.03038227812173758,1.0755739154425243
90,295,291,265,387,122.06555615733704,0.0417436310117542,1.500857142857143,-0.0189495198080962,0.9342052749827324,-0.023130836742897374,1.139904546309815
91,295,290,265,387,122.10241602851272,0.0415569082635997,1.5175333333333334,-0.0111969666226273,0.9863404680155772,-0.013671766768134096,1.2041924593977844
92,293,290,265,387,122.03687967167956,0.0415329846064033,1.534209523809524,-0.001434599660552,1.0378163121657615,-0.0017507406615181675,1.266516132478834
93,294,290,265,387,122.06555615733704,0.0417087848742812,1.5508857142857142,0.0105419920772003,1.0882641903857373,0.012868141259096955,1.3282600806122897
94,294,290,265,387,122.06555615733704,0.0421247089647687,1.5675619047619047,0.0249411933187831,1.1373032719909828,0.030444606336849183,1.3874962393392234
95,294,290,264,388,124.0644993541666,0.0428246401303066,1.5842380952380952,0.0419718859974213,1.18454392389291,0.052072210232202286,1.4674129199364392
96,294,290,264,388,124.0644993541666,0.04385587891299,1.6009142857142855,0.0618389903950587,1.2295914797986682,0.07672023383930074,1.520742211710211
97,294,290,264,388,124.0644993541666,0.0452689859000145,1.6175904761904762,0.0847379975086133,1.2720502473241777,0.10512977237180725,1.5692542844868558
98,294,290,264,388,124.0644993541666,0.047117516923048,1.6342666666666668,0.1108485193709364,1.3115277477839988,0.13752366059905863,1.611896040023318
99,293,290,264,388,124.03628501370072,0.0494576358771212,1.650942857142857,0.140326950415585,1.347639102587516,0.1740563361685095,1.647136683386493
100,292,289,264,388,124.03628501370072,0.0523475930172715,1.6676190476190476,0.1732984007514459,1.3800115658508714,0.21495289828024872,1.6744640855319657
101,292,289,265,388,123.03657992645928,0.0558470604672906,1.684295238095238,0.209848133781839,1.408289054896614,0.25818996684467554,1.6785300059199006
102,292,289,265,388,123.03657992645928,0.0600163217448091,1.7009714285714286,0.2500128121870052,1.432136673946935,0.30760721349285325,1.6851462390024996
103,292,289,265,388,123.03657992645928,0.0649153181566124,1.717647619047619,0.2937719150424604,1.451245122659008,0.3614469170527069,1.6793794122604255
104,292,289,265,389,124.03628501370072,0.0706025618819325,1.7343238095238096,0.3410397436656787,1.4653348275567828,0.4230130284631556,1.673282628319034
105,293,289,264,389,125.06398362438324,0.0771339330416857,1.751,0.3916584647481917,1.4741598705678454,0.48982367821618933,1.6517994693167344
106,294,290,264,388,124.0644993541666,0.0845613857131755,1.7676761904761904,0.4453926502035594,1.4775115338844365,0.5525741616353004,1.5869548171290373
107,294,291,263,388,125.03599481749244,0.092931595371196,1.784352380952381,0.5019257647585157,1.4752214651926487,0.627587873211117,1.529555311550156
108,294,291,263,388,125.03599481749244,0.1022845868304379,1.8010285714285714,0.5608589966992509,1.4671644710682512,0.7012756260463154,1.4411669479750133
109,295,292,262,388,126.03570922560004,0.1126523875823142,1.817704761904762,0.6217127806664854,1.4532609022811875,0.783580112459204,1.34446591449648
110,295,294,262,387,125.00399993600205,0.1240577552947886,1.8343809523809524,0.6839312448942412,1.4334785380520618,0.8549414129298952,1.2071843659324175
111,295,296,261,387,126.00396819148196,0.1365130302935844,1.851057142857143,0.7468897058101379,1.407834109943533,0.9411106673344594,1.0710209746218657
112,295,300,259,386,127.09838708654016,0.1500191635443667,1.8677333333333328,0.809905192080036,1.3763941203193053,1.0293764360638706,0.9156774067068378
113,295,303,258,385,127.251719045363,0.1645649678696049,1.884409523809524,0.8722498310394163,1.3392751767880142,1.1099529043679317,0.7360944519139349
114,295,306,257,385,128.47178678604885,0.1801266347039201,1.9010857142857145,0.9331667719035316,1.2966435463273598,1.19885602555816,0.5470885248655422
115,296,310,257,385,128.76334882255898,0.1966675509179079,1.9177619047619048,0.9918881795937904,1.248714091829374,1.2771884366200825,0.3410579684613735
116,298,312,257,385,128.76334882255898,0.2141384400787905,1.9344380952380955,1.0476546898301946,1.1957483628612222,1.3489952627219517,0.12640442196166557
117,298,313,258,385,127.88275880665071,0.232477840655406,1.9511142857142856,1.0997356142459316,1.1380521524562368,1.4063722430769634,-0.09126515337916685
118,298,315,258,385,128.1327436684316,0.2516129204687233,1.967790476190476,1.147449103596984,1.0759723404723014,1.4702580186376397,-0.3083733645814395
119,300,320,258,385,128.56515857727553,0.271460612894664,1.9844666666666664,1.190181441875368,1.0098931912425866,1.5301586581043713,-0.522795655218599
120,299,328,258,384,129.29423807734048,0.291929046621361,2.0011428571428573,1.2274046495163864,0.9402322611729292,1.5869634897180631,-0.7321802276518121
121,298,333,258,384,130.77079184588584,0.3129192279581879,2.017819047619048,1.2586916278508402,0.8674358292718223,1.6460010086384145,-0.9374549863135222
122,298,337,259,384,130.9427355755179,0.3343269235137951,2.034495238095238,1.283728174379641,0.7919740290595523,1.6809487888863566,-1.1208488612845258
123,298,340,260,384,130.91982279242512,0.3560446821022903,2.0511714285714286,1.3023213316916065,0.7143357220006439,1.7049967796386023,-1.2852466152026114
124,298,345,260,384,132.60844618650805,0.377963928701546,2.067847619047619,1.314403708122128,0.6350231131872416,1.7430103339585985,-1.4489249629275793
125,298,365,261,383,139.18692467326088,0.3999770603541936,2.0845238095238097,1.3200335942478574,0.5545461911870625,1.8373141644875035,-1.6534606309049646
126,298,366,262,382,137.92751719653333,0.4219794743944253,2.1012,1.3193909047540446,0.4734171138883722,1.8198031170441316,-1.748059209901371
127,298,368,262,380,137.20058308913997,0.4438714632165048,2.1178761904761902,1.3127691755101905,0.392144494491109,1.8011269634144764,-1.8264394257570336
128,298,369,262,378,136.0036764208968,0.4655599166853825,2.134552380952381,1.300564028687702,0.3112277607170289,1.7688148932230017,-1.8771758269153236
129,298,371,262,376,135.36986370680884,0.4869597828745453,2.151228571428572,1.28325868067509,0.2311516982004929,1.7371455270356626,-1.9162973383544373
130,298,372,262,375,135.07405376311175,0.5079952494191041,2.167904761904762,1.2614071885657765,0.1523811562159693,1.7038338240550932,-1.9434008289126015
131,300,375,261,373,134.79243302203577,0.5286006207312044,2.1845809523809523,1.235616212318984,0.0753562059951186,1.6655171553994816,-1.956365535613079
132,300,379,261,372,136.24243098242192,0.5487208798130534,2.201257142857143,1.2065261014244015,0.0004876393536843,1.6438004910180462,-1.982623826237634
133,301,381,260,369,135.20724832641184,0.5683119367369702,2.2179333333333333,1.174792105660358,-0.0718469835940266,1.5884040796192829,-1.9631869028584523
134,302,381,260,367,133.00375934536586,0.5873405782527478,2.234609523809524,1.1410664529735215,-0.1413067305875798,1.5176612790836048,-1.9196956364286957
135,302,382,259,365,132.80060240827223,0.6057841437695621,2.2512857142857143,1.1059819413280945,-0.2075901189931714,1.4687506806104134,-1.9000926576314456
136,302,384,257,363,134.01492454200763,0.6236299617855867,2.2679619047619046,1.070137573776465,-0.2704373285619837,1.4341440619922006,-1.8971578287520212
137,303,386,256,359,132.2800060477773,0.640874587308862,2.284638095238096,1.034086624753808,-0.3296318554758352,1.3678898497635934,-1.8505536361358632
138,304,388,256,357,131.36590120727678,0.6575228847124293,2.3013142857142856,0.9983273714303516,-0.3850015525371595,1.3114617484783988,-1.8150289192423394
139,304,390,255,355,131.89389675038038,0.673587002000404,2.3179904761904764,0.9632965820887238,-0.4364191287830314,1.2705293993800444,-1.7995068229820368
140,304,392,255,353,131.71180660821565,0.6890852816213742,2.3346666666666667,0.9293657111375596,-0.4838020248616799,1.2240843681365705,-1.7748464266380615
141,304,392,255,352,130.96946208945045,0.7040411501327207,2.351342857142857,0.8968396308917128,-0.5271117303485646,1.174586040383889,-1.7437707087563552
142,303,392,255,351,130.9083648969767,0.7184820246487469,2.368019047619048,0.8659576380255565,-0.5663525350747107,1.1336109846397362,-1.7230619339173314
143,303,393,254,350,131.59027319676784,0.7324382683639303,2.384695238095238,0.836896396398779,-0.6015696825312025,1.1012742543950584,-1.713259643661715
144,303,395,254,350,132.9661611087573,0.7459422211600136,2.4013714285714287,0.8097744395138429,-0.6328470370769357,1.0767259858615128,-1.7133775926027117
145,303,397,254,349,133.64505228402584,0.7590273247295579,2.418047619047619,0.7846578382650833,-0.660304265292044,1.0486563782000775,-1.7053004273845693
146,303,398,254,348,133.64505228402584,0.7717273551198062,2.4347238095238093,0.7615666424763329,-0.6840936902905537,1.0177961375151952,-1.6893769572333595
147,303,399,254,347,133.6600164596728,0.7840757695824139,2.4514,0.7404817353362725,-0.7043968405829655,0.9897280093313324,-1.6743724469251862
148,303,400,254,347,134.3800580443393,0.7961051689143804,2.4680761904761903,0.7213517589128932,-0.7214208056524756,0.9693529123310083,-1.668690125697045
149,303,402,254,346,135.14806694880988,0.8078468719342261,2.484752380952381,0.7040998384259338,-0.735394488359499,0.9515773210223432,-1.6638768734475684
150,303,402,254,344,133.79461872586654,0.819330594676171,2.501428571428572,0.6886298617385578,-0.746564821988236,0.9213496979455652,-1.633332472229721
151,304,402,254,343,132.38202294873727,0.8305842238916743,2.518104761904762,0.6748321345675908,-0.755192942718626,0.8933564312487217,-1.602605322166276
152,304,403,254,342,132.45754036671525,0.8416336721266945,2.5347809523809524,0.6625882722313632,-0.7615504228246497,0.8776481281559789,-1.5902503155878112
153,304,404,254,341,132.5481044753187,0.8525028001994339,2.551457142857142,0.6517752413692807,-0.7659154837356227,0.8639157278744146,-1.5782853376326003
154,304,405,254,340,132.6536844569347,0.8632133921342807,2.5681333333333334,0.6422685055162529,-0.7685693921039032,0.8519928366738004,-1.5667437821551276
155,304,405,254,338,131.36590120727678,0.8737851675164073,2.584809523809524,0.6339442690595565,-0.7697928319022548,0.8327866022019699,-1.5391855848729339
156,304,406,254,338,132.13629327327143,0.8842358166424423,2.6014857142857144,0.6266808442225338,-0.7698624830997581,0.8280728382093006,-1.5362051337963405
157,304,406,254,337,131.50285168010618,0.8945810449862437,2.6181619047619047,0.6203592096511502,-0.7690478242417119,0.815790051351431,-1.5174026911593073
158,304,408,254,336,132.43866504914644,0.9048346149605118,2.6348380952380954,0.6148628482570692,-0.7676081186550187,0.8143161481148213,-1.517302691367179
159,304,409,255,335,132.00378782444085,0.9150083749861474,2.6515142857142857,0.6100769861174941,-0.7657898190480212,0.8053247303202803,-1.5021816522369997
160,304,410,255,334,132.20060514233663,0.9251122683387144,2.668190476190476,0.6058873797941478,-0.7638241987248986,0.8009867825689108,-1.4950879958783418
161,303,412,255,333,134.03357788255897,0.935154317041683,2.6848666666666667,0.6021788199952443,-0.761925564365688,0.8071218176906002,-1.5072677584905536
162,303,413,255,333,134.84806264830058,0.9451405792055614,2.701542857142857,0.5988335392388602,-0.7602897269137922,0.8075154261518538,-1.508803287889795
163,303,414,256,332,134.52509059651288,0.955075081472276,2.718219047619048,0.595729719020584,-0.7590929455013427,0.8014059442227922,-1.498591810620689
164,303,415,256,332,135.35139452550905,0.9649597315682784,2.734895238095238,0.5927402970189989,-0.758491318222388,0.8022822579298594,-1.5021736004273367
165,303,416,256,332,136.1800279042415,0.9747942190534812,2.7515714285714283,0.5897322592497363,-0.7586202686409982,0.8030975552066048,-1.506701829152474
166,303,418,256,332,137.84411485442533,0.9845759151261784,2.768247619047619,0.5865665834570057,-0.7595946978146687,0.8085475149981537,-1.5213235411188961
167,303,419,256,331,138.13399291991817,0.9942997844754304,2.7849238095238094,0.5830989615485027,-0.7615091869139948,0.8054578782615252,-1.5215646987216596
168,303,419,256,331,138.13399291991817,1.0039583234449214,2.8016,0.5791813773823842,-0.7644385704323072,0.8000463628268671,-1.5193214751499184
169,303,420,256,331,138.97481786280562,1.0135415391788205,2.8182761904761904,0.5746645642829238,-0.7684386805553828,0.798639031534279,-1.5268858077651726
170,303,420,256,330,138.4377116251204,1.0230369836215087,2.834952380952381,0.5694012943930874,-0.7735474417678119,0.7882661219216052,-1.5197211268664006
171,303,420,256,328,137.37903770226373,1.0324298544270922,2.8516285714285714,0.5632503909687473,-0.7797860425232443,0.7737879669671033,-1.5070989362761313
172,303,420,256,327,136.8575902169843,1.041703171895091,2.8683047619047617,0.5560812873443125,-0.7871603960640001,0.7610394495070103,-1.5004885459973252
173,302,420,256,323,135.69450983735487,1.050838037186982,2.8849809523809524,0.547778900998575,-0.7956626259429297,0.7433058947024657,-1.4868377863381639
174,302,420,255,322,135.69450983735487,1.0598139724945992,2.9016571428571427,0.5382485478582709,-0.80527260037757,0.7303737287229611,-1.4858333068158296
175,301,420,254,320,136.07718398026907,1.0686093387474576,2.918333333333333,0.5274205919760789,-0.8159595098977663,0.7176990892931132,-1.4888640020237518
176,301,420,254,317,134.6476884316994,1.077201821267277,2.935009523809524,0.5152545200348476,-0.8276832970500346,0.6937783007667698,-1.4719288323853217
177,301,421,254,315,134.6142637315972,1.085568968690939,2.9516857142857145,0.501742135627936,-0.8403960059505368,0.6754164817067378,-1.4701778038099103
178,301,421,254,313,133.71985641631537,1.093688766003634,2.9683619047619048,0.4869096047018826,-0.8540429767476361,0.6510948242846062,-1.459049365756424
179,301,422,254,311,133.75350462698165,1.1015402188789254,2.985038095238095,0.4708181335840041,-0.8685638815597012,0.6297357540879496,-1.4582256439010501
180,302,423,254,309,132.9135057095403,1.1091039240016805,3.001714285714286,0.4535631284347596,-0.8838937034183123,0.6028466546085037,-1.4482431225898276
181,302,424,254,308,133.41664064126334,1.1163625989337609,3.018390476190476,0.4352717691995614,-0.8999636597606695,0.5807249721258481,-1.4534744678804383
182,302,424,254,305,132.23085872821065,1.123301545406938,3.035066666666667,0.4160990175234837,-0.9167020925619932,0.5502113040309502,-1.4411054320117933
183,302,425,254,305,133.15404612703287,1.1299090218350922,3.051742857142857,0.3962221730189582,-0.9340354534485068,0.5275858550271956,-1.452747212460606
184,302,425,254,304,132.7742444904131,1.136176504180768,3.068419047619048,0.3758341783529169,-0.951889229746149,0.49901099084483713,-1.4514091189143064
185,302,425,254,303,132.4009063413087,1.1420988189660966,3.085095238095238,0.3551359522898446,-0.9701888122014144,0.470203219575592,-1.451524848730379
186,302,425,254,303,132.4009063413087,1.1476741378910498,3.1017714285714284,0.3343280908738173,-0.9888602679964392,0.44265342247052836,-1.4572514309297129
187,302,425,254,303,132.4009063413087,1.1529038300099792,3.118447619047619,0.3136023258067364,-1.0078306777857204,0.4152123216755429,-1.4645885015551137
188,304,425,254,303,130.5450113945378,1.1577921741763533,3.135123809523809,0.2931331453279773,-1.027028648265383,0.38267069796957504,-1.4529081312238856
189,305,425,254,303,129.61867149450345,1.162345941466282,3.1518,0.2730699973972208,-1.0463842045512477,0.35394970287635275,-1.4529623491108474
190,306,426,254,303,129.61867149450345,1.166573863497385,3.1684761904761904,0.2535304473248441,-1.0658287384480063,0.32862279765653474,-1.4648289360739344
191,305,426,254,303,130.5450113945378,1.170486008484117,3.1851523809523807,0.234594645121002,-1.0852948169071588,0.30625160620418757,-1.4886432292709868
192,304,426,254,303,131.47243057006287,1.1740930914242071,3.2018285714285715,0.2163013756193141,-1.1047160464551484,0.2843766758831936,-1.513908103359671
193,304,426,254,303,131.47243057006287,1.177405748258507,3.2185047619047618,0.198645898116222,-1.124026932669713,0.2611645904811278,-1.5296648032752744
194,304,426,254,303,131.47243057006287,1.1804338056920036,3.2351809523809525,0.1815796861891354,-1.1431627725578513,0.23872722685434905,-1.5462918973909416
195,303,426,255,304,132.4009063413087,1.1831855787664172,3.251857142857143,0.1650120918408802,-1.162059513085271,0.21847750517007813,-1.574628757698589
196,303,426,255,305,132.7742444904131,1.1856672270698323,3.268533333333333,0.1488138617125093,-1.1806535742944548,0.19758648058579234,-1.5970074705166761
197,303,425,255,305,131.84839779079607,1.1878821978031482,3.285209523809524,0.1328223455157987,-1.198881564691444,0.17512413447073585,-1.6039665327517225
198,303,425,255,305,131.84839779079607,1.1898307799942105,3.301885714285714,0.1168481610859817,-1.2166799004072744,0.15406242823987532,-1.622174866361915
199,303,425,255,305,131.84839779079607,1.19150978909314,3.318561904761905,0.1006830127856034,-1.2339845563051672,0.13274893920532044,-1.6403544296175112
200,303,425,255,304,131.47243057006287,1.192912395432501,3.335238095238095,0.0841083184653815,-1.250730861377416,0.11057925059804605,-1.653666898167736
201,303,425,255,304,131.47243057006287,1.1940281036812734,3.351914285714286,0.0669042639184157,-1.2668536177239622,0.08796066192855069,-1.671448186326572
202,303,425,255,304,131.47243057006287,1.1948428840143168,3.368590476190476,0.0488589006108054,-1.2822873285405016,0.06423598418283716,-1.6889928172909512
203,303,425,256,303,130.74020039758238,1.1953394494019485,3.385266666666667,0.0297769078819701,-1.2969668404090169,0.038930389037091215,-1.696816272849108
204,303,425,256,301,130.034610777285,1.195497667542082,3.401942857142857,0.0094876668840772,-1.3108280468398286,0.012337250704555151,-1.7046472003926083
205,302,425,256,301,130.97327971765844,1.195295090826365,3.4186190476190474,-0.0121476614221951,-1.3238086166479002,-0.015910190573645674,-1.7340288340169703
206,302,425,256,300,130.6330739131557,1.1947075832955951,3.435295238095238,-0.0352303202346259,-1.3358487717975869,-0.046022450271940296,-1.746681699091387
207,302,425,256,299,130.29965464267354,1.1937100202650843,3.4519714285714285,-0.0598195992025567,-1.3468916029693618,-0.07794473116956288,-1.7596577296587625
208,302,425,256,299,130.29965464267354,1.1922770340168105,3.468647619047619,-0.0859300719981386,-1.3568834252975506,-0.11196658704777532,-1.7776357139527887
209,302,425,256,298,129.9730741346068,1.1903837778506587,3.485323809523809,-0.1135304954002919,-1.3657738268180148,-0.1475590749520078,-1.7918906833213453
210,302,425,255,299,130.6330739131557,1.1880066806343847,3.502,-0.1425443790455632,-1.3735156078572353,-0.1862101040376394,-1.820808862872927
211,302,426,255,299,131.5750736271882,1.185124165040153,3.5186761904761905,-0.1728521629893523,-1.3800646774767231,-0.22743036071942765,-1.8551329452726175
212,305,426,255,299,128.75169901791588,1.181717304475128,3.535352380952381,-0.204294893962064,-1.3853801013576126,-0.263033146983007,-1.8374367472254527
213,306,426,255,299,127.81236246936366,1.177770396449261,3.5520285714285715,-0.2366792362741647,-1.3894242135669348,-0.3025053233564571,-1.8474526409821517
214,306,426,255,299,127.81236246936366,1.173271433480606,3.568704761904762,-0.269783616052973,-1.3921629109465248,-0.3448168132325823,-1.8723822326527655
215,305,425,255,299,127.81236246936366,1.168212456521033,3.585380952380953,-0.3033652659938188,-1.3935660385034174,-0.38773831337816894,-1.8987760129559028
216,305,425,255,299,127.81236246936366,1.1625897802011982,3.602057142857143,-0.3371679118119169,-1.3936077408569172,-0.4309422735754317,-1.9265028836380615
217,305,426,255,300,129.0968628588627,1.1564040836764828,3.618733333333333,-0.3709298315791689,-1.3922667771968291,-0.47885877597637,-1.9749957371104196
218,304,426,255,301,130.38404810405297,1.1496603655247313,3.635409523809524,-0.4043920079576829,-1.3895266526568542,-0.527262670184491,-2.0249419091357854
219,304,425,255,304,130.5450113945378,1.142367765759392,3.652085714285714,-0.4373060967222236,-1.3853755593262225,-0.5708812937950353,-2.0581885520607988
220,304,425,255,306,131.30879635424276,1.13453926248671,3.668761904761905,-0.4694419438216148,-1.3798061031310374,-0.6164185660141228,-2.1011795158811486
221,303,425,255,308,133.01503674397117,1.1261912549644786,3.685438095238095,-0.5005943973924986,-1.372814766556005,-0.665865821629893,-2.1593787658842096
222,303,425,255,310,133.82451195502264,1.1173430486496965,3.702114285714286,-0.5305891850668876,-1.364401247905263,-0.7100583874018942,-2.2026526122389365
223,303,425,255,311,134.23859355639868,1.10801626117944,3.718790476190476,-0.559287655269528,-1.3545676094960415,-0.7507798823683739,-2.2382544277913565
224,302,425,254,312,135.988970140964,1.098234170953652,3.7354666666666665,-0.5865902191363424,-1.343317307252018,-0.7976979979511359,-2.294685215280127
225,302,424,254,313,135.51752654177244,1.0880210320860906,3.752142857142857,-0.6124383672723814,-1.3306542133482933,-0.8299613269203473,-2.3115698367118034
226,301,423,254,317,137.3062270984095,1.07740138065308,3.768819047619048,-0.63681519158544,-1.316581588120981,-0.8743869131554757,-2.3645713749421464
227,301,423,254,318,137.7679207943562,1.066399357542434,3.7854952380952382,-0.6597443898445762,-1.3011010375371952,-0.9089161284462843,-2.3921521634304783
228,301,422,254,320,137.82960494755835,1.0550380725085782,3.802171428571429,-0.6812877947200792,-1.284211619789401,-0.9390162760186175,-2.4097641301413564
229,301,422,254,322,138.7984149765407,1.0433390323159455,3.818847619047619,-0.7015415306832676,-1.265908674630039,-0.9737285249905374,-2.44017217532885
230,301,421,254,325,139.43098651304163,1.031321653065827,3.8355238095238096,-0.7206309658837866,-1.2461831481654635,-1.0047828648502242,-2.46164310364688
231,302,419,255,328,137.90576492663388,1.0190028730398213,3.8522,-0.7387046845976889,-1.2250207313756605,-1.018716345843321,-2.44190474706415
232,302,417,256,330,136.75159962501354,1.0063968776735732,3.868876190476191,-0.7559277632530167,-1.2024011958669838,-1.0337433082580856,-2.425738136047701
233,302,414,256,331,134.79243302203577,0.9935149430467396,3.885552380952381,-0.772474663516582,-1.178297866488205,-1.041237393432785,-2.3925858676190632
234,302,414,256,333,135.9154148726332,0.9803653984833204,3.902228571428572,-0.7885220897538735,-1.152677320641483,-1.0717230696513342,-2.4117434770115302
235,303,413,257,335,134.84806264830058,0.9669537031613824,3.918904761904762,-0.8042421523720683,-1.125499200247101,-1.0845049614747277,-2.389918471129955
236,303,413,258,336,134.84806264830058,0.9532826261491903,3.935580952380952,-0.8197961657796353,-1.0967163780630576,-1.1054792472188888,-2.3851684367836476
237,303,412,258,337,134.61797799699713,0.9393525144861152,3.952257142857143,-0.8353293687166901,-1.0662752815276333,-1.124503505781489,-2.3747290274784447
238,303,412,258,337,134.61797799699713,0.9251616301400762,3.968933333333333,-0.8509667940228929,-1.0341164971094066,-1.1455542915394898,-2.3669353813925844
239,303,412,258,338,135.20724832641184,0.9107065340922916,3.985609523809524,-0.8668104426141403,-1.0001756602450314,-1.1719905476645702,-2.3682036340085437
240,303,411,258,340,135.60235986147143,0.8959824947919556,4.002285714285715,-0.882937822121804,-0.964384535271518,-1.197284522906647,-2.364855977082601
241,302,410,258,340,135.60235986147143,0.8809838986571097,4.0189619047619045,-0.8994018241912285,-0.9266723017029576,-1.219610098240428,-2.3535090564513093
242,302,408,258,342,135.2479205015737,0.8657046424994579,4.035638095238095,-0.9162318084257076,-0.8869670783811545,-1.2391844678697321,-2.3349847550134077
243,302,407,258,343,135.09256086106296,0.8501384912583284,4.052314285714286,-0.9334356826491262,-0.8451975860172745,-1.2610021676816494,-2.31886348249857
244,302,406,258,345,135.5912976558599,0.8342793892358586,4.068990476190476,-0.9510026912388936,-0.8012949012247098,-1.2894768897929665,-2.3127821471042944
245,302,405,258,347,136.12494260788506,0.8181217187460804,4.085666666666667,-0.96890656849042,-0.7551944421495151,-1.3189235102816128,-2.3059216534022617
246,302,403,257,349,136.61991070118586,0.8016605061215671,4.102342857142857,-0.9871086953591736,-0.7068379785174448,-1.3485870181233437,-2.296883387090652
247,302,401,257,350,135.83077707206124,0.7848915811761781,4.119019047619048,-1.0055608905001927,-0.6561757789942385,-1.3658611714991507,-2.2647452354788475
248,302,400,256,352,137.18600511714013,0.7678117015317104,4.135695238095238,-1.0242075172296412,-0.6031688350735118,-1.4050693769967895,-2.2665458470982225
249,302,398,256,353,136.4734406395618,0.7504186575884314,4.152371428571429,-1.0429866442286166,-0.5477910953910977,-1.4233997587898988,-2.232176293213474
250,302,395,255,355,136.56134152826706,0.7327113766673607,4.169047619047619,-1.0618300952098296,-0.4900317379818649,-1.4500494227694187,-2.208900031940528
251,302,391,255,357,135.36986370680884,0.714690045834768,4.185723809523809,-1.0806623286249246,-0.4298973943841676,-1.462891121390387,-2.162842842623433
252,302,389,255,360,136.35981812836215,0.6963562718053181,4.2024,-1.0993982142160048,-0.3674142674998287,-1.4991374054114055,-2.1491544133141347
253,301,385,255,362,136.03308421115798,0.6777132933511576,4.219076190476191,-1.117939884458513,-0.3026300883607358,-1.5207681044555712,-2.1118043619313145
254,301,383,255,362,134.80726983364065,0.6587662568363029,4.2357523809523805,-1.1361729492060284,-0.235615886810218,-1.5316437334130035,-2.05783952202796
255,301,381,255,365,136.01470508735443,0.6395225592816902,4.252428571428571,-1.1539624461646645,-0.1664675044252532,-1.5695586179696894,-2.03763198740142
256,301,381,256,367,136.82470537150812,0.6199922562397754,4.269104761904762,-1.171148954540867,-0.0953068185585702,-1.602421106512039,-2.0070770773175153
257,301,379,257,369,136.48443134658254,0.60018852424356,4.285780952380953,-1.1875453224458092,-0.0222826094875084,-1.6208144803231028,-1.9552029475083414
258,300,378,258,371,137.3062270984095,0.5801281603621531,4.302457142857143,-1.202934441774825,0.0524289150720606,-1.6517038964683255,-1.9149033394813528
259,300,373,258,373,136.2130683891968,0.5598320949233815,4.319133333333333,-1.2170684586356522,0.1286240227092613,-1.6578062919047243,-1.8424610203870668
260,299,371,259,374,135.67977004697494,0.5393258884489849,4.335809523809524,-1.2296697200523383,0.20607176577837,-1.6684130485042932,-1.771999308346109
261,299,372,259,372,134.52880732393342,0.5186401806048919,4.352485714285714,-1.2404336514162042,0.2845147238763135,-1.6687405968949374,-1.6872077271810562
262,299,373,259,371,134.23859355639868,0.4978110578194167,4.369161904761905,-1.2490336336235792,0.3636702741738231,-1.6766851828226743,-1.6060503251101812
263,299,374,259,371,134.79243302203577,0.4768803073952706,4.385838095238095,-1.2551278095575833,0.4432322268966378,-1.69181731203885,-1.5260034544591923
264,299,362,259,377,133.76471881628578,0.4558955292397307,4.402514285714286,-1.2583676221197555,0.5228729517064964,-1.6832519114036726,-1.418730171564964
265,297,354,259,379,132.84953895290718,0.4349100817244447,4.419190476190476,-1.25840776076815,0.6022459333693305,-1.6717889083280906,-1.3037111907623946
266,295,349,259,380,132.5028301584536,0.4139828451961924,4.435866666666667,-1.254917096211592,0.6809886041452081,-1.6628006686226438,-1.1843478130976728
267,294,344,259,380,130.92364186807515,0.3931777948836554,4.452542857142857,-1.2475901101178617,0.7587255787787762,-1.6333904077522337,-1.044450559151263
268,294,339,259,381,130.034610777285,0.3725633837699622,4.469219047619047,-1.2361582906555024,0.8350720892098106,-1.607433621845022,-0.9011596574084064
269,294,337,259,382,130.29965464267354,0.3522117449070996,4.485895238095238,-1.220400959794731,0.9096376487191544,-1.5901782358684076,-0.7554003305177026
270,289,329,257,383,132.19682295728592,0.3321977310496044,4.502571428571429,-1.200155028576238,0.982029870493361,-1.5865668183398935,-0.6059138559190531
271,289,326,257,384,132.2800060477773,0.3125978168761827,4.519247619047619,-1.1753232371269453,1.051858477848567,-1.5547176491524552,-0.4358973221081155
272,291,325,257,384,131.47243057006287,0.2934888950705216,4.535923809523809,-1.145880519471392,1.1187393101738845,-1.5065169703779013,-0.2554546857807365
273,293,323,258,385,130.49521064008442,0.2749470019066509,4.5526,-1.1118782308431927,1.182298539327,-1.4509478394000686,-0.07043434742849097
274,294,318,258,386,130.23056476879765,0.2570460105001116,4.569276190476191,-1.073446086628571,1.2421768237443689,-1.397954901104945,0.11706467511506946
275,296,314,259,388,130.24976007655445,0.2398563306875228,4.585952380952381,-1.0307917648896776,1.2980334616360574,-1.3426038006576864,0.30674052826683385
276,296,312,260,388,128.9961239727768,0.2234436535109245,4.602628571428571,-0.9841982316064064,1.3495504082754115,-1.2695775709808768,0.49135171748752926
277,296,311,260,388,128.87590930814028,0.2078677758520579,4.619304761904762,-0.934018934426612,1.3964362185532688,-1.2037253948524986,0.6753675639263508
278,296,309,260,388,128.65846260545786,0.1931815371498266,4.635980952380953,-0.8806710815158674,1.4384294778289288,-1.1330578740891735,0.8528099484442332
279,295,308,259,388,129.65338406690356,0.1794298954749489,4.652657142857143,-0.8246272849012876,1.4753020287895813,-1.0691571808135454,1.031122822386387
280,295,306,258,388,130.4645545732633,0.1666491651143419,4.669333333333333,-0.7664058754218934,1.5068617336115555,-0.9998880115924926,1.199600401942869
281,294,304,258,387,129.38701635017324,0.1548664322099988,4.686009523809524,-0.7065602255602671,1.5329546607548177,-0.9141971945694838,1.337508921550001
282,294,304,258,387,129.38701635017324,0.1440991594542362,4.702685714285714,-0.6456674125385923,1.5534668459476284,-0.8354098006290489,1.4705875175792396
283,294,302,258,387,129.2478239662084,0.1343549852896023,4.719361904761905,-0.5843165547039151,1.568325527716958,-0.7552164320291299,1.5857411536616781
284,294,300,258,387,129.1394595001853,0.1256317178638605,4.736038095238095,-0.5230971328971353,1.5774999149908453,-0.6755248100843266,1.683809772479067
285,294,298,258,387,129.0620006043607,0.1179175191629606,4.752714285714286,-0.462587586290402,1.581001462261505,-0.5970247934138161,1.7642958586380717
286,294,296,258,387,129.0155029444136,0.1111912702185912,4.769390476190476,-0.4033444541169508,1.5788837462320915,-0.5203768760773837,1.8271136790924156
287,294,294,259,387,128.0,0.1054231045069767,4.786066666666667,-0.3458922899597519,1.5712418718101433,-0.44274213114848243,1.8580485063123742
288,294,293,260,387,127.00393694685216,0.1005750930693977,4.802742857142857,-0.2907145636469425,1.5582114243610548,-0.3692189411094792,1.8716525315393326
289,294,292,260,387,127.0157470552372,0.0966020619645268,4.819419047619047,-0.2382457258774689,1.5399670228012512,-0.3026095885504397,1.8839051773336224
290,295,291,260,387,127.06297651164952,0.0934525201664983,4.836095238095238,-0.1888645852615612,1.5167202850739916,-0.2399769636097218,1.881866789866511
291,295,289,260,388,128.14054783713078,0.091069674122759,4.852771428571429,-0.1428891117033837,1.4887173906580595,-0.18309889053632564,1.8814877823132652
292,295,289,260,388,128.14054783713078,0.0893925037391759,4.869447619047619,-0.1005727528704887,1.4562360984531624,-0.1288744765031279,1.8530676534832786
293,296,288,260,388,128.2497563350512,0.0883568737971446,4.886123809523809,-0.0621023094878842,1.4195823473885023,-0.07964606059665086,1.81566469719649
294,296,287,260,389,129.31357237351384,0.0878966546080216,4.9028,-0.0275973814151395,1.379086509970892,-0.035687159789461076,1.7823611600042428
295,296,287,260,389,129.31357237351384,0.0879448262259717,4.919476190476191,0.0028886464219039,1.3350993903706596,0.0037354118814036177,1.7264539261411396
296,297,286,261,389,128.47178678604885,0.088434541713825,4.936152380952381,0.0293661486148509,1.2879880850889536,0.03772721583574549,1.6535934034781368
297,297,286,262,389,127.47548783981962,0.0893001268439697,4.952828571428571,0.0519054475529327,1.238131862913933,0.06616672248354268,1.5748802190061637
298,298,286,262,390,128.56126943990557,0.0904779961765677,4.969504761904762,0.0706317989279245,1.1859181051489758,0.09080513732998136,1.5182176402956835
299,299,286,263,390,127.66362050325849,0.091907468524407,4.986180952380952,0.0857193583798519,1.1317383480418264,0.10943243637988222,1.4354376715015364
300,299,285,263,392,129.75746606650424,0.0935314684338119,5.002857142857143,0.0973843463663713,1.0759844945986057,0.1263634601904312,1.3838643924843947
301,299,285,263,393,130.75167302944922,0.095297104206174,5.019533333333333,0.1058776448303923,1.0190451152244449,0.13843679197991607,1.3177611755881318
302,299,285,263,393,130.75167302944922,0.0971561170659646,5.036209523809524,0.1114770704043498,0.9613018649401052,0.14575813459790435,1.2406695814399065
303,300,285,263,393,130.86252328302402,0.0990652001120907,5.052885714285714,0.1144795658727843,0.903126052276544,0.14981084854457716,1.1647032595310314
304,300,285,264,393,129.8691649314802,0.1009861895223344,5.069561904761905,0.115193539734772,0.8448753510089717,0.14960088810856126,1.079999507218573
305,300,285,264,393,129.8691649314802,0.1028861339384238,5.086238095238096,0.1139315612160981,0.7868907772876815,0.1479619671447448,1.00507094346894
306,300,285,264,393,129.8691649314802,0.1047372508769011,5.102914285714285,0.111003585688243,0.7294939790387527,0.14415942977732127,0.9313855251870004
307,300,285,264,393,129.8691649314802,0.1065167813996325,5.119590476190476,0.1067108537331756,0.6729849630039794,0.13858449463452843,0.8592114818310679
308,300,284,265,393,128.9961239727768,0.1082067559625593,5.136266666666667,0.1013405648813921,0.6176402153150068,0.13072540070911284,0.7834841519012637
309,300,284,265,393,128.9961239727768,0.1097936854814559,5.1529428571428575,0.0951613931948286,0.563711334889211,0.12275450873982266,0.7154842823296532
310,300,284,265,393,128.9961239727768,0.1112681921839777,5.169619047619047,0.0884198765075872,0.5114240622936816,0.11405821351630331,0.6496322042691812
311,300,284,265,393,128.9961239727768,0.1126245948511387,5.186295238095238,0.0813376813546056,0.4609777464322614,0.10492245627676919,0.5861092759590901
312,300,284,265,393,128.9961239727768,0.1138604626487206,5.202971428571429,0.0741097194437981,0.4125450716651438,0.09559866556959885,0.5250823618041853
313,300,284,266,393,128.00390619039715,0.1149761510382181,5.219647619047619,0.0669030730423985,0.3662721786531027,0.08563854685568464,0.46311321400911065
314,300,284,266,393,128.00390619039715,0.115974332230066,5.236323809523809,0.0598566677007614,0.3222789179456941,0.07661887277238037,0.40794345339148996
315,300,284,266,393,128.00390619039715,0.116859531464235,5.253,0.0530816216948856,0.2806594220434064,0.06794654923866286,0.35564831028479305
316,300,284,266,393,128.00390619039715,0.1176376790884318,5.269676190476191,0.0466621933413236,0.2414828831374214,0.059729430191009604,0.30632041697735124
317,300,284,266,393,128.00390619039715,0.1183156870531994,5.286352380952381,0.0406572451745339,0.2047944945782053,0.05204286197281015,0.26002903332417093
318,300,284,266,393,128.00390619039715,0.1189010570726041,5.303028571428571,0.0351021427969692,0.170616685360638,0.0449321139366517,0.2168188083946221
319,300,285,266,392,126.8897158953396,0.1194015263735541,5.319704761904762,0.0300110089090466,0.1389505626039975,0.038080883942014296,0.17517112837594026
320,300,285,266,392,126.8897158953396,0.1198247557901253,5.336380952380952,0.0253792625585279,0.109777525663475,0.032203674156848355,0.13847908492954103
321,300,285,266,392,126.8897158953396,0.1201780637212582,5.353057142857143,0.0211863693711863,0.0830609746857482,0.026883323903635545,0.10482627476849819
322,300,285,266,392,126.8897158953396,0.1204682084325112,5.3697333333333335,0.0173987405377331,0.0587482994255365,0.022077212437696815,0.0741614345434068
323,300,285,266,391,125.89678312014172,0.1207012200402963,5.386409523809524,0.0139727120602114,0.0367728065646352,0.017591194998446233,0.04604998382535969
324,300,285,266,391,125.89678312014172,0.1208822825081419,5.403085714285714,0.0108575437600199,0.0170556411269202,0.013669298319726735,0.02132408851463322
325,300,285,266,391,125.89678312014172,0.1210156648489603,5.419761904761905,0.0079983699519861,-0.0004921945948877,0.010069690471598523,-0.0007001982713486623
326,300,285,266,391,125.89678312014172,0.1211046995769836,5.436438095238096,0.0053390328055097,-0.0159681111297342,0.006721670551865765,-0.020139225456968918
327,300,285,266,391,125.89678312014172,0.1211518053899024,5.453114285714285,0.0028247346410505,-0.0294760171815754,0.0035562500447628618,-0.03711940288623737
328,300,285,266,391,125.89678312014172,0.1211585498046117,5.469790476190476,0.0004044337775407,-0.0411247033346637,0.0005091691157750115,-0.051774884491232145
329,300,285,266,391,125.89678312014172,0.1211257465482674,5.486466666666667,-0.0019670713398974,-0.0510262711683119,-0.0024764795386090954,-0.06424530535898927
330,300,285,267,391,124.90396310766124,0.1210535815197236,5.503142857142857,-0.0043274288961082,-0.0592947361153196,-0.005405130191905258,-0.07408486563884355
331,300,285,267,391,124.90396310766124,0.1209417603721026,5.519819047619047,-0.0067054371788774,-0.0660446208078411,-0.008375356780112428,-0.08254850923716033
332,300,284,267,392,126.01983970788092,0.1207896702338902,5.536495238095238,-0.00912019675174,-0.0713898790953714,-0.01149325732758611,-0.09007023197178299
333,300,284,267,392,126.01983970788092,0.1205965478326568,5.553171428571429,-0.0115807265159972,-0.0754428602625264,-0.014594012992467731,-0.09524198084711304
334,300,284,267,392,126.01983970788092,0.1203616462638098,5.569847619047619,-0.014086044962268,-0.0783135061161574,-0.01775121128263017,-0.09894059923746491
335,300,284,267,392,126.01983970788092,0.1200843929878747,5.5865238095238094,-0.0166256961583054,-0.0801087605669259,-0.020951675649015778,-0.10130126785175803
336,300,284,267,392,126.01983970788092,0.1197645322175915,5.6032,-0.0191806858250889,-0.0809321368912299,-0.024171469531649267,-0.10245417454550795
337,300,284,267,392,126.01983970788092,0.1194022457783861,5.61987619047619,-0.0217247721967797,-0.080883445824688,-0.027377523099284058,-0.10252395923112652
338,300,284,267,392,126.01983970788092,0.1189982476252235,5.636552380952381,-0.0242260457350566,-0.0800585986572905,-0.030529624002876246,-0.10162932976766094
339,300,284,267,392,126.01983970788092,0.1185538485347127,5.653228571428572,-0.0266487175920214,-0.0785495238295613,-0.033582671193671226,-0.09988291914194274
340,299,284,267,392,125.89678312014172,0.1180709889821957,5.669904761904762,-0.0289550274210613,-0.0764440221265672,-0.03645344807467111,-0.09729607533359179
341,299,284,267,392,125.89678312014172,0.1175522397097364,5.686580952380952,-0.0311071808156629,-0.0738255780448404,-0.039162939966285455,-0.09416227653310787
342,299,284,267,392,125.89678312014172,0.1170007710094732,5.703257142857143,-0.0330692253156134,-0.0707731122387526,-0.0416330908751088,-0.09047784568533122
343,299,284,267,392,125.89678312014172,0.1164202931936339,5.7199333333333335,-0.0348087782199507,-0.0673606208934323,-0.04382313202234246,-0.08633028447805466
344,299,284,267,392,125.89678312014172,0.1158149719915258,5.736609523809523,-0.0362985301092788,-0.0636568430737143,-0.04569868172747807,-0.08180071264028226
345,299,284,267,392,125.89678312014172,0.1151893236892809,5.753285714285714,-0.037517459586357,-0.0597249256054611,-0.04723327472762269,-0.07696383253389823
346,299,284,267,392,125.89678312014172,0.1145480956652833,5.769961904761905,-0.0384517090346932,-0.0556222605572463,-0.04840946472939564,-0.07188806339257646
347,299,284,267,392,125.89678312014172,0.1138961384644535,5.786638095238096,-0.0390950919972164,-0.0514004527258264,-0.049219463182355414,-0.06663575593217243
348,298,284,267,392,125.78155667664475,0.1132382757553147,5.803314285714285,-0.0394492201368263,-0.0471055228205897,-0.049619843184896525,-0.061207524001365636
349,297,284,267,392,125.67418191498204,0.112579178383045,5.819990476190476,-0.0395232576175411,-0.04277826190719,-0.0496705306769956,-0.055724371869256314
350,297,284,267,392,125.67418191498204,0.1119232482602176,5.836666666666667,-0.0393333311804006,-0.0384546831115909,-0.04943184218087901,-0.050271927427848445
351,297,284,267,392,125.67418191498204,0.1112745170719747,5.853342857142857,-0.0389016417849841,-0.0341664868450879,-0.04888932006477559,-0.04484032764792551
352,297,284,267,392,125.67418191498204,0.1106365637948198,5.870019047619048,-0.0382553364370371,-0.0299414588717834,-0.048077081106070424,-0.03946788840314805
353,297,284,267,392,125.67418191498204,0.1100124538293802,5.886695238095238,-0.0374252120909,-0.0258037231998512,-0.04703382912518553,-0.03418886906547664
354,296,284,267,392,125.5746789762968,0.1094047012740568,5.903371428571429,-0.0364443279891219,-0.0217739500627162,-0.04576484787740851,-0.02901043701813159
355,297,284,267,392,125.67418191498204,0.1088152545542554,5.920047619047619,-0.0353466051280107,-0.0178693917910939,-0.044421556829346544,-0.02402736317505862
356,298,284,267,392,125.78155667664475,0.108245504361109,5.9367238095238095,-0.034165488452528,-0.0141039921493941,-0.042973883221769024,-0.0192084445900333
357,298,284,267,392,125.78155667664475,0.107696311729117,5.9534,-0.0329327392114002,-0.0104885291232834,-0.04142331203635895,-0.014556818336314965
358,298,284,267,392,125.78155667664475,0.1071680531015924,5.97007619047619,-0.0316774162707444,-0.0070307581189764,-0.03984434730028305,-0.01010556298368528
359,298,284,267,392,125.78155667664475,0.1066606785461507,5.986752380952381,-0.0304250875621803,-0.0037357695856655,-0.0382691487559426,-0.005863251340532364
360,298,284,267,392,125.78155667664475,0.1061737787865322,6.003428571428572,-0.0291973014048812,-0.0006062255403692,-0.036724820214631436,-0.0018347855664944492
361,298,285,267,392,125.67418191498204,0.1057066565287334,6.020104761904762,-0.0280113289942143,0.0023573026718971,-0.035203008556992994,0.001976437793890622
362,298,285,267,392,125.67418191498204,0.1052583976737913,6.036780952380952,-0.0268801711987027,0.0051561815842883,-0.033781435251316244,0.0055719382612120115
363,298,286,267,392,125.5746789762968,0.10482793838367,6.053457142857143,-0.0258128072317148,0.0077935279222,-0.03241434981599618,0.008949992305889025
364,298,286,267,392,125.5746789762968,0.1044141245212401,6.070133333333334,-0.024814651944686,0.0102741836977317,-0.031160919518624833,0.012128525823730554
365,299,286,267,391,124.67958934805648,0.1040157608212516,6.0868095238095234,-0.0238881716155292,0.0126047780588184,-0.029783674273000795,0.01500410799959424
366,299,286,266,391,125.67418191498204,0.1036316480832276,6.103485714285714,-0.023033602223023,0.0147935857987088,-0.028947291159335274,0.01792495753842009
367,299,286,266,391,125.67418191498204,0.1032606076779862,6.120161904761905,-0.022249710194376,0.0168505563202091,-0.0279621412652364,0.02055464926398038
368,299,286,266,391,125.67418191498204,0.1029014936806317,6.136838095238096,-0.0215345343930435,0.0187869273073281,-0.027063349927657868,0.023027520560638833
369,299,286,266,390,124.67958934805648,0.1025531939044379,6.1535142857142855,-0.0208860516849519,0.0206149554630969,-0.02604064347182086,0.025158755590212092
370,299,286,266,390,124.67958934805648,0.10221462194317,6.170190476190476,-0.020302716124001,0.022347489658466,-0.025313343089906095,0.02734882871687099
371,300,286,266,390,124.78781991845196,0.101884702989474,6.186866666666667,-0.0197838321748024,0.0239974517047123,-0.024687812867261176,0.02945747727176504
372,300,286,266,390,124.78781991845196,0.1015623566230094,6.203542857142857,-0.0193297364242072,0.0255773381525189,-0.024121156679751097,0.0314511470728322
373,298,285,267,391,124.67958934805648,0.1012464799230544,6.220219047619048,-0.0189417781240827,0.0270988742833463,-0.023616531180326302,0.03333942608074403
374,298,285,268,392,124.67958934805648,0.1009359341878052,6.236895238095238,-0.0186221029132895,0.0285726625022019,-0.023217961440261812,0.0351919110061741
375,297,285,269,394,125.5746789762968,0.1006295381779078,6.253571428571428,-0.0183732615872227,0.0300079818021199,-0.02307216425563016,0.037258515906025566
376,293,285,271,395,124.25779653607252,0.1003260702181106,6.270247619047619,-0.0181976789141657,0.031412678737653,-0.022612034839451785,0.03862121588275871
377,294,284,271,395,124.4025723206719,0.1000242807598087,6.28692380952381,-0.0180970263402087,0.0327930911759443,-0.02251316628076917,0.040388027603153395
378,295,283,271,395,124.57929201917948,0.0997229160865163,6.3036,-0.0180715537953719,0.0341539986912814,-0.022513413775139473,0.04214195739768329
379,295,283,271,395,124.57929201917948,0.0994207529231752,6.32027619047619,-0.0181194358371282,0.0354985595471612,-0.0225730648837638,0.04381484296005157
380,296,283,270,394,124.67958934805648,0.0991166427959215,6.336952380952381,-0.0182361869569646,0.0368282893990228,-0.022736803010687298,0.045502727396108875
381,296,282,270,394,124.78781991845196,0.0988095641562876,6.353628571428572,-0.0184141959803341,0.0381429866148808,-0.022978673719370134,0.04717466764726006
382,297,282,270,394,124.90396310766124,0.0984986796135739,6.3703047619047615,-0.0186424197515308,0.0394406597561068,-0.023285121088827382,0.04882885610988268
383,295,282,271,394,123.68508398347798,0.0981833951245967,6.386980952380952,-0.0189062657582009,0.0407174894350894,-0.02338423068117032,0.04991935252394481
384,294,282,271,394,123.58397954427588,0.0978634177711431,6.403657142857143,-0.019187676820458,0.0419677927833455,-0.023712894596816577,0.05141047309055249
385,294,282,271,394,123.58397954427588,0.097538808725625,6.420333333333334,-0.0194654196341536,0.0431840081950302,-0.02405614021887984,0.052900252990006
386,294,282,271,394,123.58397954427588,0.0972100282660532,6.437009523809524,-0.0197155615391453,0.0443567701087638,-0.024365275539576448,0.05433748660839738
387,294,282,271,394,123.58397954427588,0.0968779701513124,6.453685714285714,-0.019912108536712,0.0454749509643386,-0.024608176140844165,0.055709753423330684
388,294,282,271,394,123.58397954427588,0.0965439832836709,6.470361904761905,-0.0200277676198494,0.0465258021414148,-0.02475111223848979,0.05700272827701105
389,294,282,271,394,123.58397954427588,0.096209879338686,6.487038095238095,-0.0200347882486639,0.0474950166557776,-0.024759788610967778,0.05820017454652419
390,294,282,271,394,123.58397954427588,0.0958779258132591,6.503714285714286,-0.0199058367617528,0.0483671926744527,-0.024600425231761525,0.05928440945200297
391,294,282,271,394,123.58397954427588,0.0955508246942894,6.520390476190476,-0.0196148586475259,0.0491257292881093,-0.024240822898597036,0.060236050919737646
392,294,282,271,394,123.58397954427588,0.0952316775995388,6.537066666666667,-0.0191378897480366,0.0497533284231565,-0.023651365751419618,0.06103450599092897
393,294,282,271,394,123.58397954427588,0.0949239387556217,6.553742857142857,-0.0184537856146747,0.0502322056121656,-0.022805922639184104,0.061658103101248966
394,294,283,271,394,123.4908903522847,0.0946313574883855,6.570419047619048,-0.0175448504053692,0.0505444494908709,-0.021666291976566856,0.06203765884836938
395,294,283,271,393,122.494897852931,0.0943579120437549,6.587095238095238,-0.0163973567596848,0.0506723215892261,-0.020085925413356572,0.06174165248557998
396,294,283,271,393,122.494897852931,0.0941077365182181,6.603771428571428,-0.015001958984216,0.0505985876289392,-0.018376634333653993,0.061705002716553436
397,294,283,271,393,122.494897852931,0.093885042471313,6.620447619047619,-0.0133540119503365,0.0503069084812178,-0.016357983297832893,0.06140495145259256
398,294,283,271,393,122.494897852931,0.0936940364906936,6.63712380952381,-0.0114538138007041,0.0497821941356713,-0.014030337515437401,0.060819946981975515
399,294,283,271,393,122.494897852931,0.0935388346984341,6.6538,-0.0093067893702204,0.0490109806026205,-0.01140034213243892,0.05992985004292475
400,294,283,271,393,122.494897852931,0.0934233748160025,6.67047619047619,-0.0069236365821352,0.0479818795755505,-0.008481101558994677,0.058716634308976286
401,294,283,271,393,122.494897852931,0.0933513261953342,6.687152380952381,-0.0043204484124307,0.046685965259947,-0.005292328869595565,0.05716506022296422
402,294,283,271,393,122.494897852931,0.0933259981464267,6.703828571428572,-0.0015188150401402,0.0451171693796088,-0.0018604709319946908,0.055263404834452405
403,294,283,271,393,122.494897852931,0.0933502469677115,6.7205047619047615,0.0014540983637385,0.0432726302870922,0.0017811963053426167,0.05300417423381697
404,294,283,272,393,121.49897118905989,0.0934263823510622,6.737180952380952,0.0045655141358165,0.0411529231426794,0.005547052704508146,0.04997505308504544
405,294,283,272,393,121.49897118905989,0.0935560743427402,6.753857142857143,0.0077770754575621,0.0387621637389645,0.009449066669534822,0.047022144048968186
406,294,283,272,393,121.49897118905989,0.0937402626411914,6.770533333333334,0.0110449864862203,0.0361079843206482,0.01341954494872836,0.04372261077408468
407,294,283,272,393,121.49897118905989,0.0939790707859959,6.787209523809524,0.0143203056564716,0.0332013812214221,0.017399024043741742,0.04009017726215489
408,294,283,272,393,121.49897118905989,0.0942717285498804,6.803885714285714,0.0175494375830214,0.0300564980006683,0.021322386112837217,0.03614413996206402
409,294,283,272,393,121.49897118905989,0.0946165065388241,6.820561904761905,0.0206748651279757,0.0266903606572863,0.025119748425216182,0.03190916619451244
410,294,283,272,393,121.49897118905989,0.0950106675409616,6.837238095238095,0.0236361537546763,0.0231226680540099,0.028717683640596053,0.02741502821107616
411,294,283,272,393,121.49897118905989,0.0954504394138613,6.853914285714286,0.026371243092217,0.0193756357251084,0.032040789046809674,0.022696242630526785
412,294,283,272,393,121.49897118905989,0.095931014193299,6.870590476190476,0.0288180193266454,0.0154739152217996,0.0350135969989386,0.01779162528214306
413,294,283,272,393,121.49897118905989,0.0964465776106086,6.887266666666666,0.0309161386736232,0.0114445271786033,0.037562790419835256,0.01274368634186748
414,294,283,272,393,121.49897118905989,0.0969903722484866,6.903942857142857,0.0326090445329457,0.0073167568438768,0.0396196536221114,0.007597825240372127
415,294,283,272,393,121.49897118905989,0.097554796197728,6.920619047619048,0.0338460963280061,0.0031220154185926,0.041122658826185585,0.0024013751420590224
416,294,283,272,393,121.49897118905989,0.0981315373571742,6.937295238095238,0.0345847068771283,-0.0011064518031357,0.04202006304446292,-0.0027975791208638794
417,294,283,272,393,121.49897118905989,0.09871174154626,6.953971428571428,0.0347923699908688,-0.0053339396758654,0.042272371591196796,-0.007951437822813948
418,294,283,272,392,120.50311199301038,0.0992862104754658,6.970647619047619,0.0344484509232519,-0.0095247745765641,0.04151145539590345,-0.01290765510903736
419,294,283,271,392,121.49897118905989,0.0998456235840443,6.98732380952381,0.0335456175903676,-0.0136428951933292,0.04075758025131294,-0.017943215501315942
420,294,283,271,392,121.49897118905989,0.1003807758820315,7.004,0.0320908002790732,-0.0176523967413187,0.03898999218540989,-0.022698700483017968
421,295,283,271,392,121.59358535712316,0.1008828224362021,7.02067619047619,0.0301055900559208,-0.021518122059409,0.03660646634191164,-0.027266715382642887
422,295,283,271,392,121.59358535712316,0.1013435191521615,7.037352380952381,0.0276260166623284,-0.0252061521055553,0.03359146415108135,-0.03157706242406446
423,299,283,271,392,122.05326705991938,0.1017554490936439,7.054028571428572,0.0247016812425198,-0.0286843141962993,0.030149208975222698,-0.03575487876013562
424,300,283,270,392,123.17873193047572,0.1021122238656702,7.070704761904762,0.0213942610295615,-0.0319225601304364,0.026353179442109798,-0.03988561156835854
425,299,283,270,392,123.0447073221762,0.1024086504774486,7.087380952380952,0.0177754393128076,-0.0348933743345291,0.021871737277675156,-0.04332323006339765
426,298,283,270,391,121.92620719107111,0.1026408557047435,7.104057142857143,0.0139243568623445,-0.0375720129270749,0.016977440198006285,-0.04604653026324752
427,297,283,269,391,122.80065146407,0.102806362034224,7.120733333333333,0.0099247085068293,-0.0399367874802859,0.012187606702296355,-0.04916359364352841
428,297,283,269,391,122.80065146407,0.1029041118185649,7.137409523809524,0.0058616375532804,-0.0419692469548344,0.007198129101890905,-0.05158070149895801
429,297,283,269,391,122.80065146407,0.1029344389855974,7.154085714285714,0.0018185908271928,-0.043654309602478,0.002233241383258578,-0.05361183793627955
430,296,283,268,391,123.68508398347798,0.1028989906478293,7.170761904761905,-0.0021256855886086,-0.0449802858657529,-0.0026291560054952355,-0.05563949310809603
431,296,283,268,391,123.68508398347798,0.1028006033812019,7.187438095238095,-0.0058998646464208,-0.0459390865207279,-0.007297252542837092,-0.05686285054669841
432,296,283,268,391,123.68508398347798,0.1026431415637035,7.204114285714286,-0.0094423134422222,-0.0465258669770481,-0.011678733310995759,-0.05765583190513373
433,295,283,268,391,123.58397954427588,0.1024313069268616,7.220790476190476,-0.0127028194565364,-0.0467392440700189,-0.01569864979871224,-0.057961634944745766
434,295,283,268,391,123.58397954427588,0.1021704297725954,7.237466666666666,-0.0156436900045403,-0.046581094750135,-0.019333094655181012,-0.057869211547120686
435,295,283,268,391,123.58397954427588,0.1018662528673999,7.254142857142857,-0.0182401913452463,-0.0460565230392977,-0.022541954340945965,-0.05732965357216503
436,295,283,268,391,123.58397954427588,0.1015247188987184,7.270819047619048,-0.0204803350722781,-0.0451737043599198,-0.025310413106323322,-0.05634582729679022
437,295,283,268,391,123.58397954427588,0.1011517715633116,7.2874952380952385,-0.0223640606611692,-0.0439438392651513,-0.027638396152768793,-0.054925652096552
438,295,283,268,391,123.58397954427588,0.1007531789719693,7.304171428571428,-0.0239018972535377,-0.0423810431507307,-0.029538915812505867,-0.05308221582878117
439,295,283,268,391,123.58397954427588,0.100334386210237,7.320847619047619,-0.0251132152952023,-0.0405020943156374,-0.031035910853332772,-0.05083351146518309
440,295,283,268,391,123.58397954427588,0.0999004017026263,7.33752380952381,-0.0260241994855055,-0.0383262125887811,-0.032161741368728666,-0.04820204229899595
441,295,283,268,390,122.58874336577564,0.0994557197875749,7.3542,-0.0266656773731575,-0.0358746911428681,-0.03268911880172575,-0.04485001055397485
442,295,283,268,390,122.58874336577564,0.0990042795855048,7.37087619047619,-0.0270709430139118,-0.0331704477533132,-0.0331859288580197,-0.041561609458566996
443,295,283,268,390,122.58874336577564,0.0985494581200133,7.387552380952381,-0.0272737029563726,-0.0302375083214466,-0.033434489723531566,-0.03797966381760072
444,295,283,268,390,122.58874336577564,0.0980940938120133,7.404228571428572,-0.0273062549057691,-0.0271005198590093,-0.0334743947492378,-0.034136247096591
445,295,283,268,390,122.58874336577564,0.0976405350377494,7.420904761904762,-0.0271979847502608,-0.0237842977270287,-0.033341667726160006,-0.03006369787230358
446,295,283,268,390,122.58874336577564,0.0971907074005675,7.437580952380952,-0.0269742443769837,-0.0203134223134927,-0.03306738721415771,-0.025793936932316807
447,295,283,268,390,122.58874336577564,0.0967461928477503,7.454257142857143,-0.0266556413739614,-0.0167119639643323,-0.032676815796427054,-0.021358008098728783
448,295,283,268,390,122.58874336577564,0.0963083137729616,7.470933333333333,-0.0262577400644254,-0.0130032826115958,-0.0321890335812309,-0.016785772026556723
449,295,283,268,390,122.58874336577564,0.0958782156323092,7.487609523809524,-0.0257911506387779,-0.0092099180066967,-0.031617047467652044,-0.01210576278341938
450,295,283,268,390,122.58874336577564,0.0954569424402619,7.504285714285714,-0.0252619561193428,-0.0053534684677582,-0.030968314556316,-0.007345069924519481
451,295,283,268,390,122.58874336577564,0.0950455006063537,7.520961904761904,-0.0246724115136297,-0.0014544959466959,-0.03024559923259159,-0.002529280174103468
452,295,283,268,390,122.58874336577564,0.0946449078475733,7.537638095238095,-0.0240218387618138,0.0024676076458646,-0.029448070271460333,0.00231761240835563
453,295,283,268,390,122.58874336577564,0.0942562252931085,7.554314285714286,-0.0233076346195346,0.0063947936975551,-0.028572536388373947,0.007173338996373039
454,294,283,268,390,122.494897852931,0.0938805721759902,7.5709904761904765,-0.0225263148471851,0.0103105474251983,-0.027593586362089015,0.012008312722419255
455,294,283,268,390,122.494897852931,0.0935191237189121,7.587666666666666,-0.0216745219835535,0.0142000561070423,-0.026550183563864935,0.016818881686057982
456,294,283,268,390,122.494897852931,0.0931730938375159,7.604342857142857,-0.020749935777612,0.0180502781323763,-0.025417612635334604,0.021583255930620878
457,294,283,268,390,122.494897852931,0.0928437050740324,7.621019047619048,-0.019752038929622,0.0218499796415728,-0.024195239910711635,0.0262872049222029
458,294,283,267,390,123.4908903522847,0.0925321487641073,7.637695238095238,-0.0186827027653522,0.0255895969948296,-0.023071435986804344,0.03116978438556524
459,294,283,267,390,123.4908903522847,0.0922395388069392,7.654371428571428,-0.0175465708181957,0.0292610338285084,-0.021668416529684032,0.03575450479595198
460,294,283,267,390,123.4908903522847,0.091966862598414,7.671047619047619,-0.0163512289521087,0.0328574010266972,-0.020192278216499583,0.04024572851030644
461,294,283,267,390,123.4908903522847,0.0917149326733077,7.68772380952381,-0.0151071628418963,0.0363726923984337,-0.018655969900427255,0.04463512291266428
462,294,283,267,390,123.4908903522847,0.0914843424879875,7.7044,-0.0138275096851062,0.0398015559648429,-0.017075714823686042,0.04891518122294274
463,294,283,267,390,123.4908903522847,0.0912754295037243,7.72107619047619,-0.0125276204155511,0.0431390751022161,-0.01547046999111864,0.05307901975776852
464,294,283,267,390,123.4908903522847,0.0910882483784475,7.737752380952381,-0.0112244535431582,0.0463806670127146,-0.013861177617624626,0.057120314501107175
465,294,283,267,390,123.4908903522847,0.0909225566159484,7.754428571428571,-0.0099358281338668,0.049521987359666,-0.012269842626384904,0.06103323206303207
466,294,283,267,390,123.4908903522847,0.0907778145343258,7.771104761904762,-0.0086795651458442,0.0525588814210361,-0.01071847227730958,0.06481239894764418
467,294,283,267,390,123.4908903522847,0.0906532007711022,7.787780952380952,-0.0074725557615567,0.0554872655188361,-0.009227925642017317,0.0684527620324235
468,294,283,267,390,123.4908903522847,0.0905476439120661,7.804457142857143,-0.0063297945167257,0.0583030023028712,-0.007816719606174662,0.07194941841702675
469,294,283,267,390,123.4908903522847,0.090459870086645,7.821133333333333,-0.0052634218556359,0.0610017267575996,-0.006499846512521517,0.07529736406903535
470,294,283,267,390,123.4908903522847,0.0903884656433906,7.837809523809524,-0.0042818198410653,0.0635785916235291,-0.00528765744501232,0.07849112807277836
471,294,283,267,390,123.4908903522847,0.0903319531022118,7.854485714285714,-0.003388816004443,0.0660280502897318,-0.00418487905628738,0.08152444539992149
472,294,283,267,390,123.4908903522847,0.0902888780638645,7.871161904761904,-0.0025830262858127,0.0683436229308177,-0.003189802158383653,0.08438990911345332
473,294,283,267,390,123.4908903522847,0.0902579037056865,7.887838095238095,-0.0018574001191886,0.0705177235406874,-0.002293719944590399,0.08707870430085907
474,294,283,267,391,124.4869471069156,0.0902379090231246,7.904514285714286,-0.001198995813249,0.0725415503325032,-0.0014925932838534151,0.09030297177986159
475,294,283,267,391,124.4869471069156,0.0902280863453142,7.921190476190477,-0.0005890240834335,0.0744050229773757,-0.0007332580991908555,0.09262410969205429
476,294,283,267,391,124.4869471069156,0.0902280332964769,7.937866666666666,-3.1811124581546547e-06,0.0760967885997117,-3.960069783194487e-06,0.09473056896158705
477,294,283,267,391,124.4869471069156,0.0902378341893436,7.954542857142857,0.000587717733299,0.077604250502241,0.0007316318637898894,0.09660673228242243
478,294,283,268,391,123.4908903522847,0.090258125943521,7.971219047619048,0.0012168099306793,0.0789136460054751,0.0015026494172908857,0.09744933562287804
479,294,283,270,392,122.494897852931,0.0902901440157839,7.987895238095238,0.0019199872002327,0.0800101722960762,0.0023518863597143955,0.09800386323432557
480,294,283,270,392,122.494897852931,0.0903357445396356,8.00457142857143,0.0027344688774595,0.0808780525368481,0.0033495848582642033,0.09906232850490461
481,294,283,270,392,122.494897852931,0.090397399893019,8.02124761904762,0.0036972085124266,0.0815007629401308,0.004528891790706833,0.0998175320555922
482,294,282,271,392,121.59358535712316,0.0904781661618021,8.037923809523809,0.0048432085792268,0.0818611885475624,0.005889030957805652,0.09950943236567764
483,294,282,270,393,123.58397954427588,0.0905816224310112,8.0546,0.0062038311061989,0.0819418809615166,0.0076669413652462725,0.10121947299634443
484,295,282,271,393,122.6906679417795,0.0907117833420429,8.07127619047619,0.0078051945507247,0.0817252836669632,0.009576245328439509,0.10019455195045723
485,295,282,270,393,123.68508398347798,0.0908729878789323,8.08795238095238,0.0096667483571661,0.0811941129196286,0.011956325824032367,0.10030942796126535
486,295,282,271,393,122.6906679417795,0.091069768671738,8.104628571428572,0.0118001046513949,0.0803316551308117,0.014477627214625394,0.09838860673244319
487,295,282,270,393,123.68508398347798,0.0913067072787188,8.121304761904762,0.014208197448878,0.0791220973258051,0.01757342094718313,0.09761254589224137
488,268,282,274,393,119.82069938036582,0.0915882816693484,8.137980952380952,0.0168848149720758,0.0775509124806009,0.02023150338862194,0.0925804405187876
489,282,282,273,393,120.0,0.0919187125505955,8.154657142857143,0.0198145302860903,0.0756051956284461,0.02377743634330836,0.09025509602158524
490,288,282,272,393,121.1486689980538,0.092301815218076,8.171333333333333,0.022973032601632,0.0732739961152637,0.027831523225366136,0.08813109652491818
491,291,282,272,393,121.33424908079334,0.0927408631842691,8.188009523809523,0.0263278334953009,0.0705486333034767,0.03194467907076493,0.08475862026390002
492,293,282,272,393,121.49897118905989,0.0932384690885566,8.204685714285715,0.0298393032268369,0.0674229654663306,0.03625444643059078,0.0808364019663833
493,293,282,271,393,122.494897852931,0.0937964873142732,8.221361904761904,0.0334619724158972,0.0638937002845842,0.04098920893042922,0.07689494311947984
494,294,282,271,392,121.59358535712316,0.0944159414220404,8.238038095238096,0.0371460201687924,0.0599606331037034,0.04516717774071477,0.07123050269829902
495,294,282,271,393,122.58874336577564,0.0950969781042203,8.254714285714286,0.0408388644368292,0.0556268690952252,0.05006385071796156,0.06614772898490509
496,294,282,271,393,122.58874336577564,0.0958388479059146,8.271390476190476,0.0444867670918959,0.0508990725155853,0.05453576874201459,0.059970413339487404
497,294,282,271,393,122.58874336577564,0.0966399116044788,8.288066666666667,0.0480363725581057,0.0457875951540035,0.05888718547748407,0.05330171073620697
498,294,282,271,393,122.58874336577564,0.0974976699738113,8.304742857142857,0.0514361100970331,0.0403065868225809,0.06305488100418971,0.046168040477950416
499,294,282,270,393,123.58397954427588,0.0984088137014987,8.321419047619047,0.0546374022885086,0.0344740119761371,0.06752307606775418,0.038915070437809035
500,294,282,270,393,123.58397954427588,0.0993692895977825,8.338095238095239,0.057595641981607,0.0283115988480564,0.07117898640494356,0.030889001111446664
501,294,282,270,393,123.58397954427588,0.1003743788661931,8.354771428571429,0.0602709155814498,0.0218446869679879,0.0744851959833267,0.022507242514850437
502,294,282,270,393,123.58397954427588,0.1014187831755341,8.371447619047618,0.0626284708628252,0.0151020486178789,0.07739875662000667,0.013816346900891069
503,294,282,270,393,123.58397954427588,0.1024967144533585,8.38812380952381,0.0646389401322423,0.008115632087079,0.07988337455066706,0.004866044433242344
504,294,282,271,393,122.58874336577564,0.1036019847634341,8.4048,0.0662783452643898,0.0009203630912692,0.08124979058324552,-0.004256840124946396
505,294,282,271,394,123.58397954427588,0.1047280931727824,8.42147619047619,0.0675279171796493,-0.0064460478820199,0.08345368735397335,-0.013601736183905158
506,295,282,271,394,123.68508398347798,0.1058683071971285,8.438152380952381,0.0683737707346334,-0.013943293230548,0.084568155755802,-0.023028017635363867
507,295,282,271,394,123.68508398347798,0.1070157370880751,8.454828571428571,0.0688064754708128,-0.0215285610194233,0.08510334697214599,-0.03248328013323105
508,295,281,271,394,123.79418403139948,0.1081634019515725,8.471504761904761,0.0688205657722591,-0.0291567329227929,0.08519585784356075,-0.04195756675023269
509,295,281,271,394,123.79418403139948,0.1093042873329852,8.488180952380953,0.0684140291538159,-0.0367805695525077,0.08469258915397015,-0.05132636722312013
510,294,281,272,394,122.6906679417795,0.1104313945465496,8.504857142857142,0.0675878112074585,-0.0443510706750024,0.08292393701765974,-0.060019272250219906
511,294,281,272,394,122.6906679417795,0.1115377824207734,8.521533333333334,0.0663453608186744,-0.0518178686084775,0.08139956633681529,-0.06897617270803436
512,294,281,272,394,122.6906679417795,0.1126166028468432,8.538209523809524,0.0646922585592962,-0.0591298334636542,0.07937136413302352,-0.07768150044011679
513,296,281,272,393,121.92620719107111,0.1136611316157375,8.554885714285714,0.0626359341712733,-0.0662356433731238,0.0763696188737296,-0.08554209019391407
514,297,281,272,392,121.06196760337244,0.1146647964635999,8.571561904761905,0.0601854991579393,-0.0730844881974428,0.07286174949251246,-0.09286274018740635
515,297,281,272,392,121.06196760337244,0.1156212043409657,8.588238095238095,0.0573517002418144,-0.0796267299667702,0.06943109676672862,-0.10037967748522203
516,297,281,272,392,121.06196760337244,0.1165241700046703,8.604914285714285,0.0541469986801724,-0.0858145324332307,0.06555142200038881,-0.10743817421384178
517,297,282,272,392,120.93386622447824,0.1173677479063027,8.621590476190477,0.0505857679448326,-0.0916023952418156,0.06117532493502885,-0.11387291891126819
518,297,282,272,392,120.93386622447824,0.1181462691034566,8.638266666666667,0.0466845949178476,-0.096947694055654,0.05645748556538938,-0.11987828948068148
519,297,283,271,392,121.80722474467596,0.1188543845354813,8.654942857142856,0.0424626615434581,-0.1018110808555761,0.051722589578811096,-0.12620953088817158
520,297,283,270,392,122.80065146407,0.1194871154464256,8.671619047619048,0.037942173414709,-0.1061568557117693,0.04659323613288983,-0.1321291590331321
521,297,284,270,392,122.6906679417795,0.1200399110775942,8.688295238095238,0.0331487957011404,-0.1099532773835996,0.040670478860385044,-0.13625058784062635
522,297,284,268,390,122.6906679417795,0.1205087129856394,8.704971428571428,0.0281120504538859,-0.1131727731348232,0.03449086247400267,-0.13982204015341657
523,299,284,267,390,123.9112585683803,0.1208900245897557,8.72164761904762,0.0228656301725925,-0.1157922021032749,0.028333090126450675,-0.1441274289106886
524,301,284,267,389,123.17873193047572,0.1211809837590291,8.73832380952381,0.0174475801106259,-0.1177930234898248,0.02149170793282288,-0.1454709309332057
525,301,284,266,389,124.16923934694935,0.1213794356050868,8.755,0.0119003105859867,-0.1191614619630138,0.014776525134544175,-0.14813772615266133
526,301,284,266,389,124.16923934694935,0.1214840020992504,8.77167619047619,0.006270406560349,-0.1198887731986286,0.007785916129946563,-0.14891379860270595
527,301,284,265,389,125.15989773086264,0.1214941447822866,8.78835238095238,0.0006082134316389,-0.1199713899005547,0.0007612393090246175,-0.1501565319018012
528,301,284,265,389,125.15989773086264,0.1214102167305707,8.805028571428572,-0.0050328072131145,-0.1194111206677943,-0.006299056360925587,-0.1494865384433774
529,301,284,265,389,125.15989773086264,0.1212335000462478,8.821704761904762,-0.0105969456618578,-0.1182153268953735,-0.013263126352976308,-0.14809873087372327
530,301,284,265,388,124.16923934694935,0.1209662255451274,8.838380952380952,-0.016027311603445,-0.1163969153691206,-0.01990099090576301,-0.1448481238196134
531,300,284,265,388,124.03628501370072,0.1206115719428211,8.855057142857143,-0.0212670635306484,-0.1139742497201359,-0.02637887553491985,-0.14193042644696294
532,300,284,264,388,125.02799686470227,0.1201736427024819,8.871733333333333,-0.0262607482784798,-0.1109708974148215,-0.03283328753426508,-0.13960691683962728
533,299,284,264,388,124.90396310766124,0.1196574197722764,8.888409523809523,-0.0309556868484137,-0.1074152307910843,-0.03866487968086579,-0.13536277814673756
534,299,284,264,388,124.90396310766124,0.1190686945628846,8.905085714285715,-0.0353033392268085,-0.1033400057379297,-0.04409526980362538,-0.13063247291053373
535,299,284,264,388,124.90396310766124,0.1184139777102674,8.921761904761905,-0.0392605765418654,-0.098781815297477,-0.04903801603970666,-0.12530766291842685
536,299,284,264,388,124.90396310766124,0.117700390258472,8.938438095238094,-0.0427907952247358,-0.0937806148857628,-0.05344739908097887,-0.1194227613284199
537,299,284,264,388,124.90396310766124,0.1169355398099142,8.955114285714286,-0.045864818445784,-0.0883792532910097,-0.05728697591091785,-0.11301664667489146
538,299,284,264,388,124.90396310766124,0.116127385914286,8.971790476190476,-0.0484615414283051,-0.0826230438452341,-0.060530385827014165,-0.10613285200330509
539,299,284,264,388,124.90396310766124,0.1152840993436417,8.988466666666667,-0.0505682980683374,-0.0765592931138141,-0.06316180836344831,-0.09881957637822265
540,299,285,265,389,124.78781991845196,0.1144139200539397,9.005142857142857,-0.0521809397022899,-0.0702367798965261,-0.06511545706744952,-0.09104473215272009
541,299,285,266,389,123.79418403139948,0.1135250184343329,9.021819047619047,-0.0533036379547198,-0.0637051552741662,-0.06598680366509672,-0.08238061384994359
542,299,286,267,389,122.6906679417795,0.1126253640882707,9.03849523809524,-0.0539484330876799,-0.0570142568437686,-0.06618969289939845,-0.0735220027621387
543,299,286,267,390,123.68508398347798,0.1117226057609271,9.055171428571429,-0.0541345656031284,-0.0502133871343177,-0.06695638293032034,-0.06573112475231939
544,299,286,267,390,123.68508398347798,0.1108239653743727,9.071847619047618,-0.0538876302616865,-0.0433505480310778,-0.06665096074587304,-0.05720982406879632
545,299,286,267,390,123.68508398347798,0.1099361483600213,9.08852380952381,-0.0532385988046252,-0.036471790047374,-0.06584820564312757,-0.04861583035261122
546,299,286,267,390,123.68508398347798,0.1090652717241527,9.1052,-0.0522227565769266,-0.0296205602098059,-0.06459176033065893,-0.04000937454849827
547,299,286,267,390,123.68508398347798,0.1082168105890098,9.12187619047619,-0.0508785946259323,-0.0228371974460084,-0.06292923249269768,-0.031447957750685186
548,299,286,267,390,123.68508398347798,0.107395563337067,9.13855238095238,-0.0492466941484805,-0.016158412897304,-0.06091081501663464,-0.022985202839886466
549,299,286,267,390,123.68508398347798,0.1066056349707658,9.155228571428571,-0.04736863418711,-0.0096168108924359,-0.058587934976153465,-0.014669791088505201
550,299,286,267,390,123.68508398347798,0.1058504378754196,9.17190476190476,-0.0452859480361821,-0.0032402117215554,-0.05601196286126602,-0.006544213428588148
551,299,286,267,390,123.68508398347798,0.1051327088798853,9.188580952380953,-0.043039145934376,0.0029486958886229,-0.0532330037947046,0.001355993967415113
552,299,286,267,390,123.68508398347798,0.1044545413393644,9.205257142857144,-0.0406668142516814,0.0089334097314803,-0.05029878336059713,0.009003804048958636
553,298,286,267,390,123.58397954427588,0.1038174306204771,9.221933333333332,-0.0382048118122025,0.0147041563356267,-0.04721502681492142,0.016368140343807076
554,298,286,267,390,123.58397954427588,0.1032223314961217,9.238609523809524,-0.0356855557152016,0.0202586220995188,-0.04410162987533591,0.023462620221373964
555,298,286,267,390,123.58397954427588,0.1026697255899766,9.255285714285714,-0.0331374187008786,0.0256026296807679,-0.040952540748794855,0.030283687137819294
556,298,286,267,390,123.58397954427588,0.1021596969185476,9.271961904761906,-0.0305842435751272,0.0307506428879927,-0.0377972253236567,0.03684686867066753
557,298,286,267,390,123.58397954427588,0.1016920132737879,9.288638095238095,-0.0280449929753091,0.0357261284788324,-0.0346591183817996,0.04317975657969397
558,298,286,267,390,123.58397954427588,0.1012662108433703,9.305314285714283,-0.0255335552220716,0.0405617912810449,-0.03155538366257135,0.04932215470825648
559,298,286,267,390,123.58397954427588,0.1008816790387027,9.321990476190477,-0.0230587318618505,0.0452997148609661,-0.028496898467318742,0.05532608800673936
560,298,286,267,390,123.58397954427588,0.1005377420262822,9.338666666666668,-0.020624435353597,0.0499913801184067,-0.025488497968511714,0.06125565110082107
561,298,286,267,390,123.58397954427588,0.1002337329964695,9.355342857142857,-0.0182301245747218,0.0546976473219243,-0.0225295134253202,0.06718681344117564
562,298,286,267,390,123.58397954427588,0.0999690568482277,9.372019047619048,-0.0158714994662392,0.059488685077514,-0.019614630653726907,0.07320717079740248
563,298,286,267,390,123.58397954427588,0.0997432367284623,9.388695238095238,-0.0135414692035191,0.0644439101769165,-0.01673508653047146,0.0794157311117014
564,298,286,267,390,123.58397954427588,0.0995559399113296,9.405371428571428,-0.0112313910901983,0.0696519146389471,-0.01388020006744829,0.08592271398422517
565,298,286,267,390,123.58397954427588,0.0994069788403664,9.42204761904762,-0.0089325599378279,0.075210289146255,-0.011039213046345413,0.09284925992149558
566,298,286,267,390,123.58397954427588,0.0992962838179929,9.43872380952381,-0.0066379082519828,0.08122540595387,-0.008203391176298223,0.10032713572080235
567,299,286,267,390,123.68508398347798,0.0992238448978746,9.4554,-0.0043438530053806,0.087812066941039,-0.005372698237823828,0.10858709053226462
568,299,286,268,390,122.6906679417795,0.0991896219887562,9.47207619047619,-0.0020522018603268,0.0950929407733909,-0.0025178601699485754,0.11666499704302925
569,300,287,268,390,122.6906679417795,0.099193423918198,9.48875238095238,0.0002279854890868,0.1031976723789268,0.0002797169193709277,0.1266138497706759
570,300,288,267,390,123.58397954427588,0.0992347593148463,9.505428571428572,0.0024787073946703,0.1122618119358795,0.0030632852395917967,0.1387300217110954
571,300,288,267,390,123.58397954427588,0.0993126643792836,9.522104761904762,0.0046716343608898,0.1224253256608762,0.005773391652945413,0.15127111824692557
572,300,288,267,390,123.58397954427588,0.0994255149362241,9.538780952380952,0.0067671664641698,0.1338308742795779,0.008363133618806702,0.16533692557623855
573,300,288,267,390,123.58397954427588,0.0995708323700225,9.555457142857144,0.0087140665612933,0.1466219607261098,0.010769190236583294,0.18110741051063892
574,300,288,267,390,123.58397954427588,0.0997450949842913,9.572133333333332,0.0104497855500979,0.160940863709955,0.012914260836653682,0.19876217282941064
575,300,288,267,390,123.58397954427588,0.0999435679100304,9.588809523809523,0.0119015746445492,0.176926712632234,0.014708439574166407,0.21847801875628303
576,300,289,267,390,123.4908903522847,0.1001601656576597,9.605485714285717,0.0129884428903949,0.1947134465170368,0.01603954376824668,0.24024504004128655
577,300,289,267,390,123.4908903522847,0.1003873617714301,9.622161904761905,0.0136239816938254,0.2144279444494832,0.016824376295137264,0.26456976277011424
578,300,289,267,390,123.4908903522847,0.1006161595953452,9.638838095238096,0.0137200294180954,0.2361881254710236,0.016942986485001393,0.2914383607775337
579,300,289,267,390,123.4908903522847,0.1008361369803371,9.655514285714286,0.0131911053250442,0.2601010455957457,0.01628981341320472,0.32098621637732944
580,300,289,267,390,123.4908903522847,0.1010355757706552,9.672190476190476,0.0119594934228454,0.2862608841470967,0.014768884909494712,0.353329486181634
581,301,289,267,390,123.58397954427588,0.1012016841340234,9.688866666666666,0.0099608099107133,0.3147467979516894,0.012309965282500127,0.3888540011726927
582,301,289,267,390,123.58397954427588,0.1013209163852253,9.705542857142856,0.0071498494438573,0.3456206947214116,0.008836068474143127,0.42706863210602775
583,301,289,267,389,122.58874336577564,0.1013793909202636,9.722219047619047,0.003506468406069,0.3789249260743426,0.004298535555517929,0.4645042324951131
584,301,289,267,389,122.58874336577564,0.1013634025071805,9.738895238095235,-0.0009587569238875,0.4146800124523586,-0.0011753280649260522,0.5083498894004682
585,301,289,267,389,122.58874336577564,0.1012600205272701,9.755571428571429,-0.0061993762938837,0.452882496749996,-0.007599737495187821,0.5551358480569023
586,303,290,267,389,122.6906679417795,0.1010577601730297,9.77224761904762,-0.012128690574093,0.493503056243638,-0.014880771477946352,0.6053017117456554
587,304,290,267,389,122.80065146407,0.1007473092292629,9.78892380952381,-0.0186164186724807,0.5364848377563254,-0.02286108340908507,0.6583812842706764
588,305,290,267,389,122.9186723000212,0.1003222891601022,9.8056,-0.0254866403551559,0.5817422917255894,-0.03132783993843904,0.7142714598071958
589,306,290,267,389,123.0447073221762,0.0997800259583423,9.82227619047619,-0.0325172108422593,0.6291601979057048,-0.0400107069101929,0.7728472875081523
590,306,290,267,389,123.0447073221762,0.0991223038249769,9.838952380952382,-0.0394407904074032,0.6785931913441652,-0.0485298051223422,0.8330589523253006
591,306,290,267,389,123.0447073221762,0.0983560732477505,9.855628571428571,-0.0459475788742272,0.7298654752698286,-0.05653606394741891,0.8954631426339085
592,306,291,267,389,122.9186723000212,0.097494084651578,9.87230476190476,-0.0516897787539197,0.7827711755884228,-0.06353638975913654,0.9588877542510844
593,306,291,267,389,122.9186723000212,0.0965554194780884,9.888980952380953,-0.0562877459830983,0.8370744667946557,-0.06918815003003294,1.0250263757325417
594,306,291,267,389,122.9186723000212,0.0955658922697663,9.905657142857144,-0.0593377252277659,0.8925107598050107,-0.07293714402300458,1.0927344518762154
595,306,292,267,388,121.80722474467596,0.0945583002259222,9.922333333333333,-0.0604209963470181,0.948787907419479,-0.07359713881338478,1.1512454062853583
596,306,292,267,388,121.80722474467596,0.0935725005251217,9.939009523809524,-0.059114202503744,1.0055880260136278,-0.07200536949975832,1.2206223268580045
597,306,293,267,388,121.6963434126104,0.092655300494774,9.955685714285714,-0.0550005729220513,1.062569786486532,-0.06693368610212276,1.2894271852778896
598,306,293,266,388,122.6906679417795,0.0918601513011332,9.972361904761904,-0.0476817049299119,1.1193711998300024,-0.05850100226453732,1.3705745742912596
599,306,294,266,388,122.58874336577564,0.0912466420631345,9.989038095238095,-0.0367895316903906,1.175612750442374,-0.04509982458940363,1.4395096961891751
600,305,294,266,388,122.494897852931,0.0908797979275894,10.005714285714284,-0.0219980778025328,1.230900864548807,-0.026946522933820837,1.5071979849919
601,304,295,266,388,122.3315167894194,0.0908291925132633,10.022390476190475,-0.0030345908076755,1.2848315726037958,-0.0037122609633817322,1.5717426857625787
602,305,296,266,388,122.3315167894194,0.0911678919148379,10.039066666666669,0.0203103581755215,1.336994259416848,0.024845969221479303,1.6350607263979888
603,305,297,266,388,122.2620137246234,0.0919712539531571,10.055742857142857,0.0481741941881878,1.3869755848286842,0.0588987399100889,1.6929068805465532
604,304,297,266,388,122.20065466273084,0.0933156121959036,10.072419047619048,0.0806154286055823,1.434363341385626,0.09851258151518796,1.7448597594335669
605,305,297,265,388,123.25988804148736,0.0952768792594601,10.089095238095238,0.1176088187740951,1.4787505223864572,0.14496449834786537,1.8056571348915849
606,304,298,265,389,124.14507642270796,0.0979291077511857,10.105771428571428,0.1590428278876003,1.5197393809923796,0.19744384022589728,1.8552795892604643
607,303,298,265,389,124.10076550932313,0.1013430497643101,10.12244761904762,0.2047195381942078,1.556945599857492,0.254058514046163,1.880170666317033
608,302,299,265,389,124.03628501370072,0.1055847568601729,10.13912380952381,0.2543570788495698,1.5900024445912395,0.31549507127437587,1.8919315591772117
609,302,300,265,389,124.01612798341996,0.1107142618998375,10.1558,0.3075945340746878,1.618564857202181,0.38146683104806917,1.8899443526413369
610,302,302,265,390,125.0,0.1167843819621902,10.172476190476193,0.3639992041959119,1.642313428923382,0.4549990052448899,1.8872725103351562
611,303,304,265,390,125.00399993600205,0.1238396778109357,10.18915238095238,0.4230759932143174,1.6609580377330495,0.5288619142868654,1.8525152047647013
612,305,306,264,391,127.00393694685216,0.131915600191864,10.20582857142857,0.4842786122201461,1.6742412156239046,0.6150529033111651,1.8284952913716923
613,306,309,264,391,127.03542812932147,0.1410378468526289,10.222504761904762,0.5470222155227338,1.681941036445131,0.6949120134518044,1.7565286873390493
614,306,313,264,392,128.191263352851,0.1512219467289464,10.239180952380952,0.6106970228517085,1.6838735909434313,0.7828602288518542,1.6804884184265683
615,306,316,264,392,128.39003076563228,0.1624730797782877,10.255857142857144,0.6746824501318313,1.6798949831308576,0.8662250052945797,1.5723908767344157
616,306,317,264,393,129.46814279968643,0.1747861325697022,10.272533333333334,0.7383612467724301,1.6699027694691386,0.955942593348875,1.4561611371242775
617,306,319,264,393,129.65338406690356,0.1881459815651278,10.289209523809523,0.8011331493544761,1.6538370032958931,1.038696239019839,1.3121216525351798
618,306,321,265,393,128.87590930814028,0.2025279882998153,10.305885714285717,0.8624275883165005,1.6316807002622062,1.1114613965671545,1.1442883677200484
619,306,323,265,393,129.1239714383042,0.2178986837665768,10.322561904761905,0.9217150337007166,1.6034598559590156,1.1901550568582693,0.9734672380919951
620,306,326,265,393,129.55307792561317,0.2342166135323619,10.339238095238096,0.9785166335850554,1.5692429895648048,1.2676984168235335,0.7925386058818451
621,306,328,266,394,129.87686476043376,0.2514333107066488,10.355914285714286,1.0324118808110343,1.5291401659623445,1.3408641822115976,0.6016751930751618
622,305,334,267,394,130.26895255585654,0.26949436100897,10.372590476190476,1.083044135775977,1.4833016534085186,1.410870251392994,0.404246775027018
623,304,338,268,394,130.50670480860362,0.2883405229067562,10.389266666666666,1.130123928765019,1.4319160240463769,1.4748874996847574,0.20194076297914498
624,304,342,268,394,131.60547101089682,0.3079088661247709,10.405942857142858,1.1734300616171005,1.375207958964215,1.544298159574642,-0.0022769727706513088
625,303,345,268,394,132.81566172707193,0.3281338936234289,10.422619047619047,1.2128086164243812,1.3134356119060246,1.6107997893869874,-0.20914366459111378
626,303,348,268,394,133.79461872586654,0.3489486153048998,10.439295238095236,1.248170060853475,1.2468876815892296,1.669984373969323,-0.41615587815953603
627,303,349,268,394,134.13426109685773,0.370285545940162,10.455971428571427,1.27948470399917,1.1758802694050332,1.716227353556604,-0.6186283367104688
628,303,352,269,394,134.2609399639374,0.3920776048443455,10.47264761904762,1.3067768046483472,1.100753570924473,1.754490821151577,-0.8148458180395088
629,302,354,269,394,135.38463723776047,0.4142589003711889,10.489323809523809,1.3301176643738228,1.0218684452935571,1.8007749747478723,-1.0117897157666444
630,302,356,269,391,133.41664064126334,0.4367653880576175,10.506,1.3496180508709323,0.939602956149028,1.8006150649600947,-1.1765558948802441
631,302,360,269,391,135.08515832614626,0.4595353969064605,10.52267619047619,1.365420290764427,0.8543489217286588,1.8444801615964528,-1.364392044981364
632,302,364,269,389,135.07035203922436,0.4825100236281472,10.539352380952382,1.377690351671681,0.7665083892185627,1.8608512080133675,-1.5283511754489079
633,303,370,269,386,134.82581355215328,0.5056333994635615,10.556028571428572,1.386610201438313,0.6764901781341914,1.869508484886357,-1.6801961505490726
634,304,376,269,386,137.37903770226373,0.528852838281519,10.57270476190476,1.3923706886839151,0.5847063883237813,1.912825453362345,-1.8600980841673782
635,304,378,269,384,136.75159962501354,0.5521188780410528,10.589380952380951,1.3951651483443992,0.4915689737486375,1.907910657771659,-1.989622021016332
636,304,377,269,381,133.6899397860587,0.5753852301625952,10.606057142857145,1.3951838793614846,0.3974863835042877,1.8652204882231667,-2.0709262498590553
637,303,378,269,376,130.66751700403586,0.598608653048874,10.622733333333333,1.3926095962645813,0.3028604420485291,1.8196883809988567,-2.138375281977907
638,303,380,269,373,129.40247292845683,0.6217487668535651,10.639409523809524,1.387613906049424,0.2080834301562318,1.7956067091271082,-2.222343735003896
639,303,381,269,369,126.82271089990152,0.6447678267513011,10.656085714285714,1.3803548196814948,0.1135354918136381,1.750603402357519,-2.2724650552434325
640,303,383,269,369,128.06248474865697,0.6676304714151692,10.672761904761904,1.3709752653947196,0.019582390759415,1.7557049901539723,-2.3819504186514773
641,303,384,269,367,127.1416532848303,0.6903034623436639,10.689438095238096,1.359602539972553,-0.0734264366365711,1.7286211474236497,-2.443593288175338
642,302,385,269,365,126.90547663517128,0.7127554281354616,10.706114285714284,1.3463486054476084,-0.1651595471849906,1.708590114914269,-2.5099544290599978
643,302,389,268,362,128.08200498118384,0.7349566259539355,10.722790476190475,1.3313111198970622,-0.2553048941092998,1.7051699749016096,-2.597111376091387
644,302,392,268,360,128.70120434556935,0.7568787303238028,10.739466666666669,1.314575076434073,-0.3435711194245534,1.6918739553973408,-2.666275502716231
645,301,394,267,357,129.41792766073794,0.7784946571737539,10.756142857142857,1.2962149167589296,-0.4296885606732504,1.677534483298766,-2.7305392512479174
646,299,396,267,354,130.29965464267354,0.7997784287328723,10.772819047619048,1.2762969809865374,-0.5134101793152034,1.6630105584403272,-2.791467045634166
647,297,396,266,353,131.79529581893277,0.8207050826176846,10.789495238095238,1.254882157570122,-0.5945122040824175,1.6538756517485482,-2.858958164268989
648,297,400,266,352,134.18271125595876,0.8412506261653984,10.806171428571428,1.232028596521958,-0.6727945642230986,1.6531693742619002,-2.9395259314422386
649,297,398,266,350,131.36590120727678,0.8613920348983793,10.82284761904762,1.2077943557755542,-0.7480810668550835,1.5866299401951796,-2.899046121707434
650,296,401,266,347,132.61221663180206,0.8811072919974786,10.83952380952381,1.1822398603115023,-0.8202192788824965,1.5677944846638034,-2.941220099513539
651,296,403,266,345,133.00375934536586,0.9003754637465081,10.8562,1.155430059193653,-0.88908019552651,1.5367654153339445,-2.958135038451446
652,295,403,265,342,132.6386067478093,0.9191768043187208,10.872876190476193,1.1274361850841306,-0.9545577145188038,1.4954156478662433,-2.9520977662869035
653,295,403,265,339,130.91982279242512,0.9374928819305818,10.88955238095238,1.0983370355484965,-1.0165679243518095,1.437940900603667,-2.9102326711889903
654,295,404,264,338,131.7459676802292,0.9553067174368692,10.90622857142857,1.068219719109197,-1.0750483189494184,1.407336405891438,-2.9196773110234466
655,294,404,264,335,130.92364186807515,0.9726029259095764,10.922904761904762,1.0371798341714589,-1.1299569646483274,1.3579136116185364,-2.887781424177229
656,293,406,264,333,132.4009063413087,0.989367851585888,10.939580952380952,1.005321071395062,-1.181271620022485,1.3310542101672174,-2.9021511759126457
657,292,407,264,331,133.09395177843356,1.0055896870052985,10.956257142857142,0.972754265584268,-1.2289888804660778,1.2946770931593814,-2.8951125328548613
658,292,410,264,329,134.71822445385777,1.0212585679412347,10.972933333333334,0.9395959441880692,-1.2731233000017037,1.2658069730506274,-2.9044762028740023
659,292,410,266,328,133.29666162361306,1.036366637056999,10.989609523809523,0.905966451830534,-1.3137065614512398,1.2076230357200004,-2.8451929467649286
660,292,413,265,326,135.50645741070792,1.0509080708728855,11.006285714285712,0.8719877502387683,-1.3507865451810417,1.1815997094038868,-2.860743466841199
661,293,412,267,323,131.51805959639154,1.0648790666586254,11.022961904761903,0.8377810151357438,-1.384426444269642,1.1018333347734814,-2.743865845759681
662,293,415,265,322,134.65882815471105,1.0782777881676449,11.039638095238097,0.8034641681593747,-1.4147037651957528,1.0819354334864109,-2.7743198651414875
663,292,416,264,321,136.4734406395618,1.0911042714953023,11.056314285714286,0.7691494856676379,-1.4417092928577695,1.0496847667521185,-2.7749147744438405
664,292,418,263,321,138.70832707519762,1.1033602947645675,11.072990476190476,0.7349414296246857,-1.4655459678093288,1.0194249620149423,-2.782051933444687
665,292,419,263,320,139.20488497175666,1.1150492175170137,11.089666666666666,0.7009348309576404,-1.4863277614921158,0.9757355251615603,-2.752967866076868
666,292,418,263,319,137.88400922514546,1.1261757975538145,11.106342857142858,0.667213537329584,-1.5041785006493176,0.9199807753629429,-2.687845250003082
667,293,418,262,317,136.56500283747664,1.1367459943183942,11.123019047619048,0.6338496060998712,-1.519230676076265,0.8656167325556235,-2.6234082408552064
668,293,420,262,315,137.6154061142865,1.1467667686511582,11.139695238095236,0.6009030867734003,-1.531624376592065,0.8269352232164981,-2.604659034185023
669,292,421,261,313,139.08630414242805,1.1562458887605336,11.156371428571427,0.5684223937660926,-1.5415061541331432,0.7905976994071775,-2.5934173747148628
670,292,421,261,312,138.7155362603627,1.1651917515747274,11.17304761904762,0.5364452287209259,-1.549028005864753,0.7441328757633616,-2.5479290358961313
671,292,421,261,310,137.99275343292487,1.1736132272502935,11.189723809523809,0.5049999691230341,-1.5543463232630628,0.6968633622282953,-2.496801265762395
672,292,420,260,309,137.05838172107534,1.1815195326683845,11.2064,0.4741074065674274,-1.5576209619484016,0.6498039390610753,-2.442926944120271
673,292,421,260,307,137.2953021774598,1.1889201373296765,11.22307619047619,0.4437826895691755,-1.5590141827371549,0.6092927846552578,-2.4108468238878347
674,291,421,260,308,138.57849761056005,1.1958247023938573,11.23975238095238,0.4140373111016489,-1.5586897159344042,0.5737666852718255,-2.3975696063218566
675,291,421,260,307,138.23530663329106,1.2022430509575333,11.256428571428572,0.3848809818309603,-1.556811725247235,0.5320414054072493,-2.3568360805864104
676,291,421,260,307,138.23530663329106,1.208185165030398,11.273104761904762,0.3563232310969478,-1.5535437308792566,0.49256451111251615,-2.3230581181865104
677,291,421,260,306,137.8985134075056,1.2136612025958955,11.289780952380951,0.3283746112948353,-1.5490475175218097,0.45282370738325284,-2.284809307535507
678,292,421,263,306,135.9779393872403,1.218681526444109,11.306457142857145,0.3010474038049423,-1.5434820832864635,0.409358056272745,-2.2220313117317287
679,293,421,264,305,134.40610105199838,1.223256735488128,11.323133333333333,0.2743557679166083,-1.5370024091362613,0.3687508906679827,-2.1669939449744806
680,293,421,265,304,133.80956617521784,1.2273976890452492,11.339809523809524,0.2483153189592731,-1.5297584438840006,0.3322696510460118,-2.129470781669921
681,294,421,266,304,132.5631924781536,1.2311155150557334,11.356485714285714,0.2229421651061475,-1.5218940744020566,0.29553925144462534,-2.0833595317541276
682,293,421,264,303,133.80956617521784,1.2344215944077148,11.373161904761904,0.1982514745619918,-1.5135461583626904,0.2652794380473736,-2.07786158813066
683,292,421,263,303,135.05924625881784,1.2373275153531833,11.389838095238096,0.1742556820526546,-1.5048437268115835,0.23534841074347743,-2.0734413926389417
684,292,421,262,302,135.05924625881784,1.2398449942424077,11.406514285714286,0.1509624690853985,-1.495907168043107,0.20388877288044013,-2.0511404984634716
685,292,421,261,302,135.35878250043476,1.2419857613844718,11.423190476190475,0.1283726727108712,-1.4868475761794064,0.17376368684470309,-2.0348852856540183
686,291,421,261,302,136.31214179228496,1.24376141350259,11.439866666666669,0.1064782823543415,-1.4777660782489883,0.14514282722083952,-2.0298291508795776
687,291,421,260,302,136.61625086350452,1.2451832368047764,11.456542857142855,0.0852606777438894,-1.4687531586334597,0.11647994139451612,-2.016486658511199
688,291,421,260,302,136.61625086350452,1.2462620069402828,11.473219047619049,0.0646892428487513,-1.4598880926125213,0.08837601829195174,-2.000161356639247
689,291,421,260,301,136.31214179228496,1.2470077739481822,11.489895238095238,0.04472046592201,-1.4512383739658663,0.060959424917780745,-1.9809402439490633
690,294,421,260,301,133.4541119636259,1.2474296415733308,11.506571428571428,0.0252976017364897,-1.4428592614014646,0.033760689745527137,-1.926409078671788
691,295,421,260,301,132.5028301584536,1.2475355508928936,11.52324761904762,0.0063509300708723,-1.4347934936139428,0.008415162085290081,-1.9011954300737643
692,296,421,260,302,131.8673575984595,1.2473320782131825,11.53992380952381,-0.0122013885606332,-1.4270710938502416,-0.016089648685227713,-1.8820372585671583
693,296,421,261,302,131.55227098001768,1.246824256564333,11.5566,-0.0304518978464738,-1.4197094110177395,-0.04006016317355138,-1.8688798795075436
694,297,422,261,302,131.55227098001768,1.2460154289688137,11.573276190476191,-0.048501940336707,-1.412713265293168,-0.0638054039823113,-1.8615510688262338
695,297,422,261,302,131.55227098001768,1.244907140155853,11.58995238095238,-0.0664593520050562,-1.4060751935459714,-0.08742878684125535,-1.8555343093164622
696,297,422,261,301,131.24404748406687,1.2434990715815852,11.60662857142857,-0.0844358653901111,-1.3997758338562334,-0.11081704726618018,-1.8464793933426644
697,297,422,261,301,131.24404748406687,1.241789022786794,11.623304761904762,-0.1025443309269519,-1.3937843132302743,-0.1345833303739874,-1.8430597034485379
698,297,422,261,301,131.24404748406687,1.239772940195187,11.639980952380952,-0.1208958721409175,-1.3880587944061638,-0.15866863583890253,-1.8409269263483452
699,297,422,261,301,131.24404748406687,1.237444992757048,11.656657142857142,-0.1395970765303137,-1.382547023007181,-0.18321285340781407,-1.840086650083605
700,297,422,261,302,131.55227098001768,1.2347976923123694,11.673333333333334,-0.1587473139298999,-1.377187070700311,-0.20883569659456128,-1.844872973036507
701,297,422,261,302,131.55227098001768,1.23182205528629,11.690009523809524,-0.1784362579887691,-1.3719082096003568,-0.23473694963598896,-1.8466619883953141
702,297,422,261,303,131.8673575984595,1.2285078013212931,11.706685714285712,-0.198741671230547,-1.3666318705954168,-0.26207539029874016,-1.8542266369089442
703,297,422,261,303,131.8673575984595,1.2248435837096654,11.723361904761903,-0.2197274981273015,-1.36127274999475,-0.2897488456976771,-1.8587401940763848
704,298,423,261,303,131.8673575984595,1.220817245925034,11.740038095238097,-0.2414423000492931,-1.3557399636329468,-0.3183835811999469,-1.864649730091929
705,298,424,261,304,133.13526955694348,1.2164160981964236,11.756714285714285,-0.2639180534003847,-1.3499381540270663,-0.3513680118040402,-1.8899761619184474
706,298,424,261,305,133.46160496562297,1.2116272078034656,11.773390476190476,-0.2871693268192879,-1.3437685976367588,-0.3832607925419968,-1.9034758812205743
707,298,423,261,306,132.85330255586422,1.2064376965999115,11.790066666666666,-0.3111928477288375,-1.337130228195813,-0.41342997552540234,-1.9050781190511148
708,298,423,261,307,133.19534526401438,1.20083503916356,11.806742857142858,-0.3359674647726542,-1.3299206103761128,-0.4474930246786926,-1.921735445732498
709,295,421,261,308,134.48048185517482,1.194807354917698,11.823419047619048,-0.3614545093178146,-1.3220369212304552,-0.4860857658178548,-1.953579513944101
710,294,421,261,309,135.76818478568535,1.1883436876547475,11.840095238095238,-0.3875985508908043,-1.3133769542007545,-0.5262355168000659,-1.9871161738508654
711,293,420,261,309,135.76818478568535,1.1814342659753208,11.85677142857143,-0.4143285415989849,-1.3038402694024518,-0.562526339977945,-2.0032709843265755
712,293,420,265,310,134.73678042761748,1.1740707384647155,11.87344761904762,-0.4415593310185885,-1.2933293154454133,-0.5949428262921722,-2.0052928363295743
713,294,420,265,311,134.13426109685773,1.1662463778403684,11.890123809523809,-0.4691935268740285,-1.281750680423554,-0.6293492703867647,-2.014553408098443
714,295,419,265,312,132.60844618650805,1.157956248973552,11.9068,-0.497123661345365,-1.2690163444389204,-0.6592279629355668,-2.010540674809053
715,296,419,265,314,132.4009063413087,1.1491973365076549,11.92347619047619,-0.525234613888761,-1.2550446980593457,-0.695415389206993,-2.0269467886615526
716,297,419,265,316,132.23085872821065,1.1399686289004003,11.94015238095238,-0.5534062243070869,-1.2397615361773546,-0.7317738026566286,-2.044315502644416
717,297,419,264,318,133.41664064126334,1.1302711570594104,11.956828571428572,-0.5815160155933483,-1.2231007198676052,-0.7758391327955705,-2.0829827733511466
718,298,419,264,320,133.33041663476493,1.1201079871979014,11.973504761904762,-0.6094419391538712,-1.2050046516822848,-0.812571476620847,-2.101852858969222
719,298,419,264,321,133.75350462698165,1.1094841692888893,11.990180952380951,-0.6370650373765167,-1.185424554012157,-0.8520968142442816,-2.1283879745149714
720,292,417,263,322,138.2244551445221,1.0984066441658935,12.006857142857143,-0.6642719234235152,-1.1643206841408045,-0.9181862468301909,-2.2193012660315086
721,292,417,262,322,138.6542462386205,1.0868841140413663,12.023533333333331,-0.6909569749145337,-1.1416623774855257,-0.9580411854009206,-2.2449286034006235
722,291,416,262,322,138.6542462386205,1.0749268828133314,12.040209523809525,-0.7170241455988845,-1.117428154395998,-0.994184424429042,-2.262215822229852
723,290,415,261,324,139.97856978837868,1.0625466738690084,12.056885714285714,-0.7423883147652282,-1.0916057811668067,-1.0391845452844133,-2.2994926235083204
724,290,414,261,327,140.470637501223,1.0497564340872685,12.073561904761904,-0.7669761148387869,-1.0641923219085083,-1.0773762379961562,-2.321199580061869
725,291,412,261,328,138.31124321616085,1.0365701333680324,12.090238095238096,-0.7907261996115139,-1.035194106605928,-1.0936632371185864,-2.2965780136886944
726,291,410,261,331,138.06158046321215,1.0230025690946454,12.106914285714286,-0.813588948432695,-1.004626555892996,-1.1232537606802069,-2.3008701467938852
727,291,410,261,334,139.60659010233005,1.0090691845862492,12.123590476190476,-0.8355256272881818,-0.9725138740529772,-1.166448837688134,-2.3322913546463786
728,291,408,262,337,138.97481786280562,0.994785909644324,12.140266666666667,-0.8565070639075605,-0.9388885697030164,-1.1903291320475964,-2.3243439896531894
729,291,407,262,338,138.67948658687772,0.9801690299764326,12.156942857142855,-0.876511916121395,-0.9037907532904634,-1.2155422251499548,-2.3188096213755403
730,291,407,263,342,140.34600101178515,0.9652350904234512,12.173619047619049,-0.8955246448104415,-0.8672673290039674,-1.2568330270664474,-2.3426999644885025
731,292,407,263,344,140.6627171641441,0.9500008347908178,12.19029523809524,-0.9135333189186206,-0.8293710901270915,-1.2850007885907178,-2.340506945960973
732,292,406,264,346,140.42791745233566,0.9344831827486916,12.206971428571428,-0.9305273925889536,-0.7901597731335828,-1.3067202387361871,-2.3255438905519896
733,292,405,264,348,140.80127840328723,0.9186992417383624,12.223647619047618,-0.9464956059877648,-0.7496950968928154,-1.3326779132617133,-2.3169540696510023
734,292,403,265,350,139.8070098385628,0.902666349432911,12.24032380952381,-0.9614241530967312,-0.7080418357065614,-1.3441383603102661,-2.2821792036135395
735,292,403,265,351,140.41723540933285,0.8864021400101012,12.257,-0.9752952537950036,-0.6652669169797076,-1.3694826324573803,-2.2697993245061774
736,292,400,265,353,139.31259813814398,0.8699246255708393,12.273676190476191,-0.988086245643908,-0.6214386199417239,-1.3765286206521719,-2.2258712840762334
737,292,399,265,355,139.8177385026664,0.8532522825857883,12.29035238095238,-0.999769282370275,-0.5766257416360122,-1.3978548008544556,-2.203757362687803
738,292,398,265,356,139.70325694127536,0.8364041322676335,12.307028571428573,-1.010311698118937,-0.5308968667335783,-1.411438347530861,-2.1676728875100815
739,292,397,264,358,140.92906016858268,0.8193998035392215,12.323704761904764,-1.0196770511040956,-0.4843196324106353,-1.4370212848757205,-2.147844732304136
740,292,395,264,361,141.48498153514387,0.8022595676352478,12.340380952380952,-1.0278268246243534,-0.4369600681334659,-1.454220593033022,-2.1129198061550616
741,294,393,264,363,140.0071426749364,0.7850043344728218,12.357057142857142,-1.0347227196200548,-0.3888819291814195,-1.4486857143484324,-2.043450499651407
742,296,393,265,366,140.03570973148243,0.7676556027151036,12.373733333333334,-1.0403294315022362,-0.340146128517338,-1.4568327029496528,-1.9919119828468932
743,297,392,265,367,139.38794782907166,0.750235357772658,12.390409523809524,-1.0446177721055236,-0.2908102298453867,-1.4560712751956582,-1.926392342980228
744,297,390,265,368,138.77319625922004,0.7327659148875884,12.407085714285714,-1.0475679628397192,-0.2409281219797631,-1.453743545020277,-1.8572388195069127
745,297,388,265,368,137.44089638822936,0.7152697077011373,12.423761904761903,-1.0491729038134427,-0.190549807258471,-1.4419926436636112,-1.77479297239226
746,297,385,265,369,136.23509092741122,0.6977690261779297,12.440438095238097,-1.0494412107006352,-0.1397214530176968,-1.4297071876277356,-1.6907432904952107
747,297,382,265,369,134.31678971744373,0.6802857113307753,12.457114285714283,-1.0483998052262646,-0.0884856463043494,-1.4081769617838513,-1.5951835319350367
748,297,380,265,370,133.843191832831,0.6628408175966948,12.473790476190477,-1.0460958549848465,-0.0368818638736444,-1.4001280819426616,-1.5140320467840274
749,297,377,265,372,133.60014970051492,0.6454542568241184,12.490466666666666,-1.0425978761396557,0.015052798452822,-1.3929123232969691,-1.432136868651087
750,297,374,265,373,132.6386067478093,0.6281444404340382,12.507142857142856,-1.0379958429231328,0.0672828334729881,-1.3767832241534224,-1.3398522503785404
751,297,372,265,374,132.31024147812596,0.6109279382177846,12.523819047619048,-1.032400190009504,0.1197733129889002,-1.3659711844222058,-1.2517565507030268
752,298,371,266,377,132.85330255586422,0.5938191733343944,12.540495238095238,-1.0259396417795328,0.1724888824533597,-1.3629946963339123,-1.169193113623226
753,298,369,266,379,133.4541119636259,0.5768301732455451,12.55717142857143,-1.0187578579835286,0.2253926301260672,-1.3595742524315753,-1.0842812202105458
754,299,366,266,381,133.09395177843356,0.5599703954379167,12.57384761904762,-1.0110089490582526,0.2784449752874511,-1.3455917631352388,-0.9898118931702474
755,299,364,266,383,133.843191832831,0.543246644956382,12.590523809523807,-1.0028519706231491,0.331602493150635,-1.3422490868404675,-0.9022497807750305
756,299,361,266,385,134.18271125595876,0.5266630978713033,12.6072,-0.9944445710641188,0.3848166105160322,-1.3343726873915243,-0.8106023133990449
757,299,360,266,386,134.6142637315972,0.5102214410599327,12.62387619047619,-0.9859360166727004,0.4380323509727932,-1.327210509708593,-0.7188906190600033
758,297,358,266,386,134.6142637315972,0.4939211340821632,12.64055238095238,-0.9774598701689364,0.4911869640233748,-1.3158004074997396,-0.624934380317278
759,296,356,266,387,135.05924625881784,0.4777597938121115,12.657228571428572,-0.9691266295576468,0.5442086284306177,-1.3088951211740436,-0.5334810455940057
760,295,355,266,388,135.95587519485872,0.4617336969022539,12.673904761904762,-0.9610166622130376,0.5970152254312184,-1.3065586138801544,-0.44394732331522724
761,295,354,265,388,136.41847382227965,0.4458383894929167,12.690580952380952,-0.953173773832328,0.64951325436574,-1.3003051151362894,-0.35336066484877326
762,297,353,265,389,136.0588108135596,0.4300693879921507,12.707257142857143,-0.9455997473331992,0.7015969570108851,-1.286571771277575,-0.2619974654329703
763,297,352,265,389,135.6502856613284,0.4144229495496987,12.723933333333331,-0.93825016359649,0.7531477151028408,-1.27273902713652,-0.17250057343770608
764,298,351,265,390,135.77186748365804,0.3988968862679621,12.740609523809525,-0.9310317787449172,0.8040336770018944,-1.2640792328682933,-0.08524639818888202
765,299,350,265,390,135.00370365289984,0.3834913934655438,12.757285714285716,-0.9238016814699732,0.8541097223188403,-1.2471664843922283,0.0009452630353972147
766,299,348,265,390,134.2609399639374,0.3682098595590324,12.773961904761904,-0.9163683953076516,0.9032176087797286,-1.2303248210725026,0.08523766947407974
767,299,346,265,390,133.5440002396214,0.3530596236336617,12.790638095238096,-0.9084950155133742,0.9511864685111876,-1.213240585694129,0.16802943506618395
768,299,345,265,390,133.19534526401438,0.3380526465313505,12.807314285714286,-0.8999043950557855,0.997833501561475,-1.1986307660405933,0.25041468315579807
769,300,343,265,390,132.18925826253812,0.3232060624672845,12.823990476190476,-0.8902863088103525,1.042964997835484,-1.1768628680293345,0.33094279582282193
770,300,341,264,390,132.5028301584536,0.3085425807080917,12.840666666666667,-0.879306444726012,1.086377621996377,-1.1651059250276445,0.4149959466880371
771,300,339,264,390,131.89768762188365,0.2940907107941144,12.857342857142855,-0.8666169851328502,1.127859995871019,-1.1430477639287127,0.4970366471273995
772,300,337,263,390,132.2800060477773,0.2798847899591648,12.874019047619049,-0.8518684681151955,1.167194604802675,-1.1268516611418884,0.5840356954523048
773,300,335,263,390,131.73458164050928,0.2659647977386474,12.89069523809524,-0.8347225489173737,1.2041599832407568,-1.0996182576752977,0.6684189613218317
774,300,334,263,390,131.47243057006287,0.2523759500238937,12.907371428571428,-0.8148652256134458,1.2385331824174344,-1.0713231179842235,0.7553457240998368
775,300,332,262,391,132.90974381135493,0.2391680727260866,12.924047619047618,-0.7920200549798622,1.27009244466829,-1.0526718260082872,0.8543394168651633
776,300,329,262,392,133.19534526401438,0.2263947635800814,12.94072380952381,-0.7659608568421146,1.2986200814672355,-1.0202242078580575,0.9482496927560841
777,300,327,262,392,132.7742444904131,0.2141123589693551,12.9574,-0.7365234061257936,1.3239055511258335,-0.9779133879785794,1.0375494938639673
778,302,324,261,392,132.83448347473634,0.2023787307821209,12.97407619047619,-0.7036156251625338,1.3457485527106463,-0.9346441813321889,1.1299878889093544
779,303,322,261,392,132.3706916201619,0.191251945792337,12.99075238095238,-0.6672258274856102,1.3639622270651428,-0.8832114425110504,1.2161847478296972
780,303,320,261,391,131.10682667199293,0.1807888265689576,13.007428571428571,-0.6274286227611867,1.3783762936016462,-0.8226017569339815,1.2910215307061303
781,304,318,261,390,129.75746606650424,0.1710434581281385,13.02410476190476,-0.5843881703518025,1.3888401235866212,-0.7582872818409051,1.3589896348448576
782,304,315,260,390,130.4645545732633,0.1620656882465626,13.040780952380953,-0.5383585594320193,1.3952256720103569,-0.7023670965700209,1.4421496199782453
783,304,313,260,389,129.31357237351384,0.1538996712626159,13.057457142857142,-0.4896812012075407,1.39743015255154,-0.6332242545230051,1.496988838100466
784,304,312,261,389,128.2497563350512,0.1465825051959706,13.074133333333334,-0.4387792330084273,1.395378497792295,-0.5627332971821145,1.5426538388444442
785,304,310,261,389,128.14054783713078,0.1401430100942574,13.090809523809524,-0.3861490495030756,1.3890254529957646,-0.4948135075011144,1.5888330594631221
786,304,307,261,389,128.03515142334936,0.1346006916032886,13.107485714285714,-0.3323491956320553,1.3783573046994633,-0.42552379588178557,1.6233593709431442
787,304,306,261,389,128.01562404644207,0.1299649280629373,13.124161904761904,-0.2779869627280859,1.3633932069660082,-0.3558667451041094,1.6464300064969135
788,304,303,261,389,128.00390619039715,0.1262344120981842,13.140838095238095,-0.2237031275266013,1.3441860025431196,-0.2863487415041352,1.6565534806819628
789,304,301,260,389,129.0348790056394,0.1233968690014221,13.157514285714283,-0.1701553541747714,1.32082258886993,-0.21955975538103345,1.666962561488082
790,304,299,260,389,129.0968628588627,0.1214290645179503,13.174190476190477,-0.1180008399569044,1.293423759823638,-0.15233538253147091,1.6517937943095975
791,304,299,260,389,129.0968628588627,0.1202971043780653,13.190866666666668,-0.0678788204956743,1.262143551344474,-0.08762942780551422,1.6234395473610055
792,304,297,260,388,128.191263352851,0.1199570174882981,13.207542857142856,-0.0203935599232187,1.2271681090788584,-0.026142762108194766,1.5725891585058693
793,304,296,260,388,128.2497563350512,0.1203556045661462,13.224219047619048,0.0239015666328117,1.1887141649051192,0.030653700966840905,1.5237903485348525
794,304,295,261,387,126.3210196285638,0.1214315245634794,13.240895238095238,0.0645183322215768,1.1470270761527073,0.08150021510964003,1.4436780400572293
795,304,295,261,387,126.3210196285638,0.1231165829789883,13.257571428571428,0.1010457644936856,1.1023785758384737,0.12764203999990095,1.379638169652677
796,304,294,261,387,126.39620247459968,0.125337179361827,13.27424761904762,0.1331596917179084,1.055064045615916,0.16830879355832024,1.311148940269757
797,303,291,261,387,126.57013865837392,0.1280158663023274,13.29092380952381,0.1606294281853436,1.0053994948288094,0.20330888998034255,1.2398781439328757
798,303,288,261,386,125.89678312014172,0.1310729691715252,13.3076,0.1833214170564113,0.9537181828799776,0.23079576684428063,1.1583907052492473
799,303,285,260,385,126.28935030318272,0.134428214957872,13.32427619047619,0.2011997758803046,0.9003669619053066,0.2540938897706964,1.0859439528602974
800,303,283,260,383,124.61540835707277,0.1380023196243419,13.34095238095238,0.2143238092400563,0.8457023523909766,0.2670804900909298,0.9966337319073968
801,303,282,260,382,123.79418403139948,0.1417184866062817,13.357628571428572,0.2228426802419633,0.7900864276447149,0.27586627767923916,0.916606265539193
802,303,281,260,382,123.96773773849388,0.1455037739658574,13.374304761904762,0.2269875344120188,0.7338826904487423,0.281391311358965,0.8459054490333636
803,303,279,260,381,123.3572048969982,0.1492902941621275,13.390980952380952,0.2270614623691381,0.6774519963227454,0.28009667337681815,0.7720866869209827
804,303,278,260,381,123.5556554755791,0.1530162180564439,13.407657142857143,0.2234277606528995,0.6211486713781029,0.27605763418909796,0.7057853733810584
805,303,278,260,382,124.53513560437472,0.156626563188536,13.424333333333331,0.2164969953567516,0.5653168489968485,0.26961482674692744,0.6456473045982627
806,303,278,260,382,124.53513560437472,0.1600737551986228,13.441009523809525,0.2067133986631119,0.5102870539920892,0.2574308113375181,0.5822722767284364
807,303,278,260,382,124.53513560437472,0.163317960073377,13.457685714285716,0.1945411261274656,0.4563730806571978,0.24227205522911696,0.5212129564048157
808,303,278,260,382,124.53513560437472,0.1663271932684386,13.474361904761905,0.1804508769168863,0.4038691266466006,0.22472474426772768,0.46240718736551345
809,303,278,261,381,122.57650672131264,0.1690772194135817,13.491038095238094,0.1649073359451886,0.3530472069696223,0.20213765172879172,0.3994189517397142
810,303,278,261,381,122.57650672131264,0.1715512628102496,13.507714285714286,0.148357827898421,0.3041548641548724,0.18185184288550146,0.3458432630941786
811,303,278,261,381,122.57650672131264,0.1737395542172418,13.524390476190476,0.13122250013374,0.2574131890317796,0.1608479566963083,0.2944212239359914
812,302,278,260,381,123.3572048969982,0.1756387431755642,13.541066666666667,0.113886259636688,0.2130152561510156,0.14048690664955657,0.2467701376658273
813,302,278,260,381,123.3572048969982,0.1772512073777536,13.557742857142856,0.0966925992175315,0.1711249706281527,0.1192772877370036,0.19956174966879006
814,302,279,260,381,123.1665539016173,0.1785842913515274,13.574419047619047,0.0799393587928332,0.1318763636779495,0.09845855343618216,0.1545568589235362
815,302,279,260,381,123.1665539016173,0.1796495060199013,13.59109523809524,0.0638763793142497,0.095373364588816,0.07867433515848689,0.11244265482919012
816,302,279,260,381,123.1665539016173,0.1804617187658015,13.607771428571429,0.0487049333635226,0.0616900746244482,0.059988188003929854,0.07305981831493906
817,302,279,260,381,123.1665539016173,0.1810383606261443,13.624447619047618,0.0345787523335167,0.0308714418767684,0.042589457631367594,0.036550600791902546
818,302,279,260,381,123.1665539016173,0.1813986734315569,13.64112380952381,0.021606421798016,0.0029343427613835,0.026611885150064168,0.0030391412434649695
819,302,279,260,381,123.1665539016173,0.1815630153908433,13.6578,0.0098548861936469,-0.022130979048186,0.012137923715641152,-0.02737758209518445
820,302,279,260,382,124.1491039033307,0.1815522389947574,13.67447619047619,-0.0006462144997312,-0.044359178635987,-0.0008022695107096761,-0.05507204121364608
821,302,279,260,382,124.1491039033307,0.1813871505286726,13.69115238095238,-0.0098996510216426,-0.0638079064375882,-0.01229032803292621,-0.07933861402020888
822,302,279,260,382,124.1491039033307,0.1810880561049766,13.707828571428571,-0.0179354166122696,-0.0805556868709383,-0.02226665900546182,-0.10040852519926921
823,302,279,260,382,124.1491039033307,0.1806743951399649,13.72450476190476,-0.0248054833387964,-0.0946997153460512,-0.030795785284005728,-0.11833275233989507
824,302,280,260,382,123.96773773849388,0.180164458796932,13.741180952380953,-0.0305787070350916,-0.106353576030372,-0.03790773134108473,-0.13300329161988525
825,302,280,260,382,123.96773773849388,0.1795751881428558,13.757857142857144,-0.035336047217593,-0.1156449111699583,-0.04380529834185606,-0.1449102862776767
826,302,280,260,382,123.96773773849388,0.1789220446058362,13.774533333333332,-0.0391662315174464,-0.1227130553906235,-0.04855349116959928,-0.15402625595366967
827,302,280,260,382,123.96773773849388,0.1782189439152167,13.791209523809524,-0.0421619488949495,-0.1277066757041915,-0.052267214231528816,-0.16051876442683208
828,302,280,260,382,123.96773773849388,0.1774782438324545,13.807885714285714,-0.0444166240377105,-0.1307814372071198,-0.055062283999361784,-0.1645724698546126
829,302,280,260,382,123.96773773849388,0.1767107757280434,13.824561904761904,-0.0460217881000344,-0.1320976624340318,-0.05705216957441603,-0.1663841265837025
830,301,280,260,382,123.79418403139948,0.1759259102346642,13.841238095238095,-0.0470650352968678,-0.1318180894815814,-0.058263776409847645,-0.16592531497276203
831,301,280,260,382,123.79418403139948,0.1751316477832315,13.857914285714283,-0.0476285307826611,-0.130105741255133,-0.05896135104853923,-0.16387158328819842
832,301,280,260,382,123.79418403139948,0.174334725697503,13.874590476190477,-0.0477880177050203,-0.1271219231312556,-0.0591587865827106,-0.1601966286059828
833,301,280,260,382,123.79418403139948,0.1735407345582525,13.891266666666668,-0.0476122613485445,-0.1230243966614588,-0.058941210435328066,-0.15510337232205157
834,301,280,260,382,123.79418403139948,0.1727542377140505,13.907942857142856,-0.0471628604461507,-0.1179658024658009,-0.05838487825517991,-0.1487884004639453
835,301,280,260,382,123.79418403139948,0.1719788890240017,13.924619047619048,-0.0464943995374264,-0.1120923269011029,-0.05755736252765579,-0.14143987645871056
836,301,280,260,382,123.79418403139948,0.171217545062148,13.941295238095238,-0.0456547587273529,-0.1055425751858242,-0.05651793603803066,-0.13323588249060161
837,301,280,260,382,123.79418403139948,0.1704723691432307,13.957971428571428,-0.0446855697663739,-0.0984467993626004,-0.055318136472064315,-0.12434333442262836
838,301,280,260,382,123.79418403139948,0.169744925542913,13.97464761904762,-0.0436228428236778,-0.0909263004544394,-0.05400254232487184,-0.11491721613342883
839,301,280,260,382,123.79418403139948,0.1690362631919595,13.99132380952381,-0.0424976077993192,-0.0830930160933827,-0.05260956680803159,-0.10510010199658236
840,301,280,260,382,123.79418403139948,0.168346988918608,14.008,-0.0413365538649898,-0.0750493817830507,-0.05117224956386405,-0.09502205424942675
841,301,280,260,382,123.79418403139948,0.1676773310059975,14.02467619047619,-0.0401626262090042,-0.0668881986862796,-0.04971899540101774,-0.08480054520475937
842,300,280,260,382,123.62847568420472,0.167027194317255,14.04135238095238,-0.0389955517009132,-0.0586926349413424,-0.04820960615248496,-0.07444077010607643
843,300,280,260,382,123.62847568420472,0.1663962086565754,14.058028571428572,-0.037852269671838,-0.0505363308223781,-0.04679618400716784,-0.06424863723908524
844,300,280,260,382,123.62847568420472,0.1657837722347428,14.074704761904762,-0.0367472566298625,-0.0424835527641852,-0.04543007322726187,-0.05419119925845262
845,300,280,260,382,123.62847568420472,0.1651890921419337,14.091380952380952,-0.0356927447038132,-0.0345894465182367,-0.044126396207178974,-0.044337397672621404
846,300,280,260,383,124.61540835707277,0.1646112236245095,14.108057142857144,-0.0346988413317743,-0.0269003759809289,-0.043240102820763286,-0.035022394845169745
847,300,280,260,383,124.61540835707277,0.1640491096977756,14.124733333333332,-0.0337735665980686,-0.0194544340207231,-0.04208706793293111,-0.025664652790231668
848,300,280,260,383,124.61540835707277,0.1635016222386056,14.141409523809523,-0.0329228316549389,-0.0122820393246074,-0.04102692110951373,-0.01665603587594475
849,300,280,260,383,124.61540835707277,0.1629676052121536,14.158085714285717,-0.0321503871492045,-0.0054066065027142,-0.04006433623436103,-0.008025548692427959
850,300,280,260,383,124.61540835707277,0.1624459201659215,14.174761904761905,-0.0314577714996882,0.0011546544699529,-0.039201230414371305,0.00020569403396308037
851,300,280,260,383,124.61540835707277,0.1619354935983601,14.191438095238096,-0.0308442876057094,0.0073899831854746,-0.038436734954684755,0.008023504016531468
852,300,280,260,383,124.61540835707277,0.161435365271349,14.208114285714286,-0.0303070368689714,0.0132922737492918,-0.03776723775519731,0.01541960814553399
853,300,280,260,383,124.61540835707277,0.1609447361365257,14.224790476190476,-0.0298410298810753,0.018858302141553,-0.03718652124425809,0.022390666131283724
854,300,280,260,383,124.61540835707277,0.1604630141844825,14.241466666666666,-0.0294393897308837,0.0240880821205971,-0.03668601573097087,0.028937447985191725
855,300,280,260,383,124.61540835707277,0.159989856299111,14.258142857142856,-0.0290936546953901,0.0289842647698479,-0.03625517660465705,0.03506406431318486
856,300,280,260,383,124.61540835707277,0.1595252041590992,14.274819047619047,-0.0287941749579755,0.0335516202905262,-0.035881978706931154,0.040777296662727974
857,300,280,260,383,124.61540835707277,0.1590693122728899,14.291495238095235,-0.0285305919677852,0.037796633839224,-0.03555351368734573,0.04608606681194181
858,300,280,260,383,124.61540835707277,0.158622766468867,14.308171428571429,-0.0282923770624531,0.0417271041094728,-0.03525666121029872,0.05100090642867549
859,300,280,260,383,124.61540835707277,0.158186491490943,14.32484761904762,-0.0280694005632034,0.0453519080476225,-0.0349787981352184,0.05553363151519204
860,300,280,260,384,125.60254774486066,0.1577617468125481,14.34152380952381,-0.0278524947305634,0.0486807385701499,-0.03498344299209069,0.060169871743529155
861,300,280,260,384,125.60254774486066,0.1573501102843452,14.3582,-0.0276339738962834,0.0517238605104147,-0.03470897525688169,0.06400733967686334
862,300,280,260,384,125.60254774486066,0.1569534497993061,14.37487619047619,-0.0274080737531614,0.05449197679439,-0.03442523892176117,0.06749978168295426
863,300,281,260,384,125.4472000484666,0.1565738836932243,14.391552380952382,-0.0271712769597365,0.0569959879451861,-0.03408560616340356,0.07057372157179118
864,300,281,260,384,125.4472000484666,0.1562137311039574,14.408228571428571,-0.0269224990983852,0.0592468444818631,-0.03377352130199789,0.07341423992276436
865,300,281,260,384,125.4472000484666,0.1558754539610923,14.42490476190476,-0.026663117601,0.0612553692206204,-0.03344813447608438,0.0759513140235486
866,300,281,260,384,125.4472000484666,0.155561592612169,14.441580952380953,-0.0263968381027457,0.0630319968390447,-0.03311409430122125,0.07819776778303116
867,300,281,260,384,125.4472000484666,0.1552746973415782,14.458257142857144,-0.0261294038879704,0.0645865514699077,-0.032778605566814036,0.0801655350031212
868,300,281,260,384,125.4472000484666,0.1550172581678244,14.474933333333333,-0.0258681665495078,0.0659280014903206,-0.032450890640231565,0.08186538687375715
869,300,281,260,384,125.4472000484666,0.1547916353265576,14.491609523809524,-0.0256215452399535,0.0670642450162543,-0.032141511112672834,0.0833067024254805
870,300,281,260,384,125.4472000484666,0.1545999927684222,14.508285714285714,-0.0253984116323843,0.0680019340673978,-0.031861596249610144,0.08449728832954244
871,300,281,259,384,126.43575443678895,0.1544442368484178,14.524961904761904,-0.0252074433680572,0.0687463601158778,-0.03187122119662945,0.08611658705695702
872,300,281,259,384,126.43575443678895,0.1543259621491123,14.541638095238095,-0.0250564917979251,0.0693015327006029,-0.031680364440098745,0.08682811691451667
873,300,281,259,384,126.43575443678895,0.1542464061034651,14.558314285714284,-0.024952009426234,0.0696702310767112,-0.03154826136519766,0.08730088976472831
874,300,281,259,384,126.43575443678895,0.1542064137670264,14.574990476190475,-0.0248985790916406,0.0698541665959314,-0.03148070631855639,0.08753681768496399
